0,1,2,3,4,5,6,7,8,9,10,11,12,13,14,15,16,17,18,19,20,21,22,23,24,25,26,27,28,29,30,31,32,33,34,35,36,37,38,39,40,41,42,43,44,45,46,47,48,49,50,51,52,53,54,55,56
3.1103040263785506,-0.4867957837600913,0.44364762126464113,0.22540216747785843,-1.3408267746620275,4.539136786705815,-0.8714196744890957,-0.8275528034263586,2.1176367923287387,-0.982323844405668,-1.0145116913341388,1.9933706926790677,2.0671186462202726,0.8860591833794061,-1.369916890165567,1.6375223150169635,1.6362034074095901,1.068480722832081,-2.508939691631428,0.5047554114020145,2.3211224371979724,-0.6843266524076482,2.9824422927648535,-1.4125912932278921,2.3415413139802568,-4.60322430401768,-5.439426206501572,0.8112470377270975,-2.414941918260706,-1.264905733967238,-1.4835025458655773,-1.8251803046754196,-2.5454645847119948,2.9996623050161206,-1.6383445323885422,1.2244052376904653,3.068132412238451,-1.0009144008077415,2.9576413646900632,-0.9080597855593066,-1.5987909195181396,-1.0077000943162402,0.14706732617626941,3.348747971662913,3.235681507667126,3.248135546069534,3.336545056359764,-6.075910602436252,0.03177266962620486,-5.192134199279981,2.034899601130234,-3.781664351365025,-2.9040979252890806,-0.17436124038535594,-0.3818844144171924,0.0,0.0
2.862082137343847,-1.5575363303373702,1.2120919972121615,-0.3197882687716449,1.1956606214027399,4.398123700218608,-1.4879463304492357,-1.8649397698702939,1.3097166010686525,-2.405488266653251,-1.0805627360324022,2.9160471072224103,2.3489821621291087,1.7017385594181378,1.3279768788819357,2.038104344726935,0.5120644130730645,-1.0582396304082606,-2.6457209396664854,0.42676774583509264,0.340287791214168,-1.3908217765174369,3.7333964760185685,-1.0850060270608197,1.190018784867095,-6.918123790899262,-6.790655687944846,-0.3154035995513543,-0.2902648450114662,-1.7840414063764938,-3.8333758254965793,1.703660502705353,-0.35409420681011433,4.253667433722744,0.23919552264505983,-3.5425021542179502,1.5183302975144832,-1.874358011813712,3.4556440944719564,-1.9409751615022695,-6.396446780031361,0.8872131023990285,0.519707505479959,6.58439809781628,5.82288520740181,1.132865248988071,4.519243812389097,-8.85368561445422,8.123520719336312,-8.712936935792989,4.844068276399644,-6.208730365433929,-3.95969445010387,-1.188469774937902,-4.6717162692009815,0.0,0.0
3.1395585018048973,-0.5184664140811236,0.5523218677261378,1.2227982022191364,-1.2503803955714499,2.1241054192005944,-0.9046909995373832,-4.9681824165069175,3.126469469584755,0.2902951469563908,0.2952431421672522,1.9563061919341886,1.9165633660387786,0.13357943906488925,1.4615333158708914,-0.7618834730753933,2.3322951019730063,0.5287006735647128,-0.054832197383717945,1.538821833844705,0.09776579371819072,-2.089050288337002,2.63619708682504,-0.2720652085614338,2.6983953622086925,-7.684375650457534,-5.200881248944492,0.2458179823032742,-0.5517051752637196,-3.924802872184363,-0.7732616354667793,-3.5769182178187053,-0.030120111120761447,5.398726009274298,-0.6270592858211954,-0.9569856138048051,2.824107293162405,0.15671252385018108,5.423673875277056,-5.289374574131,-4.579841498205914,1.2591450589603792,1.9917288263749198,3.1740005424466844,0.6597295380316099,0.5522992641962603,-0.1788025170641412,-17.676277089628446,6.237287376290646,-14.876713730245777,6.9188020920732844,-8.915054439273034,-2.2607651370000887,-2.8640514033098388,1.2838710798340638,0.0,0.0
2.935141079635058,-1.4354727068963151,1.109830321744815,0.05059634673935546,0.04007735625526162,4.132978765914482,-0.7187925728709266,-2.0272059618876255,1.5915815077082047,-0.8791539428348267,0.4389713027015337,2.6414800481960463,1.921459458028157,3.463349063551686,-1.4384394801543212,-0.5100189404710546,3.871315039290718,-2.500991868001897,-2.2019709092339856,1.0036396036088724,1.3967066692729257,-1.55984947553874,1.9584359302626133,0.9928662996167653,2.136682687324284,-7.901961044582981,-5.7079290200248725,0.0028628095333122854,-2.045227379637812,-3.0413826236523493,-0.8261007711555747,-2.3824295925862304,-0.7620190171914469,4.710170820146513,1.070481254488753,-0.37908521024584896,4.044621341403354,-0.24977655734922824,5.252449677903983,-5.1387443022245565,-4.605778390527568,0.6353368564126641,3.337190181340247,2.9658508467342073,-1.335451556805696,-5.851831913713201,-2.0757875614031773,-23.379456408929993,8.71712890843068,-18.94561531050194,10.845954979659362,-9.834983313823242,-2.7699976539159823,-0.41495587043257487,-1.453107145644555,0.0,0.0
3.02789253044625,-1.23773531882879,0.6495923323052704,1.4915984603053207,-1.5173172058774058,1.9892299089074832,-0.5686774147912628,-0.953644306769437,0.24161725344664775,1.126631205963562,0.733511882952693,2.640852227765035,0.24312441207981522,0.09391563074915056,2.115586319463853,-3.427124481616879,1.4272343178653293,-0.7133107995847712,-1.290851137037886,3.4442364931258824,1.3604335047240286,-3.1507719616223295,0.795719824185014,1.071255163639632,1.2918717947289697,-3.7988270262354713,-1.8574972527698161,-0.9678963540956259,-5.8930022587219915,-1.9881324189724159,-6.1412218945658195,-4.959864570300402,-2.983021728442694,4.604182905310551,-6.253231803234176,5.20604504836594,2.904954225066968,-0.6801589762607966,10.273937574241303,-2.009028899109856,-1.3459912771190152,-6.281737105747436,3.961584678259622,7.5101369059711205,-2.107388160920342,-8.510091333232097,-6.613647671156935,-25.53073360325228,4.273976243964556,-24.861142429721607,9.68341936949149,-15.716769301459138,-2.7109129975074633,-2.5658684359075363,4.366209809180662,0.0,0.0
3.290534412721779,-0.8382595926020416,0.5250396466772673,1.8774464561562756,-1.5689157635170066,0.6955417202890884,-0.8123866637105974,-2.448956006274727,-1.335890035055289,1.3244086756190652,0.6522475308412858,3.8076631050808767,-0.0192501504682235,-2.094538105763164,-0.2785305698687603,-0.2291364829650221,1.3386670106901752,-0.17360086733901484,-0.588660239792304,2.666671222895417,2.030714119343986,-3.8811454221518606,1.3204838702382085,1.0680230684665595,3.2979991083950426,-2.399144960484259,-2.002729136022914,-0.8584296337720801,-5.905401260967129,-2.782741551979267,-3.958907242187161,-8.248574810099365,-4.174302684879964,8.158630215043116,-13.444990447789918,10.227043675728147,4.847306301383295,-0.9499160230821005,8.560421097116249,-5.769026868441328,2.724817278226805,-6.202346663829314,1.3238816343415076,5.147143045933561,-2.234025458070892,-3.0456916786021027,-1.7795353677279455,-26.798757461829723,3.2020876983453403,-29.327244236045765,5.471803267438915,-24.990478949154316,-1.1450876192783828,-1.791862243661417,8.228443878698744,0.0,0.0
3.9217505758617857,0.4593818454154023,0.37282587027431946,3.5162229883168927,-0.2501653009857209,0.35351068732348495,-2.1292972449991856,-1.4301505466864877,-0.9159267806015905,3.556244316490843,-1.7749864214453297,2.9471699129921984,0.4534129063385187,-3.590592799843516,2.1942365091657368,-0.5852631467520236,0.9145712364256706,-0.11656745987529933,-2.205278957183254,2.246034577380638,4.6608171545829,-5.955507150857622,2.212902797891889,-0.17987938298559758,3.3062534256041145,3.080449394396132,-2.910472076373495,3.4270244241798857,-5.857759356369584,-1.3917502650640075,-5.020926089119598,-5.490649024400915,-2.4033423382806287,8.249741192939155,-15.163277526008773,10.268900672510355,5.0160487403995,-3.7984559636678283,9.809259108255064,-5.078963963886238,-2.5367344852687412,-10.877628513720099,-1.349505847838743,5.192853909038294,-1.8733673289550994,-5.325046519045254,-5.775337018781275,-22.255681969752356,3.7527498792933085,-41.62189303508441,-0.6258156452161218,-36.486499270089105,-2.1954266774018114,-5.102583324761424,8.216660266603336,0.0,0.0
3.950137527635023,-0.464096499013782,1.3378383339410995,1.7141405515619845,1.6931199077082415,2.960048563003874,-1.9616592853161012,1.2159937749592953,-2.85052220631304,1.1732669162192897,-0.6347105247562571,4.022929115971206,2.2068108709086975,-2.769206096683082,-0.6083512207638612,2.064444373729359,1.3298904340734408,-1.2975577875713946,-3.901679645354189,1.4787058986705246,5.801094962913921,-4.755403668597371,4.55308772661157,-1.7478222293554926,3.733300460825456,4.828949925617414,-4.859230932016286,7.143780289008923,-5.271618261818017,0.4573215827945038,-7.914200854538402,-0.3089825794988819,-5.767780593297688,9.400760244585683,-17.340534272644977,11.69496672138505,9.384823164639013,-9.82968387497127,4.3522771285582005,-0.8667844865971179,-1.9298550964563943,-11.514713774985749,-5.881275898718302,6.877947192901438,5.455591222120002,-7.49205663101931,4.90892367922931,-17.440277366269196,4.162827671342344,-38.00266415043677,-6.352903742396782,-41.176236113447544,-5.303891494763809,-1.275780417379337,3.6918771977313276,0.0,0.0
4.0651078667350715,-0.19612511288480927,0.9277267801371618,2.0528614350240773,-1.1322437489593418,2.836432619733547,-0.9470683861908731,-0.469120315595477,0.04558152410344671,2.9247872763113403,1.680339956031161,3.307219072725617,0.1569499982336886,-3.9305217234346386,-0.2274095147563307,-1.8444081797429888,1.188226456122565,2.0488796050701206,-1.3943313632527665,1.5125441168424663,4.59552707099583,-4.39297819099028,5.448667914486889,-1.8868802314944468,5.55056798946465,2.4127828360678176,-4.778961967397692,6.129155443165347,-7.003634116467425,-1.2927013438385808,-5.5411210984098584,-0.7416259958206034,-7.147528473942209,12.032849539462973,-17.8656381679139,11.145227064417861,6.422414200602965,-5.082019698235501,10.9619587547009,1.6081107642739414,1.759099253483256,-12.884070699163274,-4.646602861418121,7.553818675824681,5.562846356024635,-6.873291673316914,3.3973576757866994,-17.469359102749713,1.0926821534562459,-42.34685070530385,-10.69268932954628,-50.16643165580107,-4.671863727067619,-5.744399131000835,10.757773648247651,0.0,0.0
4.128275586197603,-0.39247552952480896,1.0027052283228721,0.8229601502225025,-1.2806888155426666,3.5997938759288592,-1.4059631228283012,-2.3882318764682204,0.864065967904181,1.6138993579410874,1.059539059448933,4.007362488271395,2.0394276859779814,-3.328497712153076,-4.520032910331043,-0.4134565791786709,2.221242948628105,0.2492725230194042,-1.156870580723786,1.6214809139472757,3.8887039726863883,-1.4706466356248542,4.7220786650300335,-2.601467560998351,5.2601251820033585,-4.7396146928010685,-5.532389500899024,1.1334688580393526,-6.128480216104991,-5.35479561589318,-6.189627520839925,-6.301610108715116,-11.070529954238102,8.102858014304672,-9.882915520073954,10.351973649362039,4.285454271084963,-0.40851361049373014,18.189643610449604,-0.09275259972299087,3.907197734034751,-10.139393292492556,2.8864039882376065,6.09435114427124,-4.018110498552144,0.7127793626515484,0.41493989491789907,-26.483927734690248,-13.397372161392344,-39.61494698921851,-13.681007464213195,-56.68051090992754,-1.9032592280101526,-5.779748752319142,19.034585223678395,0.0,0.0
4.509583860179666,0.47276289550645445,0.6308015373214534,2.34183586050759,-1.2956496260917294,2.3599467256408277,-1.84135519255126,-2.4669727879220638,0.7717303267409414,4.392979761221216,-0.14385731128058218,4.814039476629148,0.605738002415752,-4.238467141976543,-2.324601954982821,-4.313587240831054,0.714412899552719,3.2577291980207916,-2.2128734731304385,0.44849326738384315,3.903101190647129,-3.9320275984573256,3.2907360564523747,-3.064858821015501,6.224172900560217,-0.4626599037827934,-4.945228081591012,2.2413081918341535,-9.140413977373047,-3.646312760655732,-4.061807733009504,-8.819739456436018,-8.72373805613252,10.859371959555904,-16.05074971686915,14.700953665832131,8.953089652810458,-4.024712773091978,15.876171602219621,-8.011686257127682,0.7693170745670036,-14.180878654821754,5.425333445001379,11.6887412314101,-7.201503674396066,-7.761176714721149,-5.863829859957844,-25.731500641310735,-12.045590256210286,-57.26746346606885,-20.859946758844863,-72.46103760285803,-4.140725868543133,-7.937180282355541,20.908166983664447,0.0,0.0
4.501580748271008,-0.09498642114612113,0.8168471028570612,0.806099932040557,-1.8963992431402388,4.7480909543517775,-1.6532243849226995,-0.8846379045169401,1.1438001357029426,3.0153544873035436,-0.263819286936895,5.2448531974661465,2.3055777391888483,-3.2902235174336534,-5.1364485119293075,-2.309786036724912,3.283203639080478,-0.9404067827502596,-3.0314262596291157,-1.139103825929286,4.519459444265024,-1.9218137308708982,3.8646600839528675,-3.277058486517578,6.022283666467618,-2.722261602917136,-5.861023992862586,1.9318400330354393,-8.557949740498232,-6.473706096112711,-3.0021158829489933,-9.731676345461757,-4.272190243745444,12.616345485078408,-12.294366885548039,11.929811698008482,5.48271200864498,-1.4917627496755548,15.999870325363652,-7.438550312089527,0.11519736308372354,-10.788167079164644,8.438847335137782,12.32825309064955,-8.013815645855138,-9.95907395484232,-4.653768138289231,-29.58247354502054,-15.339212231086485,-52.873452909159774,-27.680688676603204,-80.3274086496974,-5.005650628214432,-3.7767144359050677,19.956250513605198,0.0,0.0
4.6257728495712715,-0.2116639210180226,0.7736289964268228,0.9697399439619319,-3.0300118535964327,4.572227577084224,-1.3998408829938525,-1.0818831758869936,1.1173953754364938,3.8269549071179196,-0.14764420859769153,4.782892420442499,2.0642274159980034,-4.296059973741424,-4.553540656688406,-5.260495102573224,3.9521067509326024,1.1178914059063796,-0.659672186468305,0.5457301770547781,5.080988800927039,-1.459768307258991,2.9087853897516913,-3.871534220491927,6.749761252049344,-4.023189938479734,-4.475286235261459,2.572930437475715,-9.465247086092626,-5.75352064091654,-5.474980512148544,-8.627291568770785,-10.771598509366173,10.177721561581729,-12.712271701542873,15.335186064798128,9.697409028057589,-4.778576222514149,17.130175588560427,-5.94062881089957,-0.12004601231617683,-13.024365723861306,10.462666495135085,15.979209724936755,-7.721933082835604,-16.45852593936815,-8.041135167962274,-32.76948643079067,-21.951583636085378,-56.16784305065265,-32.67543220110055,-91.45494766528043,-7.9555739927367615,-5.890315397911978,23.179236542432214,0.0,0.0
5.656801259541466,1.5224664476649488,1.2911298113338072,3.285470543876548,1.9105123136309015,1.0388378197080903,-4.801375191481198,-6.596125796720224,1.9314940097332935,6.036887352368386,-4.0411780861621525,5.354329132478304,4.595161214536819,-8.298499741535405,-0.3760808961609187,-3.289106855631635,1.1268167947021412,1.068621995150139,-2.2804364539839286,-0.4804913247533364,5.680677941050398,-5.255783687925653,5.445228458668437,-7.78141395588066,6.379810336509334,-1.6327294249108981,-6.2311268863168605,4.4052804581804414,-7.267986344900552,-8.419531455967658,-13.99340208337606,-6.704783301890885,-10.369069219661656,9.226252517163593,-17.709412858168392,13.868454460165358,12.191098422456689,-8.889910229988832,20.001579810363694,-13.237634862277881,-10.049555896971945,-18.371809114766133,7.1955350222205725,13.022238093426306,-14.659025373904408,-8.387900562687532,-12.345988811658577,-31.31014611066624,-21.9156967474685,-86.55592667675108,-45.960211076847635,-126.84432262328113,-3.1489272687963474,-7.9807715260898195,25.58183925797899,0.0,0.0
5.8101568673101545,0.8159515226936689,1.447880637644675,2.2508352558246303,-0.42940654191560407,3.9270855064398322,-3.4340368397251804,-0.40034116997939917,0.6611467230080237,6.531057738501658,-0.7628147902108696,5.091039936343508,4.232696940425193,-6.279344197168105,-4.056019198359376,-1.3129528974204685,3.1509278133995147,-0.8302966227270093,-5.52292397255179,-1.719994362569952,9.06319453383106,-6.403447037531216,6.14956035997324,-7.487437171742471,6.801884253421753,2.7910348696880374,-4.823043691195504,8.721010486523058,-8.98366104816605,-4.7064033475378855,-17.192476958477748,-6.286252439329666,-11.727864107011262,9.747500777157818,-23.668731277755228,19.21590501396279,14.754874233506124,-14.279801114922446,18.789624479895174,-10.270189560090715,-11.333966723942346,-23.225518336819693,6.309376879697091,17.269862442047614,-11.948338536996623,-12.886997468022397,-14.481418646807265,-29.884390986953452,-22.42072717020778,-99.04157563826307,-54.49541717392432,-148.0414119774103,-5.833364707729646,-8.618527125451417,25.11332062438781,0.0,0.0
5.58383285791213,-0.5263921406654203,2.7896401773023314,0.013576575088728629,4.398346589227732,6.020145897665741,-4.931475309984303,0.003296059720576884,-0.9718170745360164,3.9815191842828725,-3.3241141595348576,6.988393739208936,9.910675008435238,-9.25726004684562,0.3234325318399557,8.246240457195606,2.640836616870996,-11.508528177278519,-3.865356340823873,-4.992267681625605,7.721078400790577,-1.1414617885730425,6.250567506325855,-4.932989412279421,5.096164391422315,-3.316782755036856,-4.263614743203004,4.091121548665422,-7.444726016520815,-6.6274666826434885,-18.647051099987273,-3.6821981891250766,-10.000882297793487,16.504112189925053,-14.277660607535767,12.735603409658033,0.7668268949250197,3.436862315731317,32.985568242881094,-1.7294045650274121,-1.5248070881095623,-22.659007235653096,11.57817275321419,22.03714453463874,-9.554386133428194,-15.214162635324307,3.8001035704816575,-31.526418070564823,-30.419056741178327,-91.19322911743353,-56.07857222095889,-169.1934016426671,-2.118013243025163,-7.576618301935396,36.72734338825837,0.0,0.0
5.9077411236466,0.2938829165918767,2.0876225584597283,1.862849167662858,0.6167627926994484,2.356816652959213,-4.346966835862454,-6.589836010509904,2.2370873801161704,6.333115166901169,-2.31095423864163,6.791582149529811,8.089431414500522,-11.145327132240903,1.7026256262118027,2.871790074233589,1.4610131893326128,-3.481683739816335,0.2067601030893188,-3.0889887638319564,5.232817151466832,-2.657109211220754,7.823845385609079,-6.895024664536581,9.26903484518812,-7.386148064493989,-5.936623551199751,6.282354882363033,-7.409845590900755,-10.776994006603879,-11.819872162286439,-15.148652256967171,-2.2517567391695192,18.80955648865321,-18.894409037065238,15.57079448978825,5.958534842736984,-0.19655718148179074,25.925711177424727,-24.799125628755757,-10.392299717304226,-21.043138026703858,15.375793268157762,24.95310466275543,-15.94591552723824,-11.76060529635367,-5.790766733054149,-38.189334185416946,-29.68902392409955,-118.83304240210632,-64.9316238721387,-205.57293528158925,-4.833618507385992,-17.338699443076724,45.30822564445264,0.0,0.0
6.602257773327306,1.3085723956104707,1.6407424663222394,3.719801213402506,-0.6326058927356583,2.4899960949894173,-4.842158892717015,-6.100686228707357,4.688131252282437,8.307890103751097,-2.0371062078064144,4.794451109169639,4.57309404133216,-7.931799227203019,-0.6529107553711724,-2.038507936436038,3.3316120287060795,0.21698094275340363,-3.6328439800267907,-4.724080839571757,8.74362998325596,-10.298775707595105,8.965235049830413,-6.308269687438221,10.713440285849574,-4.0214140886198555,-5.481740335985856,12.613519688616165,-4.429611826614756,-13.771953120975521,-17.481447216993082,-17.33808310775612,6.253832626620419,14.984649215572379,-24.38140179741935,14.355753402770366,2.9166598225767775,-3.9799886630252317,28.92434533586247,-36.44239939830021,-24.756587853163698,-26.064426001935715,15.43276312996016,24.52590793679327,-23.723511457408012,-10.74739740031115,-26.285155799750957,-41.792326420503045,-19.975011963113403,-163.43824633500543,-73.57674665652935,-263.2445950871991,-3.524427566542931,-22.64861075275488,44.6728834683055,0.0,0.0
7.3890294913791195,2.076450860277126,1.7262525254590346,5.111125652342819,0.669776425752307,3.8666144666918676,-6.3505207598623015,-1.3178839906150321,4.189801623746086,11.086269975142685,-4.628469649145778,3.5631998217959513,4.466092006946578,-9.12758739025566,1.6657469806567977,-4.9570522781653965,4.3784746297574495,1.217616936147602,-8.736652064444609,-5.63269829555258,14.362377725851823,-16.761838767876245,9.232997816249794,-7.495642305466171,10.024559840446235,7.661697976752372,-6.762541200880802,19.444237127323728,-6.294523132685063,-9.18189200452946,-21.309776762841874,-10.304154920007585,-2.3150697949309436,15.595176751938077,-28.835304586174757,17.547644351906474,11.17323719212221,-11.334504348361142,35.98896061703559,-29.317850967931427,-35.15943984089616,-41.41922559110809,13.394501147043334,32.82107929773486,-21.15701585983613,-22.888572076613602,-34.19122102889487,-37.37742253731597,-18.516603737152405,-206.53836730576836,-81.43292291498646,-325.73802434607296,-5.213886387350246,-22.089469788588822,43.8198984340915,0.0,0.0
7.710823934314969,1.5278465382886275,2.3529624254680903,3.3916520296559276,1.4013654971006495,6.522113233988337,-6.9933976243799725,-0.7040181733117603,4.3560139434234175,9.362037187383375,-5.948799219568046,4.1175402404804835,9.788604986918322,-10.506217010564445,2.321225384725534,1.0606503520993367,6.31249811416694,-4.512468029111536,-9.921291314910343,-8.304286247549994,15.8865494152976,-15.148138462908934,11.699706642914643,-7.413495058976604,11.17993256430332,2.116620196529077,-11.010014781777226,14.641889571105272,-9.340287927418585,-11.593053246784288,-20.014156283936416,-4.533415790443373,-15.993340431896284,20.9354226913958,-24.96105038600022,15.39992083285033,15.355160419021573,-11.688786184434955,44.940591110191,-21.940543901659716,-36.27950348516923,-46.05672101111534,14.879526015254733,39.30346273320086,-17.14623370856016,-22.443843996957096,-28.902165482999095,-41.73048284021142,-28.346933809134445,-220.87391556798855,-92.23943407366981,-367.3741061853295,-5.043262049681743,-21.34111433075867,51.09886799557869,0.0,0.0
7.34235220112962,-0.3727704279705318,2.5036733178761885,0.9672060531164114,-3.1727298039720475,8.769372541862486,-4.824149931648453,0.033118960431731154,5.165752679397017,5.896131011883361,-1.700605461234353,4.664330418229544,8.431406923625628,-5.213525340761093,-4.458661787731619,-0.935354597947161,7.57840781616187,-1.9109507732348978,-9.239450792790871,-4.343895799661605,13.130707201421865,-12.956557903212914,17.369052196638844,-12.118671094564638,13.043865082792966,-5.855555389081345,-15.602189144739961,14.667674846714288,-11.617713862689829,-13.21215891933512,-13.431398205240312,-7.097215357804681,-24.355126865728426,22.895524106358994,-22.03601568690864,16.679785668076054,23.501643761439674,-18.249396274581184,45.02972329121361,-17.895910594877137,-38.72290313075285,-45.30322561079082,18.850281182082202,49.37912902253282,-11.626239069685216,-26.06060864277437,-30.385839001011274,-52.765608336082266,-38.77432395501497,-223.5550147704619,-93.53140684517948,-381.81277273310485,-9.106639080459212,-23.009993877905426,53.52503475632151,0.0,0.0
6.805666819948027,-2.835664059767726,4.197569652153813,-1.721939858547622,2.607637909239587,7.564900782842968,-6.406212980573682,-3.437724012364085,-1.3053542507884812,0.2804346686287374,-4.748771087676697,12.056310966847915,16.315309013039535,-6.97750482862047,-2.049606206123234,15.067434882508962,3.500280599133316,-12.118926447630544,-5.119420106547352,-4.344631434990831,5.985786502155252,-5.724103840432297,22.253313562517327,-16.02236938715094,12.69091274875405,-14.381130604228987,-18.446704227781684,14.781659330576273,-5.823191703233788,-11.045312795197011,-11.539822125416341,-12.246494874993408,-24.522032289331325,35.363496705672034,-23.674398053976006,19.246659868626526,23.824903068281486,-15.346389230867384,40.68219274063051,-22.558851714191015,-29.689528541343172,-35.5713092178458,16.576728467589714,52.27015279739667,-8.928814053479146,-24.683136342558722,5.572936687838081,-60.12103199976337,-43.6621812952357,-220.61127237108326,-87.20421082085598,-415.456658832745,-6.905198873799255,-21.232403520398012,68.83938113810245,0.0,0.0
6.123245799267258,-4.484859581567685,5.718926385548353,-3.2860452305529475,7.296884782681216,6.190463540254295,-6.093040950187841,-7.152792154480532,-4.331784993434948,-3.7252815792212775,-2.4050000364767374,16.64387792032444,18.705630959992494,-5.629942305946406,-5.120120502386864,16.832972025703942,0.7225903549036222,-15.318438405833213,0.6054549391364014,-1.0352202188049773,-3.5159637778066317,-0.4586566555252603,25.16351143286616,-22.031949817360545,11.335881130050291,-18.15202461750779,-17.46962624623367,21.783009782677574,3.232804203319514,-15.773733867144154,-16.911230276995738,-20.20961192853461,-8.816990774726131,40.18688130010457,-17.597176107883676,12.66345240175372,7.246069730748449,-0.3085795143743862,46.909548923643115,-19.7431156326491,-14.63103663598131,-22.611675086478524,16.425047824949566,43.9532289366691,-16.034615658269633,-26.049824706702477,31.446562523936276,-68.1579833492093,-52.32289699029371,-215.95961571837293,-75.64524973375175,-445.9913044256377,0.44474109528785727,-26.608863380262125,93.48393907044387,0.0,0.0
5.671227948181143,-5.231793271684821,5.060939401058374,-1.9041717661923292,1.6268849174769633,5.125627570699603,-3.12856937680545,-8.500150020884709,-0.14433230200348926,-1.7452416756769935,6.253325667954809,13.196053208275577,12.244482454456774,-2.4041115549094125,-7.8444554104658915,6.9740170193801445,-0.8237827663337758,-13.779516493578665,4.142976042556686,3.236648951393313,-6.080104054387175,-0.7587535707700672,26.969058852224,-25.839577947711497,10.168175711250035,-18.149738773559285,-18.662574794791357,24.443851781787522,-1.4723435034783108,-20.59647223636571,-29.2848371703929,-17.82607698681885,-3.6573544041066754,26.731591804148653,-21.52180391953166,15.451350353655156,10.965608946676692,-16.348900962132912,35.57327833203985,-13.89504351009654,-20.227438606052612,-22.576262324515792,14.060803295377095,31.782156717954084,-31.461243925224807,-47.94436572040779,12.744916848520022,-73.4021230470492,-61.45307609946407,-223.95778201358206,-73.41623682303482,-455.0572553116641,-3.451245044220264,-26.626357650493624,94.31932318151243,0.0,0.0
6.544658459009022,-2.078553533970934,3.911541991070379,3.8471719691408337,1.6556080419411618,-1.360714267753698,-4.394111074912298,-11.811437067058039,1.347329369399338,6.88942469866868,2.873434981156928,11.77070935103146,10.685528962253075,-12.033386566291194,1.973563429495742,0.3701327638230649,-0.20637638696683916,-10.63720465464226,5.381156515121308,-0.4893711094554706,-0.20072626898025284,-5.631767947010511,14.562992538029082,-19.10365571175616,9.024359025011856,-4.709607431156214,-6.81969473912045,20.962118254522686,-8.773540170290376,-19.128747908916306,-27.324595788177824,-16.477453589406576,-16.164686857361783,34.875284773642555,-29.159656346364123,18.001505631147637,15.392728686370976,-1.8581700566012467,37.02239768515058,-50.19142713290422,-11.672275387796423,-32.558165703659185,17.161216908248853,24.6237932865155,-51.42026476048806,-62.89640977073315,-0.9776801964834131,-88.23953694169344,-69.19460300730202,-284.04985255164974,-93.40313626144733,-568.8879695573178,-0.24002950381049176,-22.78760542591473,118.43866646615066,0.0,0.0
6.824963002415851,-1.6866516413930899,3.164118664654986,4.771787921924963,-0.9731986860662654,0.863311248799431,-3.753781690501078,-1.5071846416287638,-1.490059511341725,9.431830275139596,1.2459473660197913,11.90950871548956,7.375300387566894,-7.669273095740523,-2.63826309813172,-4.430896930741706,1.4005173352973517,-6.564512158465283,-2.8639660971886145,-2.308914080897797,5.921898031790894,-12.241386520599313,2.987923207851989,-16.975320183704135,5.202288376191611,12.80776389436817,-0.026744511035497385,25.32991806107375,-13.837478403101725,-11.692133312669391,-19.279132789180068,-20.22018181855604,-28.384943540363047,28.460071708730865,-35.1612897096475,33.14296103229047,33.151961933592155,-17.55193248359818,40.3464020781089,-31.685028519070702,-24.976026015455936,-50.512935887933466,18.843359744491085,37.24427071888888,-51.48715373219481,-73.28299385250693,-19.491255573888814,-87.33802224749499,-90.48804790835148,-325.77040444249207,-112.01911992652519,-646.519118148552,0.5784972987585717,-22.004069705445254,123.71594212890984,0.0,0.0
6.238962377291174,-4.160169817096496,4.492781312306707,1.686721203964269,3.02195559511965,4.765170738936983,-4.122182334672259,5.935331262965143,-8.219832775907534,3.7077786275290046,-0.09852349427754417,15.56012895575308,12.49685409174394,-6.190878879680313,-0.886071981270513,7.67412777667244,-1.1621982674289142,-15.34537760164188,-3.858097551432134,-2.9696905321949796,3.389612864412769,-9.2589842001209,-0.3150558043048047,-16.26163569010317,-1.435713333290707,20.112865101428874,4.701810105674886,28.488728592762023,-10.844090531027389,-2.8572238982856093,-22.12193435123043,-13.983463204848137,-40.654826502954855,33.20427485055403,-31.668752946006652,33.83556493117066,31.471166710853506,-17.252365116290886,43.75139286565269,-14.65393286701219,-15.493843734946832,-53.12632423094042,17.211478168869036,55.29998820611773,-31.608673127514336,-78.18118541011992,15.681026825988615,-71.94163307068717,-112.63656859182852,-307.5061152524084,-110.51175294646944,-677.5824206023236,-1.1857771800806753,-18.86629873553203,133.39919924905087,0.0,0.0
5.829588909115089,-5.396648219203069,4.310946043750644,1.7900234711543115,-1.488258694843351,2.209728107294529,-2.0848326467282305,-0.07522939036954181,-6.3684256665578225,0.7987477521661002,6.069693539060171,15.172827302974488,7.627069747723721,-3.3609694626445217,-3.5235380090383774,2.7269321846059777,-5.780963978126101,-3.993675137940969,3.3332298141002026,5.073247757277707,-4.689400028831282,-8.162593043682442,7.453963572580527,-24.371790482174596,0.25477326268120987,14.065864526196522,1.1558459719117378,32.32929312950091,-7.790406654875444,-3.58141084388464,-21.11526574913278,-14.820522232122794,-48.40947906418604,31.927290102580685,-33.825410793593,33.852432718011315,41.6489840986107,-31.328983366107668,39.9570809567466,-13.858390819318275,-21.736354933982522,-43.71837296686742,12.869211083990857,56.19445237194538,-22.3087959540635,-53.75828229143336,26.94844421676027,-58.613483847200534,-131.47989761647537,-303.0409349406399,-123.04372696034883,-693.3245360393315,-4.30879492583441,-27.38224756751164,142.54574233999597,0.0,0.0
5.735362232721677,-5.5198998126463605,4.344984130857417,1.795842323076485,-1.434969968108053,0.9252451776339127,-2.2194694151010297,-4.075356828704334,-5.911248925129964,-0.40208406974026484,6.358696621369578,15.679045811059991,9.906910078252867,-2.1132101819010476,-4.869844810917712,6.291276333055858,-5.986454206935216,-4.524648726694764,5.033651101042022,5.956075142413394,-7.821346355340955,-4.510004024758204,9.137144244956986,-28.52698642648385,-0.29670668067974554,6.6839841201012895,-1.0441422604596606,29.35824705305534,-5.199215209336267,-10.601761940892045,-22.24696953765164,-19.85212735127789,-44.32249454063803,31.245586653525116,-26.828011907368282,28.552432432291518,35.499668631845,-25.40389920001562,42.88424137149013,-15.557977373973307,-20.205147089444495,-30.397162294420447,13.464375441224908,40.78350830969708,-33.097881386059875,-32.092685496527594,37.890206535931476,-57.29783358701817,-158.26826830332166,-288.49280041342735,-144.06926200473998,-710.4487212735843,3.7653447281535044,-27.204223685333343,156.10333520709676,0.0,0.0
5.953611470177902,-4.33282188913025,3.3963012044894865,4.023500623106067,-2.085170595224799,1.1495780950722785,-2.9367182313151625,-2.4527517757782222,-3.1642932835660327,2.515390286891349,3.853632627890178,13.137009768534474,7.893564617593881,-3.558888771355009,-2.9952413953754835,-0.7903320266194426,-5.5767474630232785,-3.978038306543371,1.3036165736758765,3.01457014210186,-3.2594270150457634,-5.9956049411454755,3.542561317583879,-25.85327184797203,-3.607565758604897,11.70453011172817,-0.91114579638163,22.93039110476466,-8.094379035903104,-16.51177042316528,-24.356204989271497,-11.619149047071357,-37.88248551906253,26.5275158391518,-16.687145294308053,21.827365506043815,37.56379701777637,-24.01766588475824,46.676597951580796,-30.06166765809977,-25.711136063390196,-31.815394178900966,23.886694758920537,41.38924334127727,-50.928845388798244,-54.657392666518064,24.693684819630413,-51.052538658787704,-176.8937919322319,-292.1682826364555,-164.06419205386837,-750.0057063764798,1.712563434473174,-22.922658224695496,162.14771824453052,0.0,0.0
5.857351203419258,-4.919233469886205,3.2207300877372673,3.23654960017757,-2.5977098602249966,4.6702188394205475,-3.0702960010301914,-0.1083117490117216,-2.127562166652789,1.2253530502497862,2.7032655976893514,11.362172831731764,5.753355811134998,-0.5844384836570327,-7.219765194624659,-0.9170141696094434,-2.9804568978543693,-7.346763342963244,1.0291103332678104,1.2190605126263327,0.1419340609260163,-6.690351075166568,3.2609820626338717,-24.54686314228698,-4.3168023859462465,6.647329525959598,-4.619579112761397,19.018423544721948,-5.686134777747279,-27.251318411131432,-35.8721585211321,-4.363702477938509,-26.482503368678728,15.83889469894212,-14.281977244405871,14.576868049876586,26.140901861861945,-24.352703709725002,42.45232234940873,-30.70109675134902,-29.69919645378516,-28.299209533427778,25.285705789385336,38.42944175858499,-55.70045308461712,-71.34897578287266,22.934895178945197,-42.84493241254307,-182.64509558773048,-270.1651597454328,-171.39500618320997,-758.1106028747104,-1.0916883476844577,-16.450643843697506,156.47128255023136,0.0,0.0
5.842204402978392,-5.026148493682111,3.4314701746331213,3.6068401350362684,-0.8917709256743358,4.567753503251233,-4.0817428455108065,-1.7131848267051837,-1.16919715777196,-0.22580170369948568,0.6812309810824307,10.009484873870868,6.340800787965402,-1.4033057187208715,-3.4838395949994805,-0.3143244412183559,-2.1940064240501123,-9.29025338427631,3.3028574011307303,1.944111539982627,2.1929268666979,-3.5360167865128784,4.503792939312553,-22.367179116582072,-5.3072389727067995,2.353144384488875,-5.844771207219135,19.407106840875063,-3.400258654277575,-28.700270997602964,-38.430633914530986,3.8167483839612935,-21.576230600781372,14.833187502005853,-3.6955870522873213,2.922417868955925,10.660822099631783,-14.862600745420066,52.57330720290079,-20.49492946904139,-34.9079776393045,-22.139692864134542,28.331174735037514,33.31970380872639,-53.11911314160173,-72.85317746368308,19.76155645773723,-41.08476497049286,-185.94990069464987,-260.9671118615552,-179.39782721828718,-767.9230373840741,0.7540773700983606,-19.141958237503236,154.9956869871206,0.0,0.0
4.7206121071520535,-8.561974358772192,5.736738532860388,-1.0654286258888461,5.402313660228039,6.239809972264375,-3.6692548940488368,0.23724995249392156,-10.173548062416357,-10.144842175031206,3.6391282466838524,16.955346903275878,14.54152303184059,1.7646160095508308,-7.236249882853713,15.732907522552097,-6.740426352513242,-20.17376073622974,5.766955038336559,5.939239155144386,-7.215575848803872,4.848749521078182,7.131367486245804,-25.9678089354526,-10.396613262897242,5.37940368757448,-8.201640089116415,30.96000951631272,9.664917658150657,-15.630364413607532,-34.91534522503911,0.8252788709221567,-26.82774860987389,21.441891448638305,3.746309049205682,4.7741563221150365,16.26358947254408,-26.03198674439907,35.69027874145286,-17.24936726250306,-27.267864184058357,-5.191997897868486,17.734985780564102,30.598022821087866,-41.551934493976816,-67.12135795123224,73.64635221747795,-31.85789559287075,-196.0130594967892,-223.19469772235365,-144.00628622352738,-748.4223205830688,0.9059246012464052,-10.786963709858584,159.4732978574263,0.0,0.0
5.186149278248059,-5.7906387766806375,4.456081994590333,5.369108368856849,3.190320833714947,-2.770823950547339,-3.3383854956531014,-8.5555150110805,-5.572090978826097,-1.7342662403585694,7.176865484812175,13.728681413016895,8.907648708564832,-8.289009291348393,3.9422358440773166,3.494562850146291,-12.204339306508574,-9.742965696079963,12.676571217195818,8.01960723403955,-9.217687659237155,2.3750331916181437,1.4102254333170405,-27.508018821774122,-9.581193439350516,15.792776471560915,0.1305300363961272,33.955652728015124,9.184734705792229,-12.950523782723517,-29.018982854525124,-0.30785866606759543,-31.555629519250942,25.8146502263732,0.9523230231050607,5.957670563056281,20.98004428190769,-20.402880000966135,40.56229988598125,-33.96882724548765,-26.124260063083245,-6.56500043314813,16.726149615646666,26.450304578014798,-48.89166963473818,-59.290582300061104,74.0704821807042,-33.30728672874862,-204.73119796524543,-264.0622379619048,-165.17621194732163,-842.8957850480451,5.312347458952577,-23.17493795915409,187.43052199753836,0.0,0.0
4.768649914524133,-6.843933908052475,3.961347061225758,3.980016927619965,-0.5363430225801121,2.3679353099418776,-1.329132603418131,-2.544257586493831,-3.9763240243942586,-4.714404279950853,10.83058248163434,11.850885692354925,6.233982927523856,3.1628948067711553,-6.04171583726124,5.437861060840712,-7.708103221000949,-13.6943489165194,4.8780614810313585,6.024459848226932,-5.074551405102092,3.420698085769656,4.330690529123156,-24.670845450760932,-12.461774939428734,13.854970291586694,-9.02368612096638,29.979572096078513,6.122873745005068,-12.945996533761114,-31.6824319440606,10.77320142925035,-14.862311022713023,19.610316985577512,13.60285188539308,-6.443611068601913,18.868218317423715,-30.521968582827967,42.771263321042824,-34.57873137810593,-45.324566620164674,6.75142146657461,21.332809813893903,14.28607303511869,-58.31522845324487,-55.37926124002619,54.636050524274836,-18.607682591281105,-197.56473917094038,-265.35759172175796,-164.24154473487508,-832.0188041904606,8.147885452781086,-16.76482648524031,165.3476343437127,0.0,0.0
4.9102462439217875,-5.851133615672375,2.900770491655447,6.7623404568080385,-0.43257834705899084,2.3704635729817753,-2.368772308494949,1.9068456937173979,-3.245169056394374,0.00934320967970395,6.427227235136272,11.11688392077552,3.672008744386647,0.04865137416950143,2.3517883841554967,-4.380269596628651,-10.176192649003681,-11.441388329834947,1.5238314476893409,4.9607289382297015,-1.2931468490105433,2.1440691145194104,-3.510167422434159,-21.4981679884591,-17.885176812408194,27.25818731965284,-3.9412649488765674,30.938829740134615,3.3242465162873773,-5.0700782610934105,-39.51618514555676,22.277876710010656,-18.495049042456312,15.2169039084913,20.404105351993337,-7.975877083390107,11.142165711238123,-27.41768880289541,48.186333194273814,-35.00868641127063,-37.08403694530379,-0.8964465257008497,30.49673792800733,27.210267010275683,-60.34529750758846,-83.59498494336276,47.26694601620289,-10.917858061817967,-199.98249054780658,-261.76495293687486,-169.9515129432517,-842.7458205331284,0.42515963789325883,-15.801029778853508,170.93897183747475,0.0,0.0
4.99870312890995,-6.201106633879252,3.17768741818524,5.654591855455629,0.26399502318690743,1.6579325282778865,-3.5343304351906006,-0.9975789076946816,-3.362554754455357,-2.932042139025157,4.497682547190677,13.032368378963014,6.435169052295672,0.7881830359442747,-1.248049662204186,0.6848993974780837,-9.629949969801151,-9.943232914883035,1.7185034406497026,6.949487127120031,-3.4889046099693655,3.4033577484213526,-1.8806684962289626,-25.666956392632333,-20.407804209729335,16.365783846333095,-5.620477647271133,26.974636229546263,8.516260147630655,-14.642762141464802,-38.08227799516759,18.42380126737625,-28.73633449086224,10.416959196600686,19.817510169598144,-4.140006483585982,26.175001313145618,-40.07990295697443,37.86627177617851,-35.03172807107335,-44.074271282974834,5.631201140632018,26.27874652391668,23.316283940554907,-63.342015801937386,-68.09743509115584,67.49967303003585,-12.945362017476535,-216.0264021133495,-236.6017475880917,-176.6395037071067,-841.6556725561699,3.231537654663689,-8.368985626187978,170.00532820062736,0.0,0.0
4.9536555713746795,-5.994101011789241,2.9328190257624263,6.636509602423698,-0.23343278316836097,1.5037897199301995,-2.8664966158924483,0.7323449094688407,-3.3688898762528603,-2.737575800873884,6.534731224156732,11.940127810632877,3.6816263134079716,1.739292954033123,-0.3713869592065806,-2.5034326431258496,-10.975318324436925,-6.821043716912049,0.837480703283381,8.117844981693109,-3.2039207955516185,2.9763383710541933,-3.179873308135826,-23.833575218718433,-22.663519989320257,24.042132677115482,-5.157805828186606,27.8551001397498,5.344773893942212,-9.472742507506656,-38.55302812968567,22.58613350479197,-28.973374651599585,10.858230348936322,23.609094277603006,-10.048317503572967,14.483169803511219,-33.635910805492884,52.27384859910413,-19.458201975880588,-45.844564662894285,4.366675926736382,28.737709648937344,24.75011495216685,-53.19025598524358,-52.333046412372504,59.235466129776576,-6.928811309985315,-212.09151066256263,-248.29408601140003,-184.4427478993371,-853.2421542270973,5.20751113216101,-15.07016884970721,169.42431286650864,0.0,0.0
4.458384544341136,-7.63648509120034,3.906378280370545,4.379895960307638,2.592463347753936,3.882814354833452,-3.086228646660388,2.045532837256841,-4.64760345122332,-7.860165521140167,7.180796923844709,13.6069830776152,6.25890974466397,5.434285848272904,0.5414921427931628,6.006916986834532,-12.280543446286417,-13.595595066776033,-0.6831847167062796,8.478412709115775,-5.114228071409329,7.585945316216653,0.49933411146934537,-21.494304140999798,-28.113771893364067,21.226191528407565,-11.591223190993453,24.74620860917547,6.1962458980497335,-4.516572533982984,-44.66933006705054,34.238378341476675,-10.961431107253551,10.320299196836299,34.02506472574402,-23.188812286119564,8.95480901609188,-41.96935209123414,50.018485005095286,-18.937259810788255,-61.29660192944311,18.02497937785528,31.036275133043624,26.316459468413626,-44.42447865720209,-42.779210227034845,67.01634980392483,14.855754271613696,-188.7290599714637,-235.04759857419512,-168.3504342431722,-820.9602391536391,6.274960444037284,-17.376363687765483,149.15349202629207,0.0,0.0
5.1915318572911735,-4.751955647602126,2.5425741711825305,9.724211011895193,1.5753080451498738,-1.8321935592013172,-4.360088520684826,-4.413855010684958,0.3604258362968836,-3.512846063113384,6.023990840737,9.435221369675748,4.405513025916858,-2.492430747666545,11.151352848058119,-0.8001225336444986,-13.945697129173023,-7.207588735449322,1.4698478303971136,8.795503749518488,-1.8945278302176987,5.068092426437568,-2.1435352624449084,-17.72707928402046,-28.386426401010553,21.481714569191777,-12.645131364107444,19.062219984286198,1.6259892479538982,-8.689865534139154,-44.17632695354735,36.35288934265541,-5.947149465856804,6.536718514254157,35.730434292615826,-30.32333084115871,14.680962418085736,-43.21242153285752,49.44547299852318,-49.27885984734896,-88.8784580356346,14.858232769166957,40.79727135699766,34.54273806072918,-48.1084261820473,-37.71256609021657,44.50581966589014,10.973575066572156,-168.0800254405234,-296.1380226406016,-179.18604899048066,-942.7441477536316,1.408979098937817,-24.773149864332396,151.33675356828113,0.0,0.0
5.711010126358463,-3.993181065108243,3.134332867184844,8.353261017540197,7.117278778952409,2.855719026115938,-7.074726884810748,-3.290523301492732,2.74380835804633,-7.080729853155635,0.9529055554848156,9.166736100632612,7.751795461666822,-0.22854522278153808,7.389383159689506,5.342971944876381,-8.44898173438187,-17.645488590747533,-6.336570613120785,0.2872139490844341,4.213012205775808,4.973699267766754,-2.1959122460608054,-12.49550451291568,-28.43393081228755,6.673059317337466,-29.061604325177715,12.51563663825623,0.3917166230863367,-23.128474423225214,-44.019978244625584,39.05864134682243,11.014004766666694,-9.847951890869043,41.35706964124153,-34.16132844219576,-0.1568649168952002,-58.999990371541934,20.335319431160052,-29.69930197073056,-121.89554169703703,10.112870163616975,37.35902100043869,30.725246959087738,-42.68450170829845,-47.583624082619174,23.418992036475363,4.37614876547688,-140.06945624660125,-298.2974742538344,-180.16738625372736,-963.4951408923293,-0.7498636948377791,-22.043115701193162,120.78109335464201,0.0,0.0
5.438757071694379,-4.6126024819459195,2.2187752389127025,8.46064348298472,0.1090368192245977,4.965869437547632,-3.700163906045671,5.010345000498142,2.6541136113780253,-3.2761783975568273,6.755465558845108,7.442347826018403,0.29376450299303786,1.152039217982525,4.461314371592787,-3.888327821858536,-9.110857332890696,-10.70953955126327,-6.429462010226705,5.739281135482661,5.252180614822181,1.466814699656584,-4.068875330749431,-13.387853028215615,-29.184766564568854,21.39259549743931,-20.755536143191588,21.41127107482367,-0.9750311672123375,-16.257614339627665,-40.8473380958331,36.30132269513701,1.7712559721275363,-7.0489652550289765,36.76380640949094,-29.208613187654084,-8.602671461119632,-47.256077073160505,45.20640697109047,1.5951970578970438,-106.71501283045978,0.7116638534619277,36.24515999270064,40.692417542072015,-27.73307422414979,-46.51888547057744,29.445012550321383,-2.4260992150656207,-133.59109754339752,-297.4187026292429,-166.06539717721455,-960.8077301172825,1.2554417919126308,-32.59788865571188,132.71052678456826,0.0,0.0
5.11880725821437,-6.094941087650223,2.802285637908876,5.5703005610947836,-0.3046811988512334,6.483876674464311,-3.3122041104347275,1.1996236788791632,2.2497438751772036,-6.3519203295744395,6.744655695698791,9.976779675812725,3.2356157367944607,3.4179889349225716,0.18527341711117684,2.3820772678314754,-8.385821432581727,-11.353490829350923,-3.6056464403514563,7.8369357751716295,1.6932714751853375,4.227015998138171,1.8300402538095684,-18.105183538552513,-27.26334947640369,6.614474672369392,-23.98611728280788,16.9207676196467,0.9838566182961453,-24.961119221002864,-39.24243331253895,31.5522100243235,-7.628709297704235,0.2554334103441004,40.639663643425074,-24.71063934810553,-6.792476492292783,-45.08464654939603,39.942621749848996,9.307552892480954,-100.28167002835912,9.4716671759134,25.299763307760422,30.39287682776872,-24.75877580757862,-38.135034257011405,68.4565232789475,-10.149689433854038,-135.5649711697088,-259.1313449959174,-138.62550795842992,-929.8653979569872,6.751145505930558,-26.29211208074942,136.02822147832495,0.0,0.0
5.225458769018464,-5.6132599121678695,2.3871957822474883,6.433486558737524,-1.2550412411664167,4.253074702944716,-3.661077620650017,-2.7954646932158975,1.892941755894183,-4.878135648673903,3.776654531021138,11.083685037913641,5.051472572531692,1.1348108153473109,0.9998491593441144,-0.3206023991975729,-6.953952715760065,-6.268806793828162,-0.5999531202926678,11.418618094026275,0.7198252565597587,4.479638443778918,1.3780712357431868,-22.173690110353185,-25.78437816426115,3.962515239145774,-19.013950527706957,16.59796773550027,3.5066878551309313,-33.3119110432264,-38.42435997333063,21.69744748791522,-18.678841069783605,9.372546200307077,37.372063724551914,-20.821076441386182,-0.3543774212488366,-32.98146875578167,32.600980317111535,-28.36591636156659,-77.69725025507603,18.350711069847243,25.225163083226906,26.291994759966343,-37.51042158866258,-47.31287298507366,101.11917434799098,-33.31300006926447,-144.39136036754815,-234.05467799555294,-129.9652076613932,-941.0720447726422,2.5582553825729244,-12.577965737171194,154.98156799173458,0.0,0.0
5.7400912931908366,-4.0475058743137495,1.7821304954798844,8.230870590515698,-1.4211628748140643,2.7965779025203887,-4.263992408261212,-4.147477719407906,3.3757759605857838,-1.8646905097049038,2.607377588773881,10.500623200636127,3.8912731934963087,-2.3190387496844824,0.8356821753221128,-3.1799879219941007,-4.486721449504973,-4.307920382691283,-1.2260785464453832,9.623693357963948,3.7088874284018742,1.6894719338615432,-2.107712570928729,-21.40722864691802,-24.453684719062718,3.651814179422259,-15.087058581834233,15.961709413895369,3.402336843387575,-41.351420715075086,-32.23844589962501,13.76308299375908,-18.14532896671025,10.93108058605062,32.11804667819139,-11.706372915808549,5.937150289259438,-32.56511630181858,34.45251653034943,-29.093063719333593,-77.80149004459682,13.634755183944526,24.4183694767115,24.730278262352453,-48.33190015634163,-52.75198618799431,106.62668148734058,-49.416968835960574,-147.8830599227033,-261.50779046479204,-138.07904674634358,-1038.9228067896,10.067450715604718,-17.392873470218703,178.55106086360712,0.0,0.0
6.211060887974176,-2.940403290273885,1.3303003684656007,9.912845772254908,-1.4159431576637713,3.6619455524615683,-4.871535246095906,-0.28344395667680133,4.990083670633753,-0.3893665435260663,1.6320753146525897,7.844353724169388,0.19616757906910323,-2.060894269084913,3.834880920333656,-6.013551325154212,-2.1967490312486704,-3.133801012550356,-5.416057115437749,8.222350581238368,10.623062738819549,-1.6999918137376577,-5.223846635665685,-14.763377958649293,-26.030176154406213,9.194325947553564,-16.68973780500984,15.696237674666834,-2.7500629250547632,-36.82237720709982,-26.007385613591314,18.320890613459234,-9.624251577826543,8.260845847194084,32.821312657353026,-14.579802845730573,4.35081253179574,-38.348042655515336,37.482690280161655,-24.413589479705784,-107.17404257167696,3.0181279040521685,31.683068096151196,38.84679078683412,-37.87301208630827,-57.15160197323951,72.77271541139469,-52.914777705677956,-123.96215859437663,-324.39359414195576,-149.1313370331771,-1149.5422214450618,6.411478943170436,-27.42743573603535,168.83191121844993,0.0,0.0
6.079828740206733,-4.144096023576465,1.8355158461529264,7.221824313540941,-0.3974842735171595,8.577422964722047,-5.327481060092011,3.119697504178663,5.499616242365691,-4.381228324001298,0.6316642796430139,7.903577636803586,1.5665563620515017,1.8697466554958233,1.28658181509069,-1.998400871553438,0.1515072068799076,-9.827103510832288,-8.31330981607667,7.530569056837267,12.766045698613498,0.8129285379178021,-2.3672913166842195,-10.250694754881017,-28.047480817671516,1.0829393509024783,-24.51297569255147,10.648760589583572,-4.7309424547822845,-37.511546938950886,-28.61997525635453,24.82998364914893,-4.082044170735129,3.187170816630868,42.3851201384841,-20.39813965987657,-3.1119399776184378,-44.650613962400975,33.26818689297507,-16.095118014316316,-123.98887584921205,3.5739538411706286,37.82327448724513,47.88957721452227,-27.899989485929066,-65.82762979768216,64.18203245936081,-54.42266370774753,-102.03651320018544,-313.47516901472824,-131.43272859620524,-1124.0752793140095,1.2184475771358567,-23.8984334484435,144.6280204200347,0.0,0.0
6.2610211029504015,-3.926302553674169,1.4591250891628615,8.027082561892975,-2.634545989812537,5.509283058472017,-4.562370264294282,-0.7768947208996051,4.224327818358581,-1.6139930331661818,2.846477553457988,9.55179573438902,-0.3940897521025954,-2.9899589836978957,1.856353599098595,-5.39959319302983,-2.553009802871713,-2.2087758953020247,-3.465402734193675,11.262937257591693,9.86213086783958,-1.2901083237332833,-2.544728618920633,-12.551960392154413,-24.225430349456857,-1.5173335539420545,-15.217535286059906,8.896670457388721,-7.385244224229406,-41.01080804570434,-29.488608847825077,7.862058321130387,-20.53503164008304,11.618666646509126,28.819303302688525,2.181331212416289,3.135809245379467,-38.42226624101827,38.87400704144651,-17.52261227332015,-105.72376651701474,-5.22439733998695,34.48833974287436,52.3546401293269,-30.62950825976765,-59.93699719991152,89.22640123861432,-74.57000167598639,-115.83621910711369,-328.3590790282419,-126.94998438686575,-1198.815069298907,3.121024638486006,-28.405036851456416,180.3571936488515,0.0,0.0
6.526000456958054,-4.024736294061898,1.7110413944505123,7.214447676201945,-1.2947413865836133,5.567714178257573,-5.582209110684002,-2.641748327346656,2.9567407319914127,-3.3085990357829855,1.944297684187367,11.050629018133145,1.1021618550828507,-4.010940680330938,-1.5894599341801663,-0.16673115737208757,-2.1105400092336626,-4.499653702435893,-4.206092796665862,10.722382338859207,10.03567163376718,-0.39846645392950336,-1.8766203533172807,-14.748251135767886,-20.760290360526472,-6.573360434351529,-22.37116012779019,11.105789511915185,-4.718786055763738,-46.51464973038576,-23.240461058148306,-2.6566610279874814,-26.396995789955827,5.4854620978365585,15.354031079658604,7.823905312426557,8.856973446711923,-51.15243696404848,31.32987860291673,-21.070723359940022,-95.51133349160558,-1.9893200214953446,35.349152033765684,56.03265465841199,-37.374323714503284,-55.018832337389014,101.23003935289886,-92.8769250098192,-113.67075341962078,-333.06148468812677,-136.04760304887122,-1251.3241733531079,6.398663127032002,-29.165544702749973,197.62417673665092,0.0,0.0
6.372054989997453,-4.656534437287603,1.7560028849767522,6.248697537432779,-2.0103363667916336,7.7076291223459705,-5.152230492023675,0.687453962090156,2.236195714412739,-3.0012626626936996,2.128365476456242,10.964338284704736,1.744218157338331,-2.638472901689997,-2.0476658732857933,0.40779722675436747,-1.3152628947970815,-7.454692876427532,-5.495524032636443,11.353513463570913,10.70064508219779,0.42795404145592536,-4.030566332151585,-14.580391242339466,-22.799607041641284,-4.599943237253472,-21.297356512355766,10.092545069378113,-5.0492951463996185,-46.1711247435683,-21.37563240661515,-2.226784685452857,-29.17338395045544,6.840354953479172,21.629086047941367,6.0684593658704085,2.3107634732769697,-43.52060671729175,44.921695499803164,-6.542062645257921,-90.57550033038575,-2.0814746699496918,38.438909934204815,59.08586641016371,-35.61910335409797,-61.37884101506391,108.5018316442907,-102.29151932878261,-115.70471300739067,-319.02094174964003,-128.43507417244498,-1242.4792432678419,7.804612291606821,-28.200648906889246,200.99884521619248,0.0,0.0
8.620589490787015,0.5562055218998639,0.9703839055298016,13.945558532324846,4.077713962263945,-0.020634366981586025,-12.353945382193414,-12.49060297589438,11.08812251848676,9.023453962385922,-9.039044042570977,6.511146898456003,7.206049286525542,-22.036305487500766,20.434012837144312,-1.013953096434315,-3.765427618699532,-8.615719857207937,-5.924557918756768,5.832403298396308,20.14031542488939,-6.381494390901419,-6.151055676890492,-17.44390078169378,-20.059950350420756,-3.445487258327717,-25.680188730440516,9.510825168397949,-2.573893533303364,-63.83527217918217,-27.437293120838874,-3.0052421343334195,-29.687839251103668,0.3343175288718786,12.997200683732158,5.202489547861345,12.221126313550329,-48.40056553026767,50.866348414837006,-32.568095723190524,-120.46025262844513,-26.52922395731815,42.446804653912004,67.0316673172845,-62.74524069594405,-71.17369000712442,93.08679749416432,-124.10297990041325,-124.43418882956877,-478.1718819120424,-185.2532853137351,-1712.5015450641376,20.000523324126288,-46.65088910344593,271.43256634887484,0.0,0.0
8.400329272410445,-1.8156417355393313,1.2717928771879863,8.063507629314513,-0.7275302655613113,11.183874475023325,-8.449916430650097,2.9691972968512728,8.625848294194784,4.007402075109156,-1.8980026679315483,9.7675691995496,2.5599501893856025,-5.001609116916244,-6.255677392395925,-3.568462438991029,4.526455150272233,-8.343004323457949,-18.917691266803647,4.697790052880034,25.481454057577206,-6.1849226628542775,-1.9249517661785929,-16.363685075807858,-18.090821150841464,-3.2483344046887734,-25.149164717918612,21.903642816433507,0.7320734039573822,-57.74449230630612,-28.436736382311654,-15.672908532190228,-21.785823127605866,-1.8324408191482344,12.74134336835758,16.328664622374202,3.698888573329347,-51.46262356939227,54.69908260880182,-30.515214133170833,-110.51405080321338,-25.678120934128856,53.2258214956786,81.39011900517747,-65.08664301022554,-83.97820452500419,89.97168740129538,-134.16312589962607,-115.34271771425345,-476.88599934616525,-177.91077735353286,-1721.3166854547455,17.238919388739166,-40.35200789064078,269.0527191890565,0.0,0.0
7.968778624676267,-3.8086631307490575,1.9005428621431741,5.841762727855164,-0.06968614108561784,12.976793206937387,-8.049058744870484,5.961770577445657,4.848552112758186,3.239853023052458,-0.3896372860077748,12.322817011730201,4.927795683625052,-6.9904663250360946,-2.375297776888253,-0.8942100580577004,0.13944650236425718,-13.276286951603662,-16.320904489837034,6.833112102051424,20.476930079323587,-3.8331402786581776,-2.4606495825158934,-16.62028728544802,-20.88865139642391,-1.7025512103823048,-22.797372846203775,19.890901011512053,-2.617387927001817,-53.31341030635068,-35.85632783207227,-17.3052821821791,-26.828035924999153,1.3902556403512063,12.945942842859644,23.11524749119504,0.9622710076062133,-50.97697767835602,61.056148480218155,-20.03384835656435,-92.18199987278383,-32.16172357507673,63.56372302452116,111.17946235798505,-53.20277676501843,-108.98578211068917,118.68037903022926,-132.7503890210049,-112.47901531036558,-444.89528603764353,-150.9290314814849,-1683.8054288121846,2.698052273019985,-39.10008859471764,277.8056596008562,0.0,0.0
8.617163885662618,-2.8635036442398714,1.7398306399208328,6.769372325651832,-1.925118891443515,5.788849551892757,-8.839749111576303,-9.91797618404237,6.958285485374061,5.859243100921464,-1.3248222918056811,16.296033136668857,7.4316659634377356,-15.958015140252442,-2.1495084488146783,-0.22533903009148748,-1.011074010046951,-3.130249359295423,-4.070247445863648,11.150135000256729,11.666713819468969,-3.2004333736966575,5.48576204014971,-27.698431194845426,-11.32937521572584,-25.071805118497508,-23.672965621859166,9.366715309683231,-2.6302796265277584,-75.30082957831567,-26.554333384672713,-38.663622807993995,-58.12912303792456,16.8857898035398,-6.0170204310371105,42.27496480863223,30.89210527086679,-51.01988125027509,63.799111609965934,-37.78317273715078,-73.46848946536788,-28.85931172607193,56.24600210713049,96.7184550727844,-77.89351220727046,-79.29132640202822,158.53630105349848,-163.73407748668808,-151.04539962434933,-498.00400037602543,-176.11462274256945,-1909.3560387828136,19.55506413849217,-45.753744782872346,349.9051922674348,0.0,0.0
8.366986595514517,-4.297371427817059,1.8282639530446876,4.457968322561744,-3.786765385333162,10.730559819394614,-7.748274922890164,-2.794899437076454,6.555220662736512,1.6041465364691352,0.20169401985680352,16.898988052708347,5.5549153472012796,-5.731353696723834,-11.672107928068206,0.5416973766681221,4.086092237276334,-8.039340858914446,-11.577141294472536,10.14357803376878,13.730219071726584,-3.214934903546077,8.047081234615346,-26.73718912486982,-14.88690974846712,-25.36434801877163,-27.751664642781442,10.986233833189976,-3.9024440977639716,-74.41242583309007,-24.35272528912253,-34.48439350167217,-47.61526135673307,15.756544640713,2.103274488267898,35.83042434265721,24.474617338565423,-52.173828722750386,62.46410204465902,-30.395625731259358,-81.04200623472036,-24.167468043812587,63.54751923915193,96.82888563031212,-79.1628340516203,-92.13731863597657,138.3608268213544,-175.5739784662729,-140.04380234672846,-499.7386919076942,-177.188990821157,-1905.4564061497772,15.017648252624012,-42.38993080576701,334.32117361276437,0.0,0.0
8.309733452454031,-4.598306739427786,1.696869874473708,4.984225219908373,-4.867383990930725,10.466662661478422,-7.152901530555495,-0.610021832774741,5.083038758175636,4.1207407759935,0.47083990325866015,16.574276775238033,3.9672553239941255,-8.071268065945004,-9.394204129314836,-5.191523335484979,3.7638744004627065,-6.5850067162648935,-9.293895663807243,12.621755483440644,14.372886171438777,-3.680596916026039,2.6940585696101045,-27.54553521240216,-16.92207728188773,-16.42096198814445,-21.668918786576047,13.731414770470208,-7.074855437171904,-71.55239578491359,-24.974379446675567,-35.29656785475582,-52.68754211720741,17.180947882353056,-1.0890078553804015,43.965865505077126,27.287176319965422,-49.15535511761818,67.62721963422781,-19.210219991819038,-73.10939886100527,-31.90649025007852,67.56693666703326,107.36819638143936,-77.27162098390258,-125.0432627611243,141.73555220040805,-185.87443744293856,-151.04362083084425,-488.22751051966685,-181.48666112040053,-1909.4113673951822,10.483193409251989,-45.512151116843654,345.11653379032197,0.0,0.0
8.64470052948608,-4.438575848936459,1.6341691853682783,5.683233053662968,-5.262514254705691,7.654602400009489,-7.997483804169175,-6.273764688970639,6.007207931520532,3.4455739916568855,-0.5583882071278717,17.521476336369876,5.267062177363617,-10.982033197804082,-8.445809604820223,-4.409692785004266,3.5974906018763773,-5.14922552526244,-5.43444227175133,14.834120227589581,13.26182617382165,-1.2375169744863903,7.920967445896046,-30.604560499116552,-14.041154348685353,-25.66694264723718,-24.990034145589927,13.167660600352333,-5.862306921736311,-75.57403212746607,-19.739475730971776,-39.38665608666737,-63.75333011371951,20.900152234605937,-3.934318762177868,48.325040207469556,40.19400358391793,-54.39485692119828,62.84743792897669,-29.116922478656846,-81.18758932534062,-27.972726018154944,68.62481961015314,100.97773496541805,-86.5645923778537,-120.04998570863957,140.80935724333787,-204.0282580566894,-163.09609125022786,-520.193998248084,-204.8011319059004,-2026.7905124918602,15.6869963369462,-46.01946796844031,363.3709112410779,0.0,0.0
8.482197314948355,-5.288858594303066,2.0309209937812933,4.202614953662822,-3.4582745687989567,10.564798888258851,-8.044701056220743,-3.3267303239515895,3.836781693712323,1.9965220072245533,-1.9029713146264466,19.038414849195288,7.272709074123505,-7.506587097712194,-10.532696242361848,-0.5193876437855147,5.578530194952372,-12.517414484361423,-7.78788567718444,11.642634867820925,14.01392773928491,1.0947922300635868,5.9230623470839205,-28.925504334227185,-15.317256498189046,-26.17904204375428,-25.542362754205094,10.469511515556512,-8.105266526000944,-74.82394195545672,-21.675215171768937,-38.76379015727634,-56.70433420838105,26.589645749808753,2.754355548868177,45.54387024921682,27.933064759020542,-45.98403276536694,72.57628497155733,-16.911701875355686,-69.71062460887235,-23.896137985309796,72.3488906126883,97.76645221430962,-93.60423723190023,-139.00808516032765,141.903188282035,-214.6127043187072,-165.66036681032955,-507.42218200818127,-204.73483294779442,-2020.2663456801788,16.23868444873261,-41.40478687067989,366.2098101800305,0.0,0.0
8.729560046900007,-5.332813432179936,2.0957787101650114,6.409718498578418,-3.5180318542160682,5.177167319336223,-8.070334711671551,-3.057945922880175,-2.060837351586176,4.525536309511401,1.09649539158807,19.720914342200448,4.876540903993915,-14.645286614112086,-5.733246753115642,-1.6880285587577768,-0.6413655662901929,-7.877374671575029,-3.161063681986382,19.006883664397574,12.135988751184604,-2.541800580914193,-0.7004145111200903,-29.389478374032027,-20.19502142488322,-4.690391367426375,-7.2169771407227294,14.505636585534674,-19.51943804909718,-65.76266872363257,-39.02673454539509,-57.43960142170006,-69.92578430450183,25.718478315644358,-29.163825231137327,75.38729943481573,44.21567324426619,-51.756260613535964,65.51689008665836,-24.917554390061092,-61.450737650908714,-46.1713563757061,75.83244226947744,115.56834900830167,-88.80175292847427,-133.29441214971075,147.6295945971809,-221.5337383466412,-194.06618282211457,-548.7323378482344,-234.711005553923,-2141.495838103096,16.923397023392944,-44.228144153086376,397.74822818062785,0.0,0.0
9.477997995963548,-4.026982925043894,1.6930330435265875,7.8358526836009,-3.796204675114586,4.1843661575385624,-9.163369933017515,-5.655847457817651,0.42187569387579876,9.150171235679586,-0.00654360372265493,19.622343576307347,4.78007949520734,-19.94051115979731,-7.733495727761347,-4.479733766010563,1.6557092852144075,-4.980355000492544,-2.942416392398329,16.830130131475233,15.2077813102021,-3.9465399582280125,-1.7661604821329875,-34.0430998549986,-17.93470633676184,-5.769804636908578,-6.4816001246365245,18.208764748310163,-11.799710015036574,-75.43027954358672,-40.087531802032366,-65.32342054879953,-69.56756685509454,24.644064137434214,-30.52449447696822,81.22732830812494,46.931218764870884,-48.3194661114088,70.23698412589897,-35.04258630476702,-64.0625952071193,-47.82284839416257,79.17326940789498,112.34281078583709,-108.71873906843366,-136.44017567565265,158.20375243984662,-227.2164877190203,-226.544747611067,-598.8177466414037,-281.9285135715475,-2388.2459233377654,25.14628971540239,-52.3093837935414,447.4730991052408,0.0,0.0
