0,1,2,3,4,5,6,7,8,9,10,11,12,13,14,15,16,17,18,19,20,21,22,23,24,25,26,27,28,29,30,31,32,33
-0.9556574589777516,-1.1906764965679462,-0.3099314086863848,0.6682557865406118,-0.011647994890066743,1.1749469129512147,0.5316482681057741,-1.2016947812185221,0.9804163522705772,-0.6656875526546371,-1.5383103242598442,0.7497678105027077,2.061179966415468,-0.4198142697100839,-0.8085589992352176,-0.7999728243828058,-0.5555023838038835,0.74085732876606,1.4166120189174645,3.6109922058246426,-0.3841976254473066,1.9681945352761279,-0.8757820144607129,-0.47067806611774216,-0.843686909851837,1.3340240298724793,-0.566699337858431,-2.728834598053863,-1.6188322944702598,0.7008482347495687,0.14899978441238262,-1.966460891217317,-0.2929903711214555,-0.6690364683723113
-0.9902167358717897,-1.2539669133902207,-0.3663369573162315,0.3280735466506499,0.066686395552162,0.763446617010863,0.3384556119574309,-0.724790297207506,0.36235715629347265,-1.0264544162057714,-2.2705890263078756,-0.1291327157610919,1.3421937338313326,0.6344885805376667,-0.7665443500241859,-0.28611516411685267,-0.7145254438424098,0.657173772046928,1.5037941137150708,3.696462546866567,-0.5446778482597636,1.1357770339372177,-1.1117593830649015,1.8301147479030841,-0.5748930764116676,1.6274112019065305,-0.35605173252471894,-3.037146299148683,-1.9560921233794646,0.7283108145257842,-0.5710847882628524,-2.6323483719810894,-0.47645301658113104,-1.1058345010993318
-1.0902935071874253,-1.162939960710618,-0.3428205819064699,0.43067570969001095,-0.04618477314302008,0.6389406772069445,-0.04195859295928499,-0.32226662106392506,0.5395530650131609,-0.7559840524682095,-2.178455323377628,0.21165802575155301,1.320533268427026,0.4981510539554726,-0.6812485855969092,-0.3020120745368477,-0.5743351720929805,0.33732572903931557,1.4923392237097783,3.811216854807207,-0.27783309167620335,1.1746362837453435,-1.1697075690049334,1.5019344104587133,-0.5601818237644968,1.7831851164631365,-0.7540282808564813,-2.861689411421288,-2.323608712257575,0.9962371408957362,-0.6083593643746824,-2.6607734848428404,-0.5927794662221505,-1.0783380507828235
-1.0840029615659665,-1.224014109298499,-0.4298041678935703,0.08886468216110463,0.11565950721507126,0.17382758927422362,-0.3030069919748996,-0.12297706114995817,0.27317077419751,-1.0054297416027422,-2.2108418324219454,-0.19976801689952023,1.09484789641727,0.8616034722597823,-0.4640488622403713,-0.283536851504864,-0.515136747840614,0.38164770499704653,1.3741491340956828,3.9283259462803324,-0.3973574660751669,1.1660693488176086,-1.1994788046808893,2.048641195920798,-0.7228826415551751,1.4499458113267747,-1.6991109877107733,-2.5864285467249446,-2.827865382625883,1.1066349824751993,-0.8372653936081521,-3.078247854537613,-0.4572595385243794,-1.1203928992966543
-1.085612637791072,-1.2344499312686914,-0.546475047499216,-0.15881901288791447,0.0378555002618276,-0.08422138677733937,-0.6275520611504315,0.06707992432952266,0.3374894936228355,-0.9798647694162816,-2.285797299740541,-0.2375958121991464,1.106759226062246,0.783647825526456,-0.43466700030701844,-0.31800449926415386,-0.41968336581147947,0.37866360657165615,1.191856384782765,4.158316827487803,-0.020481933334130155,1.1529344432466146,-1.410623185189598,2.188543596477915,-0.4916289860062698,1.4179464060012552,-1.3046011792376007,-2.890624621375961,-2.643067734808911,1.2854830740563876,-1.0964864048554792,-3.0673595970960483,-0.4630906348943421,-1.1873568836037611
-1.1749723820632818,-1.1955165399245584,-0.5351044098062849,-0.32665796334682967,-0.017272295808117972,0.11679487583925388,-0.8962048464402677,0.6343170547700098,0.8443370435461832,-0.9014601477168518,-2.0231331915148187,0.12451087496949916,1.1581633522493937,1.1392207612382519,-0.19458035151403755,-0.5746517133085577,-0.21965687909008166,0.34018409225671203,0.9454338083633432,4.328726610275936,0.03734451879583414,1.0744162941408428,-1.6902766874736204,2.9289929284083067,-0.16859711710153016,1.1977886501915642,-0.9058642883477072,-2.6580613586184296,-3.111195803896065,1.1507064556728528,-0.6408214616370902,-3.264269517972763,-0.33945137154493327,-1.251031564790042
-1.062750082938961,-1.3408552419596305,-0.5157986727650115,-0.35126755322399955,0.3104612962824533,-0.5176190835328266,-1.1115610932002944,1.022953959218028,0.2146226814365703,-0.8715147594720981,-2.40983579137096,-0.1208122140462565,0.9934763087759995,1.256300955456931,-0.28074820421048413,-0.4955344867724409,-0.4526175830673023,0.5546541195820309,0.7115746536030148,4.304997573514434,0.019347363973196717,0.8984075141050165,-1.7195628423959275,3.8336310656936474,-0.09772815289596418,1.5057779205340678,-2.530692948733644,-2.8675568189807272,-3.385307734957975,1.221429483548493,-1.382759294672724,-3.7403529627485343,-0.8295599188510623,-1.41820057738098
-0.7748765255211328,-1.5930689446535975,-0.10799535678097791,0.9196339125289976,1.380301813973874,0.5288792121839748,0.24139407315142103,-0.682236360118449,-1.191229544017976,-1.1153337007413369,-2.110742076743603,0.47953597195721703,1.2196416381141078,0.595677182366605,0.025084183498351967,-1.254883023439444,-0.6900468728431962,0.6656256432522568,1.0201543455625603,4.334839783238622,-0.6664250458796106,1.0690461645613387,-1.020520554206601,3.758236691751413,0.2011806520038334,-0.08619368645759629,-1.543524907462239,-3.9207609535815777,-2.3910222177156024,2.024924072670064,-0.5818925420587038,-4.307130293809047,-0.6005092188301523,-1.376943038158818
-0.8282499699366223,-1.4037983504986413,-0.5880946536937648,-0.07743662518075106,0.1851101820121025,1.2287199756640887,-0.07201112312774147,-0.6410213080861465,0.02851435009783473,-1.0663129132197686,-2.1652359408162383,-0.11313857050558969,1.6009450386216812,-0.1910005581947872,-0.09540527701977135,-0.9816798980751278,-0.6740332241988457,-0.21058142509481417,1.2630682869145136,3.7981741307887154,-0.7067067323579536,1.0670965719133934,-1.0140362434499492,3.5386955470728747,0.10829557762011384,1.2869937248174137,-2.108175596429144,-4.973633546559813,-1.919045575029152,1.413716185379632,-0.5356981230436433,-3.332537233484986,-0.344985897290656,-0.6891453731278254
-0.709892742498484,-1.4497718104500836,-0.5421570095962374,0.2901883382003936,0.37746165187622466,0.38578646296218044,-0.1852025970001556,0.06672023803846845,-1.1894365054230054,-0.6519540586066276,-2.5286412121323436,-0.1842522120013611,2.122431344868642,-1.6745014551316881,-0.4745771744987126,-1.0271217945673623,-1.1009505511844497,-0.8409936026953174,1.5009563065323266,3.5715526826265367,-0.4348073161653176,1.1720497303931903,-0.7478475674672996,2.8314959884828497,0.821683377366527,3.0563828848158003,-3.125375503051722,-7.015249226130277,-0.4679634940116539,1.123265252543141,0.005298112352943781,-2.8617993127797097,-1.0701102869242545,-0.45946278279066716
-0.9147558238542945,-1.1981167430716089,-0.4866112602524689,0.4299067949508307,-0.5272906202460026,1.5501941483986623,-0.797199445776968,0.5727183560942963,0.762637332611519,0.2017687083545913,-2.5964407493148647,0.7121869684758098,2.094774295801937,-0.8443083068690442,-0.5765732534172584,-0.4724147520898753,-0.9961948698171709,-1.1164082174455978,1.5980652667210797,3.669444179800675,-0.4120874429832752,1.1133143594477313,-0.9013475981405664,3.5102916153489145,-0.024114852917578006,3.58096496149259,-2.3807963954419673,-6.228286848573365,-2.3422827456370015,0.8215217814762702,-0.362949496281589,-2.948005756392558,-0.6728072752855084,-0.4040149322947564
-0.951783265776887,-1.238358957152597,-0.6825526883295978,-0.13713430927701373,-0.2298516565493665,0.45064505668988747,-0.8932206873368594,0.7310167247271512,-0.6064360636656837,-0.5861352514776131,-2.71319809972404,-1.030967245690733,1.8248741747781778,-1.0026798350931598,-0.469892373628857,-0.3596584719539615,-0.9959894281854826,-1.3852408990126672,1.7892018662616398,3.787468333981879,-0.630390480176601,1.0616827327711535,-0.8396074442886668,3.5887579943368966,0.3710569031386067,3.7739042407306167,-3.3504406358219803,-6.483468314468012,-2.3247074194413435,0.8410016641605452,-0.10676984877225267,-3.3064204092955856,-1.5478629584279298,-0.3151080682154641
-0.9862950202522208,-1.249228090095751,-0.9885779512415944,-0.7890460743042231,-0.3843398490104325,0.2070432543810919,-1.1952353795265107,0.750018216408813,-0.43229999876156383,-0.7606948435902751,-2.4046618098368326,-0.5753487075592971,1.8706650676351033,-1.0761429277638574,-0.4905328146319984,-0.38767690746307193,-0.3627471437656943,-1.2452824004526395,1.4935139575669414,4.0580287420646615,-0.21016833218766837,1.3224484800720928,-1.1797650533244164,3.7099057896462884,0.6826692700139887,3.1797251052132984,-2.719747922355856,-6.638665992508638,-1.9203940403274087,1.090013178201639,-0.331288720678777,-3.2506435439199874,-0.6055824741993548,-0.15635946604409107
-0.9816557777055985,-1.278843791471416,-1.0593779423401544,-0.9240699918581873,-0.29946589509006255,0.0655462665036463,-1.4739862688633485,1.0957853949725112,-0.2969143439714746,-0.5764974327718939,-2.4425458461058462,-0.735716564278784,1.9067990020608103,-0.8068138999326226,-0.28769746403883933,-0.49297646700229336,-0.14474130691247525,-1.0616482990832279,1.1243861646666111,4.315633614512238,0.026584473726265902,1.2362292843329956,-1.6508145736186288,4.137327837064956,0.8833881035265713,3.0697034620388854,-2.8392533935179896,-6.599600452364812,-2.387723335164588,1.0641652622851059,-0.6931191989599944,-3.485606500610434,-0.6295731462718597,-0.2784837288769611
-1.003827166600028,-1.2424687617486228,-1.1037846065341317,-0.3434638716644229,-0.24134735817551928,1.6444935485385874,-0.1251225459707738,-0.5935949563762271,-1.48373660963749,-1.013493877305598,-2.3685892331522735,-0.24780017461445314,2.081153873524651,-1.1861136233764267,-0.6667845740272776,-0.3832594263160918,0.1472438893848276,-1.0474796867148783,0.738060493228196,4.466927533874348,0.7208998431703215,1.6856531072512484,-1.6283533663555192,4.10252939777999,1.3348878198354852,2.7066516783126096,-2.724004497396064,-6.722907919129018,-1.819942918042053,1.3619686370092443,-0.9369262266663332,-3.711427163624366,-0.6444556104101652,0.14565635297337895
-1.0039748340645023,-1.2779241372155854,-1.1732841938042742,-0.48301957268238255,-0.15675249873467853,1.5063903085927304,-0.40438065690305547,-0.24826419921482917,-1.352966982824283,-0.8181398172567416,-2.4894915533118755,-0.38173563866419946,2.090364354649038,-0.9336630569328783,-0.4982250772259558,-0.4644209186483441,0.17482811083279456,-0.9737470669234419,0.3635196999197156,4.373358288685699,0.9998030542471329,1.6505546154364819,-1.5606980746610535,4.750925610455091,2.0375565626335,2.5133378263009396,-2.994691580161208,-6.664508611258177,-2.0939161563082314,1.463174857896169,-1.398230596022644,-4.172701151559913,-0.680731356771543,0.0336143671719703
-1.0354077651340456,-1.2412319816163386,-1.0719665883859886,-0.04203856836261094,0.09010719448630732,1.149243517865686,-0.8669504469852688,-0.01147085426760335,-1.2326310757070953,-0.4232213023389646,-2.502596423963566,-0.7590669160108531,2.0251622789146264,-0.8411479081808184,0.16377855773901936,-0.6570200585189233,0.1939555996334883,-1.229877435986223,0.4331785776186295,4.675606599995681,1.2680125465499168,1.672538940289918,-1.6844394559019376,3.9298178391463403,1.7121329590945218,1.8733326159306887,-3.487661169920763,-6.205329224501424,-2.7247715120654497,1.8788437104053337,-1.6593311559388406,-4.422159465846753,-1.0772204888590244,-0.23770034787027755
-0.9411591831457495,-1.3248784760897585,-0.8513546181563616,0.719871481227818,-0.019776326151887652,-0.5900715623297104,1.493904845630277,0.6992728394190701,0.1299086492373135,-0.004219400351338335,-3.0096755444137533,-0.3916306029005382,1.8046664128286942,0.3616021339681927,0.24315752924126066,-0.6463405138070342,-0.38962492607566096,-0.934462954820329,0.10173969597115297,4.193580424661304,1.4373444732678944,0.7238505853773846,-1.2747236971846831,4.052601714012479,2.7753517701822634,2.2350878878119795,-3.2482445521529786,-6.6761139539405026,-2.391129834677081,2.5795763542460497,-1.9041057901917835,-4.494294265967563,-1.378552836760224,-0.8872292873139885
-0.9115039561961698,-1.3470405782160448,-0.9831861740512692,0.1620305749079637,-0.22756125184947765,-0.5605273288841688,1.2509343768291432,0.9229795189288593,0.5307489216950568,-0.16553808200411577,-2.9331548999482986,-0.8069125697132357,1.8524008201450601,0.2578029986723396,0.13259815323140928,-0.7236975403303837,-0.49630142182533316,-0.7577316282799449,-0.08880216038564112,3.9477113721640515,1.2378121789369594,0.7424050529238356,-1.1661700429827397,4.284061565790108,3.062507860185885,2.2902201416475196,-4.452723349687765,-6.506571620341379,-2.7736650420397555,2.387736765341373,-1.9183681137752269,-4.78295949543819,-1.2979021251174754,-0.729929755804287
-0.9289787838703211,-1.3508398870954341,-1.2039711171978225,-0.3505405956675862,-0.41460101487819956,-0.8177160309108888,0.9682094910015289,1.057719310435585,0.5755442152456514,-0.30662021189114536,-2.8312119002337517,-0.6832374932705251,1.9454912581025001,0.006296229396937261,-0.059649808913447386,-0.6664856245172934,-0.24431293516559882,-0.706518503943826,-0.20412824474105484,4.080618733673119,1.5065561700911183,0.8386706062280164,-1.359552076785353,4.4515896658519125,3.4639722674293556,2.2189903203869434,-3.790221851248765,-6.96608754324307,-2.368565713642503,2.5537981915267283,-1.882389390161907,-4.760923543206097,-0.6036666739850343,-0.7232147099382105
-0.9820640490059944,-1.3245051668679635,-1.210205865835919,-0.4079046458665627,-0.4382664397771143,-0.7344387724323601,0.5875056918469235,1.3892480024769767,1.1283025948321719,-0.07511864866947873,-2.6851759234181145,-0.512545970444138,1.8771006647469892,0.599530990415321,0.2714469801126869,-0.6436492551181701,0.025459258621539207,-0.705708262024444,-0.2862153533406501,4.319607183118307,1.4824550151923601,1.0187435811197558,-1.4285899768892403,4.755741233408817,3.2133998885544166,1.9254243115254874,-3.6820921501507304,-6.535399221047551,-3.1400154825594173,2.330624065041206,-2.001219780055254,-4.949885729865961,-0.8991953094813538,-0.6885100075364738
-1.0540467736401486,-1.271833190213806,-1.1316785996292598,0.23279914532993862,-0.2860362990779108,0.9355078167564113,1.9128370403611346,-0.2111281059944655,0.05732776145341918,-0.7322054120207702,-2.4959368601916454,-0.2834679584500119,1.7266526200717027,0.8931469423061542,0.26574693085616347,-0.6440206486666648,0.374855702076372,-0.7653217999359437,-0.40323216621786984,4.637500287947497,1.3686939978585653,1.3209624702210483,-1.2578309433917134,4.646362762216004,2.8797074217800875,1.7700845143661805,-3.5425545288674254,-6.025043097022158,-3.319197433454095,1.8487272680520022,-1.9507968770024329,-5.056129523558003,-1.0469995197156667,-0.40127593719055066
-0.919125349437644,-1.4503420238041518,-1.0343933822798996,0.30673078870230996,0.23348327799409543,0.2981960757202162,1.6893183951336042,0.1755136701562439,-0.4710433475281967,-0.6153177892335285,-2.7498324856148213,-0.4067414490948661,1.550543871275536,1.1897481998745807,0.21813599333713724,-0.812002646028178,0.022820259571844824,-0.546362060897819,-0.3898237721851275,4.652296899923405,1.0200773664403817,0.7332516294835993,-1.4421892043271245,6.026037240151047,2.9817162958597843,2.0070358012140885,-3.8273893727811577,-6.620864803083505,-3.87595599210739,2.3211201817875473,-2.008496101177593,-5.713459833469736,-1.0067541165689162,-0.6738255398537786
-0.9513592860869013,-1.3533771983097784,-1.2536319731018253,-0.03910442617333021,-0.10728756761326591,0.40592806318142766,1.2764053588258468,0.21484871770047423,0.265544267194672,-0.4882287629167968,-2.442198981340658,-0.6399634863812956,1.4891161130929809,1.0406973099619141,-0.10774159313518523,-1.223290251069408,-0.19087297536104414,-0.9064509203354881,-0.13020606027160297,4.802010064590483,1.6853547231335422,0.7362167001007975,-1.3812623113469542,5.5787520692494414,2.6159306874593597,1.9037201039040907,-3.547254346970127,-6.432017165694603,-3.989686981506003,2.5314687835802525,-1.4006542754321873,-6.030646100712613,-0.8225349234925603,-0.41716490707408316
-1.091242933327625,-1.1920362174256722,-1.0335938884113265,0.46995644787212365,-0.2224127578496518,0.5889454146887626,0.8044267422473258,0.8038999192438503,0.8820231077281298,0.07892269936227886,-2.3173146388137997,-0.23267272718277898,1.4399082139581063,1.200057854833239,0.29599539835623057,-1.361175956285508,-0.1808701047796649,-1.4307026145991668,-0.028278450922000164,4.993410953886407,1.9350306095528202,1.0753733847697324,-1.0215540842935769,4.744961373593281,2.3191854874694138,1.9082656612200053,-3.700133981180993,-5.809768884949717,-4.679157960853873,2.2331892030484424,-1.2970793858004497,-5.891987702621414,-0.8204173233098554,-0.4129430988192491
-1.1700685570767233,-1.1703115139753613,-1.1179291414044275,0.13389656033738423,-0.21244169199026391,0.13798226125532548,0.48298531765074876,0.9644997427615117,0.6308896000641608,-0.23058195984013335,-2.3498109248677648,-0.6495107670904066,1.145018385666632,1.677945587613597,0.6115877439864272,-1.1712414954941197,-0.09188828635011975,-1.8378158871680927,0.25270262607450544,5.237248164258863,1.6997039660305435,1.104869450094769,-0.94539708264454,5.203519872111769,1.927182314070478,1.9617154460289759,-3.3345834640626277,-5.9297312571481084,-5.010010123637621,2.172379614879964,-1.1675051956356233,-5.789716960307033,-1.0931615091083235,-0.7647610480340892
-1.3521759932161772,-1.027561427906002,-0.9651000316630105,0.3962622929714692,-0.33531880665700264,0.10831855881085109,0.0444284110334118,1.4229393133253345,1.003231861939484,0.007101274679682718,-2.116487754986719,-0.43759303214930173,1.1267631701116343,1.4859517004806098,0.35747970507212845,-1.2429910698425854,0.05857131617940533,-1.860249990802254,0.2064931360052571,5.684903859120744,2.427223808643642,1.3079052992088631,-0.8533319979263545,4.06695976253422,2.7382048325949953,1.8617662401368729,-1.5496125409050792,-5.631279767589242,-5.062667247780428,2.518554976000378,-1.0148850878984697,-5.856833677744468,-0.9923510816940535,-0.7983189618852666
-1.435819429441271,-0.9683939064017989,-1.166940884579677,-0.07795606446348093,-0.5618881903148901,-0.3891295277226618,-0.1573577273755898,1.703173846677838,0.42324248418724586,-0.2952379655290322,-2.1922997457730027,-1.135301382077526,1.065577342332002,1.0409792902975858,-0.035582433340550446,-0.9140566702032893,0.14956495830284627,-2.230436659837114,0.20160482416268002,5.651948015704033,2.622424885129848,1.5433584350111382,-0.6929981089350044,3.8390511688925795,2.704443610434878,2.4634637790118217,-2.749483684186468,-5.70199751880817,-5.053309776364311,2.24762234748651,-1.1947998951515135,-5.76817622731819,-0.928822390040128,-0.5043700669524744
-1.5025315333513385,-0.9057240457166794,-0.803950533530231,1.1259895323627371,-0.34395182854073564,1.3959227954780304,1.0302067096396819,0.23703040363495786,-0.35366170163095656,-0.46220659310592993,-2.0522122477818097,-0.13989707967631493,0.9376465336352741,1.2637508431117264,-0.3346824466968143,-0.8180711642140448,0.235243855436722,-2.154397952995906,0.060381694737604,6.077379120238878,2.986032214073004,1.8409449692966522,-0.63799111226576,3.520661763347945,2.405662648260176,2.25822036220711,-2.282832249533698,-5.250456997321762,-5.459634688332406,2.668993492767479,-1.38388959795148,-5.9635743719843255,-1.0764987975763622,-0.2881054798388816
-1.4754211694087223,-0.9777243664194268,-0.9765344450369737,0.5841954739278862,-0.3147761342734484,0.7268422136351383,0.8693386250107252,0.3972964956337878,-1.0166027224666074,-0.8649135163133652,-2.1976147519113183,-0.9849455541604475,0.9859659600193099,0.7902888003242756,-0.6756933926182935,-0.891177621061709,0.043305538738100315,-2.240168457093597,0.016785031829228487,5.859469113439403,2.6294802564508317,1.622575059224349,-0.35255957952730843,3.3540480662450176,2.704187908056673,2.6351165285320004,-3.073225352695775,-5.490249679842846,-5.315588707769671,2.338189400555659,-1.2574572782802522,-6.064180746276216,-1.2419035139741934,-0.28657067665285346
-1.4675369147019743,-1.0265092860327032,-1.0379839224554317,0.4432677153037781,-0.21438539520214772,0.5731275907935139,0.3945834415064577,0.31496275297657395,-0.3728207372410383,-0.6599392805253752,-1.9488881390977584,-0.7186084757259688,1.0727285263860122,1.1674992309989882,-0.2626094235028239,-0.9458583045059862,0.1302440299324423,-2.383446503996496,0.11228969256881223,5.797996384870746,2.6115166409317982,1.9340668639768934,0.01976924063675405,3.153073771187405,2.7571290142864675,1.7830643192135913,-2.5237924556191786,-5.437543994226324,-5.417878675005967,2.8598308272986985,-1.2321739779881669,-6.208248017564503,-1.7962155784956477,-0.4311635057709143
-1.497727456532168,-1.0029041993511305,-0.9583064440918502,0.5170707423337895,-0.2683994977553962,0.5306602461347479,0.06465153376938777,0.7867273655637721,-0.1307578362600073,-0.36995038463934526,-1.9526846962110918,-0.5370211712816031,1.1152745434158489,1.1961534625381491,-0.28287994746356915,-0.950518801060226,0.061664640325550794,-2.5892677611444177,0.05714278192590641,5.841162717095043,2.665476525175852,1.9771109626156322,0.11297055851264985,3.136463636042967,2.578207420807842,2.0824299671280193,-2.806754500270079,-5.456317611663814,-5.815197448174423,2.729078421640646,-1.2391798245806143,-6.16329764999414,-1.096712108019227,-0.5055375412337109
-1.3930880741845726,-1.1298813958982021,-0.9404734258018128,0.4153880186774064,0.03918854698017376,-0.1287433689263805,-0.21291678440631107,0.9151390142019059,-0.48716568276015176,-0.4277849694161536,-2.0925330204453982,-0.9326271299128197,1.1758708959697153,0.8218973572972925,-0.21287119468844998,-1.22068335421122,-0.2859149279968651,-2.530898432718164,0.1258180052780511,5.8198071495508215,2.4629124827837154,1.3625832924467178,-0.19990151965640107,3.3663139592601894,2.857941142125506,1.897104267952404,-3.0883844824830273,-6.138130245680782,-5.753552381685422,3.512494777155623,-1.1716827159346273,-6.279531521230849,-0.9220509839028761,-0.5737706586671815
-1.4185413043958686,-1.1102853220198206,-1.1420206556241579,-0.18041390699059703,-0.34642843105383125,-0.012265400585324255,-0.5106365351736197,1.10755180704761,0.03737108739971018,-0.5038870646239696,-2.0080713682344156,-0.7809610956914133,1.23685139124329,0.7560809867871641,-0.4288194944546139,-1.1771761470363908,-0.10723315320792712,-2.4953809012822075,-0.13957288611530977,5.852578400825495,2.732357141871556,1.514824626531049,-0.22042994187887904,3.648071677547929,3.0119418981915436,1.9751467515889518,-2.986916256598936,-6.229696785323521,-5.6143267108087285,3.199622861494042,-1.4170702598479286,-6.0786966405567755,-1.0397832369991784,-0.5313832316557484
-1.5004569427932535,-1.0318327502807731,-1.1747877606484118,-0.24605794785298726,-0.5164554017458929,-0.053948521489092474,-0.8958209067518774,1.3996100892625811,0.37397335762711426,-0.34369718968118496,-2.0055641826157293,-0.8411652538851283,1.2102994528695896,0.8683164834645558,-0.21637238750584406,-1.2265109780630359,0.013795748446634287,-2.7708969591250425,-0.27221571979097603,6.147548410692255,3.1311880543872346,1.713338408233087,-0.3092959003595681,3.37509682364274,2.8464288975906604,1.9875254558338216,-2.7972264398291546,-6.037933775326275,-5.94072800279389,2.9900742495911157,-1.6506010463764742,-5.896104577820991,-1.1808746596061015,-0.5876176984712289
-1.6143620230167846,-0.9076047734853453,-0.829025870595315,0.8976186743116998,-0.428754747473619,1.8459341671974838,0.3425121441445274,0.06732980140548477,-0.46767065307992367,-0.6109993911143933,-2.0725086008082982,-0.35260670892277696,0.987624180028501,1.2021137448763979,-0.2910234556929483,-1.181305157838634,-0.03368122804766469,-2.999121329655259,-0.4537147186757875,6.581613571422912,3.575016163621124,1.8664475385600836,-0.25843286269888915,3.3640729508125276,2.5356280777848403,2.1619478255831805,-2.439989946158632,-5.615117565031539,-6.513439124005321,3.0165122146781043,-1.9339740525445641,-5.989995948341994,-1.738878424261608,-0.3413724732978882
-1.7208859155595426,-0.8577621352595648,-0.7435231525633561,0.8885652176776442,-0.3742077585074455,1.5068072215972002,-0.032875171050494346,0.3269822066119682,-0.5124504927765147,-0.7014408677901183,-2.117997758430557,-0.9877632162797549,0.7356742221421853,1.4871712098591456,-0.21857178434126054,-1.153176587815018,-0.08452871478978992,-3.151231258150664,-0.40345259056362465,6.957872657844893,3.7579337791154517,1.8268276595824844,-0.2634866991978923,2.956086251522978,2.641185674402906,2.167516602092799,-1.7413709490642362,-5.331079354811759,-7.126786742264232,3.2474103250261592,-2.046486060061835,-6.178868804164517,-1.497433255081712,-0.5451541914131259
-2.2266719228293232,-0.6003692243711632,0.2959514418782357,2.5616750638449637,-1.2143186647810702,2.6117130143284677,-0.8305637663485139,1.5553320038876384,1.1824593610736513,0.8483616764788353,-2.421236138044052,0.3706594913918785,1.2908619606109597,1.454900319320829,0.12179942464598417,-0.2551282546939935,1.1832749336376076,-0.8651729820659947,-0.6029350323414931,5.825913455145406,4.8631381374077565,2.080948627842969,-1.6586690619703213,1.7695182360530528,4.984496942504957,1.1336619892766302,0.8597602100917116,-5.541619993219099,-10.081660945986924,4.6036691871286415,-6.076060905800576,-7.609077011134186,-1.2703597830803686,-2.4343557237761537
-2.485942078017704,-0.6402216597508246,-0.446180804632033,0.5328930445967881,-0.9794177016080436,0.3588471826197193,-0.8801442113980884,0.8324608094747626,-1.472464433916646,-1.6732451392754848,-1.5529184601683745,-0.7621599102325415,0.49266359844374996,1.3844657646698937,-0.02218057320517853,0.6055093834620352,2.076805798547915,-1.862519852793921,0.26890153670218403,5.736588156281393,4.113980745346486,2.900061482496678,-0.7148974127857143,1.8730407876275408,4.208531468112192,0.5132009521431826,-1.2422795056298568,-5.26557695269692,-9.642967011811969,5.589560212093485,-5.445765318828681,-7.878121752378831,-1.001598280431981,-1.6951466954057228
-2.481450586309148,-0.5883452781197033,-0.37786181773240574,0.7991249068451864,-0.82276962489573,0.1846938785871861,-1.3171854468671296,0.8667166596222848,-0.8043756075511775,-1.3533310610299283,-1.0630885416363738,-1.7845156627002818,0.8445125200704413,0.21745820792773204,0.7788859366208376,-0.4044622355054908,1.949967991242406,-2.3579170824129387,-0.007202913535767527,5.6865935612244645,4.3823462240536095,3.2760162941686466,-0.34068071065147065,0.19191003289905836,4.3355823423839075,0.2160969749612387,-2.2558298619800166,-4.777804118736843,-10.115734522690579,5.8917391418316525,-5.5196601277241,-7.572901896680293,-2.0279874101971327,-1.7230697431733573
-2.5752641888885406,-0.5554391580427158,-0.4818908489734696,0.48029079532010377,-1.1688326273870486,0.36437224881206026,-1.6813700923813477,1.1813488641327425,-0.2113693820227313,-1.2186232295653099,-1.0470270877982264,-1.114582569964085,0.8156032290045472,0.42804182209710634,0.6290951817382858,-0.3522586723386241,2.219489057844684,-2.654827275253677,-0.19920560004268048,5.850118021408677,4.709956909086073,2.845074521928145,-0.754706444364363,0.6325066264353222,4.044537434798327,0.3450283411641172,-1.1657704201458585,-4.9027774844952345,-10.239343011700312,6.058390968673787,-6.098265709628778,-7.427311361829389,-1.6456304125155434,-1.7327873992527227
-2.539803707246691,-0.6869143023055386,-0.24675133360314802,0.8382837583798964,-0.6375634046110293,-0.29758576483357807,-2.0031675326950196,1.5341889377983289,-0.5672768514170465,-1.0144482772066294,-0.9275262965006796,-1.0320370499390574,0.8781039164988286,0.22725927665355902,1.0228111537579216,-0.7897453943075673,2.3166762396355947,-2.5875982361718957,-0.14839628728270615,5.8385775863145035,4.614923803454306,2.766467676963702,-0.8092126313298094,0.6247650744513654,4.320515191298478,0.23042011631186574,-0.9119145820209212,-5.488329486918147,-10.183050076978978,6.3302313203096165,-6.319124464800304,-7.325591512559401,-1.6746807597188111,-2.1425397713104304
-2.5454640418326955,-0.6409721858909366,-0.18482610342216582,1.3642209891637695,-0.7925467248348169,1.5150745598871258,-0.6853210877646159,-0.17225896531973087,-1.4057175035105511,-1.572958573068396,-0.9721109256170185,-1.094615334596904,0.8935367652727036,-0.1811949155077641,0.5570802904515741,-0.6536826155969728,2.232320049830254,-2.9287707210560776,-0.29555980192266845,5.91276145350758,4.943552272341003,3.0466397036435064,-0.5933548067903043,0.45619159299508005,3.88004393606811,0.27887800536391094,-1.2748214124510218,-5.492152405287197,-9.868256070253913,6.241521409789251,-6.610530497641611,-7.176949889976394,-2.1277697048187867,-1.7587437304894766
-2.8313272525871898,-0.4715373140609943,0.20446949764071912,1.8874556544780146,-1.4520212655631595,2.1903081454115974,-1.2767635995884359,0.3759832714387804,-0.09613710173612401,-0.8038938656368413,-1.1358672524866895,-1.052073993269379,1.1656897287141899,-0.158145105642447,0.9265294013388419,-0.6661494040130966,2.6252393173963915,-2.2379220582931434,-0.17984158202282885,5.352504666465006,5.670570826161633,2.3598375271473575,-1.9898802244743126,0.3538285957824746,4.518266948964752,0.05574604204618185,0.40685858973870376,-5.519589862977794,-12.161867734542374,7.160029296008641,-8.736530346083631,-8.413858806504908,-2.5442104837744406,-2.451364719354793
-2.661779858366674,-0.8458497853929261,0.5307456038180298,2.0670360216332293,-0.09193473280713567,0.4849095848146072,-1.3818355622573568,0.6437288884138089,-1.860456537100594,-1.1134085816907917,-0.9845811249615171,-0.7556541205583645,1.1954011237596498,-0.42016088184963996,1.1875051778225405,-1.1941113453129975,1.8203940382343486,-2.0676747957544,0.41206623177697654,4.885557285336111,4.443347219923388,2.075425780802334,-1.0899193989693046,0.8709269004709632,5.274661727003298,-0.20394033222636063,-1.8504579508796717,-6.325877043837964,-11.842586367428286,7.873060200087118,-7.894564099637937,-8.552807279059259,-1.973133590020815,-2.6810447848718386
-2.7280918859648455,-0.7880471205105655,0.2786286127432482,1.3599569518329637,-0.9223754826035777,0.9747121272176992,-1.8685242651682406,0.49585885877094116,-0.5301075608037773,-1.036996206832429,-1.0755544250095905,-0.7013699082850177,1.3300367605495513,-0.5093102516437237,0.7541025686620216,-0.8982188979058314,1.3473307051167684,-2.387630005956065,0.610187197020889,4.511110816699719,4.243782388715304,2.4613342706753274,-0.58404556299519,0.21598188948022817,4.8179399333715764,0.21662451150942746,-1.4221840560640655,-6.178812342990701,-12.451288513191113,7.718586156410484,-8.15914351450714,-8.57305582819892,-2.2669460810985833,-2.712002813372671
-2.766061591096223,-0.8223482647917021,0.29214503767990413,1.1941828907179421,-0.8585898855340605,0.663690586805449,-2.2171097951060976,0.6555321366450102,-0.5101290261318541,-1.1626452308009325,-1.302536927238198,-1.557250956757247,1.1757013030135337,-0.01836268237621073,1.0131875302379323,-1.0648999176455802,1.008514425796604,-2.8792872389024624,0.6815735164861503,4.4088231620816485,3.7205780794587047,2.2040701241222416,-0.08279613074351604,-0.2717010089496791,4.459846219749372,0.5359023856339358,-1.779406458206905,-5.584690772684774,-13.106094633657973,7.135138674413889,-8.289879227470033,-8.796334885785907,-2.372652246840777,-2.408451499903284
-2.9156501125781094,-0.8017124886656282,0.3913503672980103,1.1588658986779352,-1.1415709272141539,0.6044894295006964,-2.6614838204317066,0.9353147641856281,-0.13830344584105467,-0.9811489770679238,-1.249112417274218,-0.8548264375788768,1.2908625803256517,0.06904839973915748,1.0307907126004374,-0.9579565824374616,1.5235419431954993,-2.68838647500065,0.8351841463796096,4.463209424840616,4.223974453812635,2.1674945501510634,-0.7489591259454157,0.013732791297736269,4.786942422760511,0.5079354000502738,0.6928197067818532,-6.274281138953394,-13.309824669591254,7.48640466444922,-9.130898784607378,-9.005706403981065,-1.4287551043801499,-3.01446106349585
-2.937627669537919,-0.880893300599193,0.05993246471315474,0.6871002551912765,-1.5169874948862427,-1.6676127321562992,-0.10487627885981078,1.0253842712233048,0.6531319225470714,-1.7333572532940245,-1.4056997093158028,-1.413065134149501,0.7636466408042852,1.4820453773065723,1.0059676544380987,-0.5561843231379133,1.7133412214224453,-2.690952993355884,0.418228539557395,4.172616087347028,4.462493497998005,1.811595785229633,-0.18243674079607972,-0.289454763121152,4.991698207367791,0.5276777875230351,-0.5670816204858784,-5.923489949885372,-12.500787746635355,7.499689576871569,-9.938226592344625,-8.491015942238784,-1.93960218086865,-3.3193882747626047
-2.7925611524305443,-1.0093437940742398,0.38497921981221533,1.894055397516491,-0.9909048466689366,-0.30697987976221497,1.222764088969146,-0.49514782558515186,-0.6630293281909777,-1.8422055142794471,-1.4270949564396784,-0.46235092469689265,1.0205680478459527,0.8482421598938279,0.6253074721259085,-1.0420048898708474,1.493028552202773,-2.600260695133367,0.10126648425248738,4.322091243904781,4.307985441013068,1.6802408445509172,-0.14782274018145086,-0.6442997774262886,4.634390592004969,0.5318542153072041,-1.826701715966417,-5.926949010161792,-11.899099810970778,7.359812324052555,-10.100543978802385,-8.079501923349005,-0.9001008149718053,-3.1801693201364793
-2.9677462770627727,-0.8258323755913615,0.4210921993483319,1.9806053901228984,-1.8621486993344631,0.506622915605508,0.6522816637602016,-0.09511570624442976,0.8444024443178503,-1.173444190856885,-1.6475395056119608,0.29104950414730024,1.172809298203684,0.951685232764072,0.23531287274377535,-0.9122399701573654,1.3015135915902794,-3.233761614115448,0.14293680214324825,4.268298129427316,4.284438529393931,0.8209658670310319,-0.7451066163132258,-1.1330308255050243,3.680911664689423,1.3986186569433126,-0.9399519887809441,-4.8493952026819604,-13.561479740185547,7.407025577433782,-10.930410838978604,-8.91899995831529,-1.2026282053379076,-3.252278941586444
-3.00037230862944,-0.8895692292300871,0.5550946862205174,2.263407636694934,-1.7320872400441103,-0.35327718260619795,0.14938764243031966,-0.08375949403515968,0.20898823716401513,-1.2652078900696417,-2.342354050820753,-0.9387634641589233,0.836649047768677,1.4863005868187131,0.6174418211902485,-0.32238313882114344,1.022676755179723,-3.2758477642376658,0.6082798079777119,4.39299160896256,4.634121576364825,0.8301321043685499,-1.2130787217896368,-1.030535625815564,2.793278786836341,1.5272864731596554,-1.8325599235232048,-4.887591903444096,-14.425619216853756,7.740699972319785,-12.409722472990541,-9.512314316689517,-1.9270578934513414,-3.4773398891941882
-3.753248629080137,-0.5230761835174992,1.6934162158316153,3.9479926237805705,-3.464500381659693,1.5480919464012877,-0.8378034617383878,1.009933882648208,3.148993212025912,0.7329833766584307,-2.5332918209138837,0.3771821010082231,2.2165954831720063,0.5795390230065336,0.9744448678136058,-0.2008342933625618,2.674574579242353,0.20998799349984953,1.4264805887860703,2.011720231779714,6.760932250895704,-0.7983532234058685,-5.965166411685639,-0.7631078696275102,7.0519752903327015,0.16620387341489803,2.304062949747945,-3.6642100744947403,-19.965641387336834,9.361075840664933,-18.80400949231175,-15.669142534066161,-1.5720909593395085,-5.881395994273405
-3.8846575089940103,-0.7497770682265396,1.4451650007024501,2.622841138895852,-2.5719732538638764,-1.1824658226055924,-0.8099467428704221,0.6212401610157171,-0.37458291963758983,-1.7405653277721829,-2.5580664205821715,-2.259103661462588,1.19341822548044,1.1773810839306682,1.476093146634768,0.30562705142800745,2.9456211349909642,-0.3659396622763356,2.3425912119008103,2.160427708569295,6.192879790391661,-0.14529137792316937,-5.009296125853507,-0.18078308463039808,6.968348245811799,0.021739112268471014,1.0775494231970923,-4.280025284514173,-19.098900715371023,9.115424924720926,-18.76413891207616,-15.658341373971767,-1.784312523575715,-5.5615909104609855
-3.449531918961359,-1.2978829173557016,1.8494839846136775,2.9661861298283565,-1.285339710937361,-2.639073416264922,-0.9195284971803898,1.0884168309493518,-1.7047994964239497,-1.4580124531769467,-2.29277002581476,0.7071323117637159,1.6924914415405947,0.3645399187266563,0.6767775167575095,-0.3377717436397387,2.509493059212514,0.3085366649024358,2.694234616013885,2.2593129880053775,5.195864501489674,-0.26709461528657313,-3.6979452288619012,1.2019483149484032,7.531933668427805,-0.33083914461634695,-1.2878727094497588,-5.923485506553406,-15.380376201425658,7.817465798424522,-17.940082599185995,-13.28750956699243,-2.179353341334506,-5.391242386056982
-3.691553258346371,-0.9956664214715941,1.4417268414280144,1.9172263841358068,-3.1882923299559094,-0.84690983885612,-1.6243109108016462,0.7051487789742082,1.6169366932950608,-1.0171321470331982,-2.34194134200288,0.46052419413930956,2.3306672955472068,0.0072180384212681475,-0.0683025775722444,0.19942551961439958,2.0950791494981886,-0.6146232024237722,3.2154133755603165,1.7130056475312818,5.377625040772771,-1.5683514841627957,-4.511693978736688,1.5576161096856787,7.779717635627532,0.2889226368953998,1.1895541918061985,-4.5665962768263535,-17.266020154890636,8.55314227040243,-19.264348075497594,-15.164350602549689,-0.5370079860810331,-5.42543286396305
-3.6166901106950693,-1.1942886778539539,1.770389211310967,2.913116137870727,-2.048394848725628,-0.551989427020764,-0.22689617334447293,-1.0831669442207499,-1.1558029790793343,-2.0431946470021782,-2.4219541804348257,0.11193841461282722,2.0197318478790316,0.3117924883310731,0.15109821036250945,0.2721399487445753,1.651089338184895,-1.2543556992130867,3.6501494104884924,2.020568263472496,5.0328829547205105,-1.1580940137098306,-3.1945407532232855,1.9977148089516066,7.311797242635839,0.21103356714982377,0.1522102089949435,-5.112171378035909,-16.333329737562856,8.768394154925556,-19.037482590813116,-14.762836862195778,-0.8978366773603477,-5.161135646205534
-3.6889673667365277,-1.2958848738389226,1.3112417884262573,1.4992135201139167,-1.9827997890742433,-0.6279469505909309,-0.4568615638442503,-1.5729154513438641,-0.366906239273262,-2.779320100933941,-1.5934367891257712,-1.1215570395944898,2.4441404783211973,0.7990794893137282,0.7144781896828761,-0.04319900068789084,1.5673313533892121,-1.839851503567759,3.380389821898647,0.9402421250227343,4.707510855428621,0.06309672716031701,-0.8561121143858993,2.510720192762718,9.233696358480111,-1.006659273287529,-0.06768148529646563,-4.636724599277707,-16.226077067966763,9.073611689285553,-18.450416261356697,-15.438596661871266,-0.30597168049592505,-5.39491138746447
-3.8323020670515993,-1.175336640038669,1.5557667852601709,1.9931370226443739,-2.2753047129868715,-0.1362951793287179,-0.9802664940551704,-1.0675165220911174,0.7594755669041623,-1.9486766882387163,-1.893947475212835,-0.749410633640968,2.6732995060974907,0.9765804181580283,1.0509947032692408,-0.4411993780056567,1.3827234091426475,-2.537563340929583,3.373598125982023,1.6184428950711789,5.372066789735934,-1.1822902926113803,-2.3010917038684657,2.882615011306957,9.285625241736712,-0.468706462761105,2.6081467311908937,-4.1137104731627625,-17.572186656770906,9.498597016868981,-19.50838087538828,-16.322591505740153,-1.09366315070561,-5.983307458910832
-4.12286322706197,-1.009937393785684,1.9167827053621196,2.5210626648684387,-2.541218986804237,-0.02552451048642025,-1.476517554982119,-0.6149816390726844,1.3689401415479954,-1.4350002658926853,-1.7603324313091813,-1.1834850175353147,3.0291789791742145,0.3784799816364766,1.684344518417618,-0.9493427571513849,1.5397104446691492,-2.357407021146568,3.394270249006742,1.2608579351729898,5.996341636156218,-1.5524361174931365,-3.651019380296794,2.0389328292945974,9.800807406001098,0.043989531969994396,0.006999064607275966,-1.5886347503364224,-21.320768395428892,9.536839522392757,-22.305709945546905,-18.942927282648522,-3.2350859615192484,-6.421803492481255
-4.167651033844485,-1.1992764092873045,1.6912524916038643,1.6962147979626792,-2.3458917406180793,-1.2417567946109964,-1.6829858191735072,-0.7084855440528469,-0.03598868212236226,-2.3545884169875246,-2.2794848738328994,-1.8699618801271596,2.329964827155966,1.2011662146019821,1.7831622358445525,-0.3106832890661133,1.7872514272317523,-2.2791745835172006,3.737464127931675,1.99956004531655,6.541230571325144,-1.120795745519098,-4.210787611593667,2.6249415831960254,9.101594815584217,-0.4594466601960266,0.4324060480822742,-2.5231745277635182,-20.68998012139679,9.445873917399103,-23.751061757735215,-18.584267227215076,-2.5961801686469017,-6.326603249537348
-4.041164003698593,-1.3949619043336383,1.658103760472574,1.512286305669686,-2.005977069271899,-1.9819675049652157,-1.8859237210226225,-0.4368185278874021,-0.6153271243382022,-2.302258965885287,-2.136597971352975,-0.9025275571807517,2.5432466680337504,0.6907193070636233,1.4393688279618726,-0.6132111347666084,2.0045970503347457,-2.2986503638948634,3.335442250252466,2.4588675763583208,6.926937528796686,-0.670366533654744,-3.843520103588338,2.8999529640303083,8.952014841464745,-0.6345227328791782,-0.9178084119266829,-3.3056374636228156,-18.88545054151935,8.89564609777001,-24.26561288765584,-16.954194215167046,-1.146176279566074,-6.451906155150102
-3.9950980801220433,-1.475707231373488,1.4348369137671828,0.8897539901298619,-2.2002179022795163,-2.0032495347687216,-2.136826586094552,-0.3776809876677865,-0.16102978653518263,-2.3264342368379083,-2.1138494064480873,-1.3654354808979776,2.88789983394528,0.42488051281500033,1.2723259969748535,-0.838482577199757,2.1072403806741136,-2.531573337821072,2.998977512728812,2.802011764641583,7.399838074473822,-0.4899342792807378,-3.744957749124979,3.16940561702419,9.504462261806145,-0.7422507633754446,0.38521091825514264,-4.340122879339047,-17.499130616016146,8.586917548229787,-24.54405229203832,-15.887614863730052,-1.7007052100046096,-6.406636469261352
-4.283064061047647,-1.2917239505674052,2.042938039289771,2.5533164132277313,-2.702842219115122,1.0208369794999783,-1.2544188732409842,-1.7896951556733176,1.0195536294448362,-1.4837314775215795,-1.9014691414754044,0.36769290337959404,3.4850983279020245,0.6103918325918654,1.4603247571499207,-0.9308721028063066,2.9313032463339064,-2.0136664047423594,3.2842012126207067,2.8864203536568556,8.148731270583294,-1.4841942390037837,-6.2219323857415345,3.6687182569877566,9.893073113112614,-1.0145716323971223,2.7731308592408204,-2.1285975199709313,-21.28093859208812,9.208310703188237,-27.878299303672254,-19.57238858767514,-0.9096911860404107,-7.206768135680985
-4.812046079924132,-1.129746297286858,2.667792396757569,3.265180496014025,-3.3370562527245804,1.1069648092405229,-1.781635686266601,-1.1349344868003113,1.3277828727262857,-0.9560253879314883,-1.9944022583665957,-0.19291217231508184,4.2289230942380795,-0.2602693836100849,1.7603676054779474,-0.8890346633109572,4.186174828196377,-0.4129631417276554,4.279975202046541,1.689736127292452,9.358965251999631,-2.479641125031761,-9.168864962704854,3.486656143675036,13.200522424636269,-0.8055912175145145,3.1636848844129597,0.05719815498774047,-25.60495679225483,8.827857624138762,-33.16182258487098,-25.055185418483084,-1.8085410342603316,-9.056136732649387
-4.949203472443326,-1.35512292410803,3.180375174240071,3.5562265071265013,-2.5759816916013336,-0.4472169076568256,-2.0519505353228262,-0.8827519318180171,-0.4668732561980014,-1.6246033606747157,-2.343580303218839,-2.1288078830437804,4.001978482774947,0.30871216071460106,2.686904542021373,-0.8187116458774439,4.519754630544039,0.33362763313370686,5.111868277510193,1.2883041351002327,9.584905637040512,-1.906647701965417,-9.031134744832894,3.6874268365886236,14.676649998593728,-1.3196960113111027,4.3641566523339055,-1.1328916981876047,-25.76512957183403,8.611077927077034,-35.03815015154747,-26.028220837450743,-1.7095159197713454,-9.9908516226201
-5.017250227854188,-1.431948381108338,2.80930314148051,2.2280716479557787,-2.840765900167161,-0.9057649320419952,-2.198793732448039,-0.9392619832399528,-0.7162859586754309,-2.5155900637551154,-1.6668976429284361,-1.647910399005187,4.010440940878256,0.161234253203253,2.15216380145431,-0.6289265914949057,5.007691088268437,-0.2662018005886745,4.912189277730206,1.3037848507208039,9.687351550858178,-0.9843725179890755,-8.154300656493566,3.5558917634885314,13.975136403127914,-1.3603503318809942,2.6317144469863067,-0.9684756272233912,-25.029455738978584,8.495997803015094,-35.47292521430991,-25.456289613602948,1.2828799232343528,-9.262137906046643
-5.380758898990418,-1.2105457980473202,2.987561732422211,2.437596402664548,-3.8072556717856636,0.029667927171658906,-2.889696404259751,-0.7414951223176802,1.3108933896679211,-1.646675495532758,-1.459827699408829,-0.7419850125187658,4.706974300356842,-0.4393761355892373,2.182972322163581,-0.8591505859417219,5.700697928971904,-0.4540703549836314,5.44679254451722,1.400516776235084,10.440296787090016,-2.644208823195301,-10.954435674642976,4.103174654041983,14.901266052003521,-0.5571104459508045,4.8146479359933805,1.7483076183000876,-29.18331767307726,8.942246562063197,-39.47276153799619,-29.577260391973578,-0.6723908718700993,-10.215329116331644
-5.473918095359985,-1.3662833251550743,2.8540268438391396,1.8291693286573552,-3.2945901873383936,-1.593901997430376,-3.02461764052044,-0.7755889454454978,-0.6361759763772538,-2.7468686358454795,-1.5329225944997702,-2.164259633027302,4.160869967745535,-0.30771920756245064,2.5959506301698667,-0.7186492575829387,6.050904798977887,-0.8871600769208335,5.591216668938373,2.0390414945644437,10.869357944227694,-1.7870188721401163,-11.010816435732428,4.086633118310955,14.36204775223,-0.43287466626906956,3.9452452997799434,1.1210282152904147,-28.84522359823843,9.131246031565272,-40.98398028316849,-29.087807874831178,-0.24332773543792244,-9.79537255832201
-5.307912365385979,-1.5589531990896874,3.209225452216511,2.441722254744932,-2.744995171866673,-2.1845989757304185,-3.2618660111573705,-0.08206188878167739,-1.1060359156171171,-2.083591588611928,-1.4488131570450447,-1.0071432378809657,4.519860841243257,-0.9585121652880306,2.2830197139745767,-1.1862051436220522,5.566513063499578,-1.1781980729132622,5.10605675378435,2.0862658939465866,11.061241648051093,-0.9752436181212787,-9.8006979459394,3.401375012258813,13.491175199897318,-0.2915024328720765,-0.8715297919476007,0.981445080275434,-27.8605957576332,8.641441932254315,-41.729338293362304,-27.388652921354446,0.7483471181011532,-10.34725372667673
-5.270819357328285,-1.6630098973837155,3.102482401995164,2.35753034827451,-2.8560772910124994,-0.32287324861137634,-1.965319316673041,-2.279405303584512,-1.5398752941731848,-3.007783786026396,-1.5559759977180014,-1.5715861202342198,4.559970330853698,-0.5695551313306264,2.0300510964638185,-1.0221190793693546,5.499788864078415,-1.8499135551451868,5.2969540949762886,2.582241218159302,11.265132007369404,-0.9076091175268239,-9.22446911252143,4.499987087562822,13.966628631533503,-0.8267971342265698,3.720500401826223,-0.9894710508044092,-25.56591585620087,9.296892929914032,-41.9872002638246,-26.373078351779615,-0.5261699939563025,-10.392109028149491
-5.598858404322119,-1.5116197027574783,3.6286274427543344,3.186511021459887,-3.6307575424896457,0.810969279612268,-2.6471588509276756,-1.642796282391744,0.5494725870335798,-1.4594614754519477,-1.702100067723351,-0.12498545327914824,5.68385642644123,-0.9493405599291603,1.9315175695247,-1.2343410024476322,5.423399041017587,-1.7723168586444022,5.6999612745394375,1.4306449617198769,12.466432951207182,-1.8008488208443358,-10.131767035329243,4.601867067940164,16.666023504255303,-0.6620442768171018,4.394858787812732,1.905409741473838,-29.490797362003715,9.373147813083818,-46.17225427452889,-31.740240644602842,-1.048570520166083,-11.960396199013655
-5.401905887997351,-2.0747810423798687,3.608602349981921,2.509015035882016,-1.8973153424483553,-1.5217954474644972,-2.7676197299412175,-2.1305484286624163,-1.6890335577870523,-2.757959423342783,-1.3152526353276601,-0.9937144909974679,5.114956572938773,0.6684384980765729,2.699798034410788,-1.1047863690402822,5.709916701662188,-1.7304309053297273,6.577745579519899,2.087989954793412,10.383191997045673,-1.103294122479442,-8.363632014360793,7.569086779314403,15.716141254206265,-3.2284209557095793,4.620980620735037,0.12276521622469905,-27.74950072077784,9.772264010722111,-45.519523838497946,-30.066641390636107,-1.776507018786535,-10.768566537863041
-4.49866291853458,-2.882774590875009,5.098149232622574,4.994159634543877,0.6260229823041235,-3.021380973577063,-2.7563699645245867,-0.490165572823412,-3.345161906900649,-1.0982631665650493,-1.585778213619975,1.058130784561921,5.822606753523345,-0.32802215304913174,2.148777217447252,-2.5905872458636545,3.568839341500673,-0.4355249046068124,7.061428853923352,1.9580474783658133,7.719939175163106,0.265052147063522,-3.225068721090946,8.165533394406145,15.560097379122443,-5.116977239283279,-3.6726964561873294,-4.862120468638756,-20.281987451800347,5.984062744316788,-41.75506975912574,-21.66667693461254,-1.1551446092400484,-10.544968943794455
-4.524327675223735,-2.714531663124647,3.7219989399717566,1.5857546979500703,-2.3682486109542418,-1.240161458546538,-3.102036393646565,-1.7013745712442307,-0.16600449233189368,-2.065461557760645,-1.5644274243176406,-0.62547489690368,6.521554176905548,-2.3624233028045554,-0.16634608533700357,-1.240565336908578,2.941584926675955,-0.6117280730753719,7.42245723021849,0.6764762349024395,8.366815279099386,1.7556430031709906,-1.75491192411232,6.576992443744048,17.04024472498405,-3.755282921757105,-2.8860064364594664,-7.218998783787447,-17.556299418934273,5.932669649527615,-42.50362654803488,-20.511339520259412,0.3330948537322171,-9.245128565289395
-4.755273885689798,-2.5828871860466522,3.6865835746657196,1.356027167313182,-2.943798492481727,-0.5401344696728846,-3.6437610514285343,-1.5814464696641617,1.4471998210622483,-1.6020074461461278,-1.518306625092302,-0.06713456554440358,6.641749128507901,-1.9388945286633248,0.07780526926488812,-1.2949325717943874,2.8658588568251844,-1.3146919659823062,8.033395214250044,1.5138979907507808,8.38067041764143,0.9215130662708082,-3.2851935664004572,7.337972944533463,16.813547233529608,-3.73325725955009,-0.006171581859574658,-5.2835981691053036,-21.508246497111504,6.605630518884461,-44.35968906057986,-24.34548361969421,0.8958170625800553,-10.239923237398166
-5.0181824355103934,-2.486193481134023,3.647326575405477,1.0475045156704648,-2.9790940502257697,-0.8530491008586835,-3.822209191223205,-1.1259049975790854,1.0415755404099527,-1.8353456844722775,-1.7021250993138843,-1.1658872940805138,6.6765375179666435,-1.9675507394700682,0.28874359943003625,-1.4356172747644513,2.5162120510582775,-2.51927409971267,8.57685458962413,1.9450161081043424,8.700679005863382,-0.05086939768802457,-3.977985828682871,7.506428445464065,18.182764801457957,-2.7011348624424065,0.6931339973245342,-4.3056157208554495,-23.541524483180872,7.006611066301929,-45.689378030183164,-27.357048631305215,-0.6966977666205686,-10.557639891879937
-5.525029673256001,-2.0633038488667776,5.439423311083421,5.274812260248026,-3.266336047112284,2.602832538132478,-3.232789937757336,-1.015558526640547,2.5227334901378855,1.0467815419610031,-1.0481998629425402,6.2236274194089,7.964714232521036,-2.944260756844201,-0.426101247275558,-1.8662277936520701,2.1728338807561047,-3.4314216907154074,9.937882967114392,1.1275104779719622,9.134369706453654,-2.1429307671375564,-6.1410884554645335,6.499987668139574,18.12668970099008,-0.3900019097195251,-4.797749566590639,3.9762351325311416,-34.182155781272584,7.599985273830734,-51.69656744190382,-38.19018134939367,2.10958338061835,-12.079702317848685
-5.287195578139983,-2.729205523957231,5.2133054814044915,3.830941017387112,-1.5799706041579662,-3.074336374876498,-0.1542504776747572,-1.5669689635726938,-1.6382058771417867,-2.7689366270773,-1.9448114427201146,0.4015480224298832,6.052342810684382,-0.5636731334402711,0.1911335899380842,-1.0451812826734046,1.367746832347214,-3.9156646128658537,12.119359684244648,1.415465745209237,6.303413421799365,-2.1252717618064234,-1.891000943351982,9.550878158923792,20.09514545053842,-1.9792674702841704,-1.1757118439841214,-3.2196404981493396,-25.884859915001197,7.204302917986625,-48.009024259256144,-32.26292603642906,-1.3180880005009958,-11.83190572459154
-5.429358987557115,-2.5459757059513697,4.48712838923074,2.0245190930757446,-3.4302028630573798,-1.4315737477618573,-0.7685203914603784,-2.4245121443057682,1.7423338254348357,-2.751442136179003,-1.6277154578006736,-0.2632855099183125,6.759375994239999,-0.978058477373508,-0.46498785348826466,-0.8126564079985363,1.5113517531654401,-4.570065434752634,12.110257398548045,1.118942916970828,6.583518745082468,-2.2862748321446147,-2.053634153648193,9.743623888878751,20.43001665345215,-2.3795794283888108,-0.1060719342391835,-0.9124996044436342,-28.41789405461177,7.295281835493996,-50.92195082387765,-35.317829560623,1.7252864435706248,-12.548250448756963
-5.587553746290846,-2.5428384145875307,4.3338141598992515,1.4453101617821924,-3.313258069423146,-1.9606262597067425,-0.9091291629666182,-2.1495441771525536,1.2145135649042982,-3.2374355113213626,-1.3896172920511383,-0.9804525326316063,6.770428404805864,-1.0002471266866708,-0.15316726551195511,-1.255371827222337,1.9935539082351927,-5.412002426683925,11.927386251744853,2.086149713288417,7.106513427954358,-2.8079428770092467,-2.749969352117842,10.035116457190648,20.84560492187161,-2.0082250993686164,0.736392424180248,-0.6914534432051029,-28.916273007611885,7.59393319926645,-52.33685435790244,-36.358295230050295,0.5679060726733969,-12.33822208250959
-5.260860827841877,-2.9621628275625067,4.505962028373618,1.6922331864431754,-2.063348158080816,-3.7031071700497704,-0.9295817206070822,-1.66690170085676,-0.9614693982921291,-3.345700691318237,-1.8061463731904805,-0.8919827356014904,6.679582003942905,-1.0593747901604118,-0.1855927992595917,-1.7616174519809271,1.8570995098960055,-5.226458810257065,11.433057040621543,3.1404762079466035,7.3586411176334,-1.4168658680977462,-0.8331144214674101,10.860877586878225,21.491617352947195,-2.8601365085449784,0.17356648003550595,-5.751971664635712,-22.56578539078509,6.534533655955314,-50.812748047036116,-30.428843442523185,2.546252204252922,-11.667541154897751
-5.43606113165033,-2.6909638609016886,4.0560914695290755,0.8308465523293482,-3.6966386852133404,-2.058253618908644,-1.4816203369436185,-1.7783431350793653,2.0138997341531892,-2.6511278009685095,-1.5334549013137095,-0.5644568401937655,7.572532118078549,-2.291832391348416,-0.683106970584802,-2.1619699623715505,2.1296707495896063,-5.726843054322437,10.8185721544042,3.3889117941215177,8.830906881321916,-1.8195907492759738,-2.106687438008132,9.931572483376748,22.32162415756367,-1.861585068516567,-0.24522403590224112,-3.4787475966196455,-25.175273180532898,6.3684465646374395,-54.470580898220405,-33.29432372270424,0.9845179914014834,-12.074509477940897
-5.540003521982693,-2.7776613685318052,3.9955272987618486,0.6351144294684281,-3.199858381934357,-2.6709128866975185,-1.785697025133842,-1.7078389710655477,1.6827585887823937,-2.7294812191117415,-1.6304432172510563,-1.2847929538250846,7.445382926248876,-1.255887564811026,0.16392441659944304,-2.4523052993490797,2.1230100688178646,-6.33705201862981,10.585663711821004,4.175420194497547,9.042041710073738,-1.775336092471434,-2.4457908441217335,10.905277295898061,22.11598859675246,-3.14385958185338,-0.5325238847677136,-1.8827192066353753,-27.63269006721054,7.042227167305427,-56.23866772402588,-36.030638412922066,0.07883902781864703,-12.437708129520757
-5.43044566309574,-3.042245009635389,4.037150144345839,1.0369446123072987,-2.2283647304355756,-1.6882184431117133,-0.3112965119302628,-3.539614314478373,-0.15137170021531135,-3.627065033078578,-1.389941428454818,-1.1883109573709973,7.081163331694214,-0.08846626811927787,0.5585474248457671,-2.6294445154578123,2.8034927201699733,-6.119201785303858,9.968887111217107,5.500840832847459,8.774375925566998,-0.8524570989264343,-2.249628991097858,12.73476099381276,20.528637484708884,-6.101250594970481,-0.01784850568969515,-2.56007478777042,-26.925637991781254,7.5240249111426065,-56.33774345916131,-35.51698660484078,2.004159240551583,-12.480910322037785
-5.008986816283553,-3.5145543312182443,4.446885869539532,1.8939555537951005,-0.979968238491222,-2.7458072907658986,-0.4516880357738277,-2.7860098387277628,-1.2822377081574574,-2.7589103108396618,-1.790544251263688,-0.17453086409364288,7.028260434340041,0.15670018487604048,0.408716397758464,-2.800715175354373,2.287447480356492,-5.307784563363335,9.741715961235586,6.489003541455036,8.201762463669995,1.143377401266934,-0.31266717406450734,13.55858391726819,19.565538106537595,-7.719780727092804,-0.7682796335638958,-8.11206738759294,-22.05239833620217,6.946806368321477,-53.92214266284694,-29.636792894278052,-0.14154867393509005,-11.803031978896378
-5.003671410498646,-3.369513321397407,4.294535514902763,1.48088909814504,-2.2241305648607312,-1.1796852253097445,-0.9498262336458471,-2.664623804468526,1.4667470701530136,-1.8902913487300324,-1.9642268336215367,-1.0554066263603792,7.468429644417241,-0.5780334979910047,0.14325865771341983,-2.948358958698376,1.5755197090760222,-5.373281005744198,9.414405393676214,6.382375374344938,8.647030361038766,1.2918863328361345,-0.7871422386530458,11.954383128969182,19.056394739731726,-7.14754246011357,-4.0358587520935325,-6.547671835072962,-24.95915036032539,6.851143001402824,-56.4030707060971,-31.813834552158454,-1.0426440292683767,-11.427588334239267
-4.871029710257791,-3.749210831549837,4.022930809551182,0.5819314034211028,-1.6286917783563029,-2.1628274832146315,-1.016384984381792,-2.636941673362794,0.38096879910244735,-2.5203670489750336,-2.6010605601027263,-1.5732058293189144,6.371858529681621,0.6903529655232602,0.4879967092398015,-2.395135893255085,0.9011648865539651,-4.333214448225685,9.821179061410517,8.021296284322496,7.81629327307768,3.1255360561409304,-0.9855878785187054,14.100619602205335,16.807111707704355,-9.645216458283494,-2.633573048904212,-9.453862444387859,-25.22879089716774,7.42113667090354,-55.788629724559385,-30.74346635244906,0.4498545984255487,-12.175376859529674
-4.760118355700126,-3.8406061020621274,4.0808497144752875,0.4923125336203686,-1.5432411671082928,-2.046259783012865,-1.1994627491326713,-2.09414889143218,0.7930419232498415,-2.1743629622033898,-2.572659526578628,-1.877692635499568,6.671458962560215,0.5672792021705885,0.6162345911845428,-3.059997883220576,0.7644410456384234,-4.154130663856468,8.917052344891118,8.458609574431621,8.174672657658514,3.52425612851556,-0.5253381561394385,13.992232048103414,17.084692401506913,-10.110501560030908,-4.07184514454228,-10.595933012313502,-24.206139910084755,7.106784648075204,-55.38738892100938,-29.86636900890693,-0.2918530891053701,-12.20892929809273
-5.15684896774137,-3.502519370330193,4.141115773577844,0.3919073141002401,-2.5415256441367253,-0.5103501764462434,-1.544799038860344,-1.1769842427576234,3.0357548935207346,-1.3413559720632515,-1.7743264687912967,-0.19941810392198883,7.685927559604076,-0.5220607391885809,0.4180972005281997,-3.8573044445489097,1.2963961307260654,-5.18274954455051,9.468642789530785,9.308694326029684,9.23370191553291,1.2684377981207946,-2.0890799041638566,13.531866586311365,19.58782702481235,-7.675379489844377,0.6782853627732783,-9.154656716712946,-27.81814139692123,7.222611341824285,-58.12273008485156,-35.15411683951668,2.240917084222577,-12.280296821042137
-5.337619272091023,-3.47603665674811,4.050217131360813,0.13118471969711903,-2.3442090084088267,-1.4334320730083399,-1.789476607216124,-0.9924503018262393,1.9502998617993732,-1.8562005555537002,-2.1256158785932895,-1.6432265086029856,7.3859854321643255,-0.13362446482920853,0.7700743931478061,-3.759000461562988,1.4003317674409932,-6.295923167027583,9.957089719725472,10.302450072413917,9.513535362458194,0.3086965835898534,-3.4943545029959027,13.908824591364821,20.037786498264104,-6.708715206983624,0.9028887628346146,-8.381753844498878,-29.741615400496954,7.881011786318235,-60.04759413358709,-38.39097866666944,-0.7195045420101422,-13.129547357935854
-5.410981780653808,-3.549375445604489,3.8579403231857383,0.01273862387874462,-1.8867156986453557,-0.1857267485229602,-0.31614298755726555,-2.9980831929938025,0.4629843087013711,-3.196685951672201,-1.4925688957120664,-2.1145600728642164,7.1450020528538465,0.4856899988798314,1.1775317251828918,-3.97776513213126,2.306629283545694,-6.397541541363286,9.354432770295421,11.341198457513517,9.485286809189066,0.6827882344266111,-3.559088205826356,15.149472232654793,18.73564696787161,-9.131898492521586,0.1805567837378975,-6.7934450688696835,-31.36025323037974,8.496762536461736,-61.26230285880442,-40.79311652327744,1.6571595071593297,-13.256561322230105
-5.481222634157561,-3.4935644797520187,3.935316751316105,0.35339861174319637,-1.9385086174931763,-0.2552133235140809,-0.6263367160947254,-2.4393243158307256,0.5450824639340903,-2.5785973026992126,-1.8517139888936456,-2.569871956304951,7.315373816096622,0.07098609426304676,1.403027563580589,-4.37138181811072,2.187331168492293,-7.052341140454489,9.008617435449477,12.187412708340991,10.693772615352927,0.32688111458222074,-4.675327268000764,14.06948443636909,19.5752146377566,-7.479635645369968,-0.18562325643703473,-7.364159846868072,-31.785719824045366,8.973080510188515,-63.2027656201603,-41.736866517899756,-0.38077877817500666,-13.43818909706775
-6.348924763964232,-3.0265078365892584,5.351863307173881,3.14010424163294,-4.219989024303717,2.4473777458452672,-1.6740741848025775,-0.43347474648413875,4.111511314352251,1.1735403245019176,-2.2916971802719366,1.9917792244911048,9.879573414184163,-2.534856422242031,0.18647944465813923,-3.911279432072018,4.639821981096281,-4.376586581196658,11.373448442738148,9.828036012154104,15.233422119578949,-2.3808191146272004,-10.332667717155788,11.725093899835201,29.04163259098249,-2.838429866038471,2.682752752570501,-2.968912000747168,-42.02015174879957,7.497127218968267,-79.34787584183995,-57.76595087796623,1.986163652822337,-16.367691376806516
-7.232880239685437,-3.1023749128048044,6.640006562303346,4.1370445502880315,-4.2868291860326595,1.3939830498468988,-2.1828956879747143,0.14483576933528078,2.9410655746851724,0.5729066784407167,-2.4245519690779433,-0.7073990327860397,10.71775255645244,-3.4878697954209166,1.8272701470985355,-4.152138882501477,7.574566583093916,-0.1345917399568419,15.021528746795255,7.607663544816094,16.69631312179219,-4.06461313457095,-13.76182560922601,11.782151351543718,38.44890268528867,-3.55668962623048,9.417920451716215,-0.9898687386075661,-50.61902438855236,5.892429992277633,-92.78495640514068,-72.20689412112512,0.6076108971047097,-20.175091184698243
-7.462747161257471,-3.3012705521632597,5.695530670056531,1.3058941482282547,-4.081800043171019,-1.0393951347698545,-2.12403645550964,-0.8832272808507827,0.01611657182946765,-2.6799137754829787,-1.7290027022331234,-2.4808246544042,9.413952463201598,-2.746991915992743,1.6380818339684253,-3.284300021450757,8.504953379138716,-1.17965659283387,15.778953914912675,8.179320855634176,15.286950284928562,-3.1148381484871575,-13.304511553768192,11.995485680592155,35.83900991312285,-4.1713891020005756,2.9821529035488203,1.951576464141062,-52.85022541576718,5.8675207029046526,-95.98158233241602,-75.15663567452839,3.613397230316355,-21.53390252287045
-7.781675974380378,-3.3114602162416076,6.121210741954093,1.8228039348239995,-4.462230383112197,-0.6470102403610718,-2.7083745350866755,-0.39628959732121916,1.1387831389180234,-1.8437500040587422,-1.6282074396400879,-0.7775800588368189,9.972619457063319,-2.8678057241706787,1.7541020241853469,-3.4739075329613405,9.730297574878499,-0.9077892846696038,16.770203215799228,8.678654470081009,16.412789665000847,-4.140172312066647,-15.942268094648929,13.020238067984762,37.65025808298678,-4.328004315587007,7.065500720858309,3.41657314812523,-57.14382092183349,6.42030575110028,-102.99039060048412,-81.65119151697955,3.5486342957441783,-22.22039046368117
-7.645757512691309,-3.8328682942299808,6.1395684308194625,1.214638477561595,-2.8055478187390044,-2.5941021966302285,-2.7631224421256,-0.5853992356107928,-0.9215961734145359,-2.8872093987659495,-1.652492765550223,-2.1624556177554104,9.489845278624808,-0.6622203722588133,2.5175992576878694,-3.3644009734860756,9.029593289803733,-1.6848645046167223,16.717778308757886,8.358243649470998,14.82327178738839,-2.3798395643008416,-11.965444112327928,16.487439006651897,37.090146851957954,-8.750034787188877,6.033481500647342,1.9881657365849759,-55.023763611960256,7.409511526979885,-101.51101803687756,-80.8962849147008,3.497082276289574,-23.32517238155111
-7.276078096254235,-4.116498009118946,6.941294690618244,3.3828068463319387,-1.9775300833418874,-1.4484263307820238,-1.38761463567265,-1.4691437132989187,-2.7684408984646467,-2.187031068509351,-1.582079234353866,0.404756587705011,9.939063315101777,-1.9921708673700091,1.1821485244738648,-3.3909623562274036,8.290884675380743,-2.0038865712018428,16.355114034227423,8.385159628197346,14.74188936969789,-0.2536101324487913,-9.113655717163146,15.44827952596057,36.28667588231435,-7.37725638856143,2.405064778415609,-4.5527109713506135,-47.60959188523315,7.856713493986538,-98.9974558993638,-73.05062016228541,2.6527591011151332,-21.721077900313997
-7.650557158915391,-3.7106195186073716,6.371123035141097,1.796888511421957,-4.414486606516356,0.9872164591405979,-2.0862673785150214,-2.0578236047869476,1.6659588394213978,-1.9037345250987545,-0.9777792172618409,0.01121258085225636,10.952796741131285,-3.4893070027789115,0.30886056373301746,-3.4507718348149012,8.545983619057115,-3.528429543029655,17.75639394096699,8.678409715176636,14.898686564211205,-2.691507331965226,-11.178183651111722,14.974304172441512,36.90842721588272,-5.8916065454185365,3.420560499630541,0.9805835946427347,-55.99184152555946,7.877217923808134,-107.11590388137941,-82.91830669143545,5.286717478336677,-22.331214480643364
-7.427228848455902,-4.211729304762432,6.680039817900482,2.010224570814387,-2.5203405555787723,-1.79730138940662,-2.0229998938099594,-1.6794564407645878,-2.096258637201159,-2.9890700688703378,-1.7655528113805634,-1.9330770215336948,9.756494158720713,-2.276270744967503,0.9565552168172555,-3.3575755392464965,7.677776269448306,-4.085444206139437,18.161168616805956,9.986280020568119,13.640503648871265,-1.2158428458523949,-9.986018720819699,16.72334424913039,35.462716358269056,-7.029410252686411,2.0564384356139205,-4.257665307643213,-51.28220063079951,8.645259304448171,-104.5241495862761,-77.82136975155666,2.5711603425764222,-21.904041063133455
-7.617786202254046,-3.986199120154667,6.172754000901105,1.0249942692821463,-4.307904524388286,-0.461016298512171,-2.462280716420003,-1.7152010427541988,0.15844902770771305,-2.449243769485506,-1.998268957924162,-1.9511668452886048,10.277466522330354,-4.213726005242369,-0.061690098768033705,-3.115271900176034,7.1778922052115215,-4.829857483578101,18.64579693977565,10.746236340720511,15.241314367956662,-1.046724749799239,-11.966110614760353,14.381779219032465,36.07616812315169,-3.8282930825181416,1.3239415393154128,-4.214500515175548,-53.85387460012853,9.096224524280533,-109.96718072856471,-80.85052291036239,2.6907256996198208,-21.540786539052554
-7.956929580618902,-3.9996517972577137,6.546675947702306,1.3524654993488021,-4.907529635094421,0.28362192802232666,-2.908179443272476,-0.8776584650810456,1.1848479879268246,-1.684129334065424,-2.9561102731230875,-1.0687739638373006,10.335054067083224,-3.552910637887438,-0.1467999490056348,-2.9279612791769005,7.773436758478859,-4.580221022716916,19.89341466880882,11.500151971347202,16.529022791179624,-3.4000708166503166,-15.82913130926233,16.891325368567024,38.41486935133921,-3.358024697452969,4.359555567395901,-1.312351358494,-60.83164805005476,9.06803810224989,-119.68315993663079,-91.15027837565957,3.229765729955179,-24.054374513767915
-8.775777807258356,-3.975957707352733,7.760852976344612,2.8060525199151765,-5.967667284333025,1.1520367722029174,-3.750723156132401,0.012227883781259486,2.9105178379941474,-0.3192142836984873,-2.8799567343551065,0.8992411519168901,12.011448698887651,-4.883935513795841,0.37815796983462485,-3.247676587914977,11.69903973027384,-0.4958570401303002,22.671141668147033,10.059204790525246,19.953851173458542,-5.552706799648945,-21.955055289442125,17.373436285992486,47.292199009351364,-4.375341656873112,9.645440785084606,3.7549420637442883,-72.65377221922694,7.692984883443954,-138.84080612913573,-110.22802133372315,3.270210608353241,-27.547335132973288
-9.02699126876494,-4.571357768907537,8.936616816161578,3.934029320700093,-4.152663050046867,-2.2207639562885357,-3.920655298966897,0.5196685714728113,-1.3983390068238153,-1.4940548924224917,-2.747255275976243,-0.4683342623471259,11.546366160103927,-5.17955702432711,1.9659835204450324,-3.0958605055137274,13.572656563616814,2.7374549443882126,24.68666745426291,9.429645363371655,20.620756614065183,-2.2446067331600648,-21.52101197605235,17.46913532754078,51.4472561940933,-6.076246987422661,16.395381966698263,-4.505512049768624,-68.20412629775551,9.164068538288683,-142.14248127650487,-109.10598760331509,9.787818837969365,-31.051440730988705
-9.280372921932289,-4.276312277163742,8.113610289875282,2.299483609585334,-6.404649067289275,0.63169972844882,-2.569784183329239,-2.05485499115798,-0.8919789876487967,-3.115499504437433,-3.0126741055035717,-2.4776078556041305,11.839974590736773,-7.18634486038889,-0.1040237001997297,-2.179785418830133,13.495867128728511,1.0072491121114493,25.44218153828498,9.40647057539064,21.803506988037306,-3.2195496369857226,-23.027083524523864,15.788506720119155,51.865113500038376,-3.1023517418290787,10.163618737553039,-0.5759954145079957,-72.24440308749416,8.70326584698538,-151.25496984406118,-116.22804806598776,9.16890726541872,-28.971951637741785
-9.40674344596432,-4.3494849185836415,8.331092021776042,2.4651705703738442,-5.8135026304478785,-0.19542650097154887,-2.752608210120889,-1.5393907478847275,-1.7395504234458896,-3.2166199845613037,-2.5300502851570577,-2.5932801622060007,11.588656669186104,-7.47522849375128,0.4576603582947205,-2.728656200035652,13.2876635370708,-0.1643938549620247,25.392739313808857,10.264975112430156,21.961952829911308,-2.7191694064856216,-22.894321143089712,14.20953429274788,49.63021894672045,-2.5701346354728614,2.2290157767442147,2.3747928941579803,-76.38104536131272,9.459900580177155,-156.71354657010775,-120.13587265448623,7.54817583805106,-31.530614372776444
-10.087240643544916,-4.01627486124499,8.655690673416768,2.500745087964617,-7.320236354046414,1.412165116445405,-3.230418269129083,-0.8814634638509768,0.7339345458323672,-2.4191044849653585,-2.6502680223450925,-2.897522213850005,13.175002807361546,-9.598873664761841,0.44915835121903663,-3.8383111127105756,14.377890036635959,-0.8331866423294879,27.968269481237613,11.79251164056863,24.361033554424914,-7.481441160511095,-27.281738634825736,14.470246330925173,55.48216943871359,0.3317915209292723,12.868956021867943,5.368304769728956,-85.87101591918491,8.97478309049398,-170.7494888853976,-134.9286897437137,7.0383794580016925,-33.32153729904294
