date,open,high,low,close,volume,bodysize,shadowsize,sma_3,rsi_3,Min_3,Max_3,volume_3,percentChange_3,RelativeSize_sma_3,Diff_3,sma_8,rsi_8,Min_8,Max_8,volume_8,percentChange_8,RelativeSize_sma_8,Diff_8,sma_21,rsi_21,Min_21,Max_21,volume_21,percentChange_21,RelativeSize_sma_21,Diff_21,sma_55,rsi_55,Min_55,Max_55,volume_55,percentChange_55,RelativeSize_sma_55,Diff_55,sma_144,rsi_144,Min_144,Max_144,volume_144,percentChange_144,RelativeSize_sma_144,Diff_144,sma_377,rsi_377,Min_377,Max_377,volume_377,percentChange_377,RelativeSize_sma_377,Diff_377,WeekDay,Day,result
1970-01-01 00:26:48.422400,23871.5,24297.7,23084.9,23480.7,5876.10037185,-390.7999999999993,1212.7999999999993,23494.233333333337,78.81476244281835,22308.2,24297.7,6060.72190886666,0.02867319133276669,0.9994239721236557,654.5,21571.48750000001,79.84579545412717,18712.6,24297.7,7806.5364522650025,0.24851517262281386,1.0885062979546491,4673.799999999999,19908.990476190473,72.58921508431752,16660.0,24297.7,6877.867487548101,0.29055962889272413,1.179401839991887,5286.5,17569.881818181824,68.87511334151733,12900.0,24297.7,6992.4272905738135,0.7951605504587156,1.3364176403111312,10400.7,13680.181250000001,63.40367388537732,9850.0,24297.7,4997.446644928822,1.113816820006842,1.7164026975154294,12372.5,10459.37824933688,57.537939638695256,3913.1,24297.7,6154.765485809187,2.2014043220396755,2.2449422365510747,16146.2,3,1,0
1970-01-01 00:26:48.508800,23480.8,24090.0,21885.6,22716.1,10783.18264979,-764.7000000000007,2204.4000000000015,23356.100000000006,49.53533005007168,21885.6,24297.7,7638.136941579993,-0.0179157389593827,0.9725981649333576,-414.40000000000146,22015.48750000001,67.95668560700383,19002.0,24297.7,8561.882823110001,0.18534655945230938,1.031823619622322,3552.0,20052.228571428568,67.68215186482107,17572.0,24297.7,6749.161041004766,0.15262759981936358,1.1328466518862172,3008.0,17734.72727272728,66.44997191961596,12900.0,24297.7,7050.324355492359,0.6642319188840697,1.280882398171025,9066.499999999998,13760.745833333334,62.26441167038005,9850.0,24297.7,5037.18922110035,1.0437704682045559,1.6507898826947058,11601.3,10500.483819628658,57.094201253208325,3913.1,24297.7,6172.984958846694,2.146579308243181,2.163338412801186,15496.8,3,1,1
1970-01-01 00:26:48.595200,22724.6,23837.0,22354.2,23828.2,5728.00766789,1103.6000000000022,1482.7999999999993,23341.66666666667,72.12674913527316,21885.6,24297.7,7462.430229843326,-0.001813878474331232,1.0208439842913244,-43.29999999999927,22583.87500000001,74.31425311466857,19048.9,24297.7,8883.728514005,0.23583198054052956,1.0550979404553023,4547.100000000002,20292.48095238095,70.70642350884503,17572.0,24297.7,6412.873150959528,0.268611343296296,1.1742378891923613,5045.299999999999,17926.340000000004,68.11324494899159,12975.0,24297.7,7004.214666296541,0.7930095187930322,1.3292283868318908,10538.7,13847.356944444446,63.2320535282461,9850.0,24297.7,5039.523768272503,1.0982546978742889,1.7207760365821916,12472.0,10544.585145888606,57.57139473258572,3913.1,24297.7,6180.640319435871,2.3085531796723133,2.259756990941531,16626.2,3,1,0
1970-01-01 00:26:48.681600,23823.0,24080.0,22629.2,23226.7,8830.55195551,-596.2999999999993,1450.7999999999993,23257.000000000004,52.910098490783426,21885.6,24090.0,8447.247424396659,-0.010817394711401307,0.9986971664445112,-254.0,23057.25000000001,66.19589265272967,19302.4,24297.7,9295.128576481251,0.1948075330380612,1.0073490984397528,3787.0,20482.73333333333,67.13837868985448,17572.0,24297.7,6509.539504355717,0.20774878583982437,1.1339648679700953,3995.2999999999993,18103.860000000004,66.30248376690989,13131.0,24297.7,7063.863788197813,0.725211875422451,1.282969488274876,9763.6,13926.640277777778,62.361098909916066,9850.0,24297.7,5052.683240052643,0.9667143667600913,1.6677891822237976,11416.800000000001,10587.12254641911,57.226235904071444,3913.1,24297.7,6192.692206429717,2.2303723174921073,2.1938633371024863,16036.6,3,1,1
1970-01-01 00:26:48.768000,23225.5,23750.0,22723.0,23718.6,4800.52521058,493.09999999999854,1027.0,23591.166666666668,64.50930519978522,22354.2,24080.0,6453.028277993326,0.04413169514133153,1.0054017393515933,1002.5,23349.81250000001,69.32757342905485,21264.4,24297.7,8414.734378133751,0.10948119804847023,1.0157940240419485,2340.5,20685.93809523809,68.50317758598382,17572.0,24297.7,6497.863168449051,0.21938379439934597,1.1466049975978623,4267.299999999999,18288.43454545455,67.03248885518994,13218.3,24297.7,7033.547591827085,0.7482567995872336,1.2969180025249931,10151.599999999999,14014.497916666667,62.78324655508073,9850.0,24297.7,5022.8033265336835,1.143163068915976,1.692433089007975,12651.499999999998,10630.80079575598,57.435480699569574,3913.1,24297.7,6197.732059246267,2.2706738923592438,2.231120726998188,16466.699999999997,3,1,1
1970-01-01 00:26:48.854400,23718.7,24777.7,23410.8,24698.6,6178.77951455,979.8999999999978,1366.9000000000015,23881.300000000003,79.55731279325553,22629.2,24777.7,6603.285560213325,0.0365281473212411,1.0342234300477777,870.3999999999978,23583.86250000001,74.6704657190133,21885.6,24777.7,6812.901590615002,0.08202854614434285,1.0472669606176677,1872.3999999999978,20973.21428571428,71.0208747999138,17572.0,24777.7,6514.27567005429,0.32320072003343014,1.1776258833546194,6032.799999999999,18486.42545454546,68.4206790299994,13218.3,24777.7,7049.850645691266,0.7885742010703085,1.3360397909660293,10889.499999999998,14107.979166666668,63.60223515837836,9850.0,24777.7,5032.834032523337,1.1979123098965054,1.7506830502242374,13461.3,10677.567639257306,57.84739265407906,3913.1,24777.7,6206.77290859961,2.4946727980191015,2.313129809563814,17631.1,3,1,0
1970-01-01 00:26:48.940800,24703.8,26800.0,24500.0,26441.2,9648.05536731,1737.4000000000015,2300.0,24952.800000000003,90.40658522723426,22723.0,26800.0,6875.786697479992,0.13839675890246994,1.0596486165881183,3214.5,23997.70000000001,81.29268236859424,21885.6,26800.0,7262.541317572502,0.14313136335141907,1.1018222579663879,3310.7000000000007,21320.271428571425,74.78419014645766,17572.0,26800.0,6860.641745007148,0.3805252440870883,1.2401905899080623,7288.200000000001,18716.947272727277,70.65831013590162,13218.3,26800.0,7183.4132622543575,0.9212497729336966,1.4126876362219516,12678.7,14213.838194444446,64.98207252166802,9850.0,26800.0,5076.129473986322,1.3613485152935922,1.8602434921719233,15243.7,10728.834217506643,58.5623448012341,3913.1,26800.0,6226.136614975472,2.7169405513305316,2.4644988881322165,19327.5,3,1,0
1970-01-01 00:26:49.027200,26442.2,28353.2,25634.6,26251.4,14257.99861732,-190.79999999999927,2718.600000000002,25797.06666666667,83.19318330591794,23410.8,28353.2,10028.277833059992,0.10678539205518045,1.017611821499085,2532.800000000003,24295.18750000001,78.73050230429047,21885.6,28353.2,8262.900169350001,0.09969629055568352,1.0805185183279606,2379.9000000000015,21646.86666666666,73.689779287567,17572.0,28353.2,7410.184505202863,0.3536603602349313,1.2127113084880647,6858.5,18947.594545454547,70.10722851115979,13305.0,28353.2,7348.992930578721,0.9351162482124167,1.3854740208327716,12685.600000000002,14314.57013888889,64.71299980036034,9850.0,28353.2,5138.818209477573,1.2349225268176403,1.8338937002852715,14505.400000000001,10780.225994694973,58.45407201677572,3913.1,28353.2,6250.420947647647,2.817441505373217,2.4351437542142906,19374.7,3,1,1
1970-01-01 00:26:49.113600,26238.0,27460.9,26056.4,27029.5,7871.34149982,791.5,1404.5,26574.033333333336,88.72516493533605,24500.0,28353.2,10592.465161483326,0.09437377017320836,1.017139538471766,2330.9000000000015,24738.78750000001,81.4672195493916,21885.6,28353.2,8512.305310346252,0.15113689114890105,1.0925959891930834,3548.7999999999993,22020.719047619044,75.24894683875573,17572.0,28353.2,7635.5643474514345,0.4093573044956358,1.2274576475704377,7850.9000000000015,19184.098181818183,71.05000619837162,13540.7,28353.2,7400.488185089267,0.9276769031080176,1.408953381275818,13007.7,14420.528472222222,65.30605545933176,9850.0,28353.2,5162.806400209586,1.2961814552096165,1.8743765217804613,15258.0,10834.386206896563,58.76742513236133,3913.1,28353.2,6255.036554998336,3.088502669752386,2.4947883049244206,20418.4,3,1,1
1970-01-01 00:26:49.200000,27028.9,27400.0,25850.0,27376.2,8698.45260361,347.2999999999993,1550.0,26885.7,90.75826388083996,25634.6,28353.2,10275.930906916657,0.035361481324599486,1.0182438991731664,935.0,25321.30000000001,82.60684326676567,22354.2,28353.2,8251.714054573751,0.20514524940460732,1.0811530213693605,4660.100000000002,22451.942857142854,75.91666419203699,17572.0,28353.2,7745.6802383742925,0.49429327802188805,1.21932432191678,9055.7,19424.33272727273,71.45852020860978,14120.1,28353.2,7422.556791909813,0.9328969943445384,1.409376599154032,13212.900000000001,14530.061111111114,65.5657223468738,9850.0,28353.2,5186.650006944308,1.3593053819968115,1.88410769856057,15772.7,10887.67082228118,58.90589555100822,3913.1,28353.2,6248.367963671387,2.7563907298398718,2.514422087778013,20088.300000000003,3,1,0
1970-01-01 00:26:49.286400,27376.2,28972.1,27346.0,28879.9,10428.39122144,1503.7000000000007,1626.0999999999985,27761.86666666667,95.74727374781426,25850.0,28972.1,8999.395108289993,0.10012799317369736,1.0402722679550847,2628.5,25952.762500000008,86.66990519186578,22629.2,28972.1,8839.261998767503,0.21200510319705224,1.112787126225965,5051.700000000001,22943.914285714283,78.55171076212098,17572.0,28972.1,7874.082519374769,0.5569938269940966,1.2587172197545071,10331.400000000001,19665.596363636363,73.13326871742171,14365.0,28972.1,7359.5574849636305,0.8500422795059706,1.468549413197649,13269.500000000002,14648.893750000001,66.65570173950374,9850.0,28972.1,5243.666693833544,1.454104350781781,1.971473101851121,17111.9,10945.310344827598,59.497403087235234,3913.1,28972.1,6261.872089942952,3.0392598394360686,2.6385638314630078,21730.100000000002,3,1,0
1970-01-01 00:26:49.372800,28880.0,29291.7,27844.0,28959.2,7612.52438637,79.20000000000073,1447.7000000000007,28405.100000000002,95.92144265179309,25850.0,29291.7,8913.122737139993,0.07139236759836476,1.0195070603518381,1929.7000000000007,26669.325000000008,86.85497702011503,22723.0,29291.7,8687.008552625002,0.24680647702859204,1.0858617531564818,5732.5,23454.090476190475,78.68087500904207,17572.0,29291.7,8002.722234531435,0.5871968430571923,1.2347185250861918,10713.7,19908.505454545455,73.2176803344945,14365.0,29291.7,7322.597436022902,0.8564541771372891,1.4546144644618773,13360.0,14768.836111111113,66.71165918773488,9850.0,29291.7,5285.291497152017,1.4777925133689842,1.960831563308701,17271.7,11003.049602122028,59.52820649076674,3913.1,29291.7,6272.939685620644,3.0268650490162,2.6319248796638144,21767.7,3,1,1
1970-01-01 00:26:49.459200,28959.4,29670.0,28672.3,29398.9,5856.86897657,439.5,997.7000000000007,29079.33333333334,96.95772161155924,27346.0,29670.0,7965.928194793327,0.07388534566521288,1.0109894770627477,2022.7000000000007,27379.362500000007,87.91795158761227,23410.8,29670.0,8819.051523373751,0.23948715354194605,1.073761304705323,5680.300000000003,23995.395238095236,79.40302221699191,18024.0,29670.0,7987.165320285244,0.6304189889914873,1.2251892376969948,11367.400000000001,20173.261818181818,73.68460782419612,14726.6,29670.0,7290.060517953631,0.9814184521442582,1.4573201034600796,14561.600000000002,14890.365277777779,67.0206800137241,9850.0,29670.0,5277.84991823646,1.4707657139015184,1.974357206929947,17500.2,11062.082493368713,59.6986076986972,3913.1,29670.0,6284.885696514862,3.1154756071953527,2.6576279843893316,22255.4,3,1,1
1970-01-01 00:26:49.545600,29398.7,33245.0,29028.7,32238.8,19615.91350889,2840.0999999999985,4216.299999999999,30198.966666666674,99.12112147965546,27844.0,33245.0,11028.435623943325,0.116305804382979,1.0675464613027594,3358.899999999998,28321.887500000004,92.43405080002623,24500.0,33245.0,10498.693272666253,0.30528855886568484,1.1382998396558137,7540.200000000001,24635.00952380952,83.25062945012792,18712.6,33245.0,8702.994514179529,0.7142006391271287,1.3086579069044597,13431.899999999998,20477.96545454545,76.39213865895589,14824.7,33245.0,7564.826384164176,1.0825963656565527,1.5743165536420036,16758.699999999997,15035.136805555554,68.89848374931135,9850.0,33245.0,5363.617605191738,1.830025369347858,2.144230572487216,20847.1,11127.676127320969,60.76829655500169,3913.1,33245.0,6324.888572243828,3.2927829560585886,2.897172745785298,24728.8,3,1,0
1970-01-01 00:26:49.632000,32215.4,34771.0,32002.0,33082.7,12135.92577129,867.2999999999956,2769.0,31573.466666666674,99.33265065760548,28672.3,34771.0,12536.236085583325,0.14238998314870566,1.0478006849633232,4123.499999999996,29152.075000000004,93.28629672201068,25634.6,34771.0,10809.677073163752,0.25117997670302383,1.1348317401076935,6641.499999999996,25297.799999999996,84.1731156924137,19002.0,34771.0,9055.16185171572,0.7262850851331395,1.307730316470207,13918.599999999999,20800.870909090907,77.10508917832,15100.0,34771.0,7649.0399329198135,1.1590364748187354,1.5904478300252989,17759.799999999996,15184.484722222222,69.41951911983236,9850.0,34771.0,5419.774582449723,1.8577216108356507,2.178717329247535,21506.1,11196.00159151195,61.0761152859942,3913.1,34771.0,6337.075304828152,3.51702621518296,2.954867389897574,25758.699999999997,3,1,0
1970-01-01 00:26:49.718400,33082.7,33652.3,27920.0,32048.0,16125.62840498,-1034.699999999997,5732.300000000003,32456.50000000001,68.85450633343567,27920.0,34771.0,15959.155895053327,0.0901088135950665,0.9874139232511204,2649.0999999999985,29876.650000000005,80.56925065661603,25850.0,34771.0,11043.130796621252,0.22081108055189436,1.0726771575795813,5796.5999999999985,25905.747619047615,78.60001610627322,19048.9,34771.0,9672.894530965721,0.6621458319286764,1.2370999853498224,12766.900000000001,21105.076363636363,74.30287855665344,15300.0,34771.0,7874.2896672345405,1.0923567086905144,1.5184972301364463,16731.3,15325.133333333331,68.0127402574018,9850.0,34771.0,5501.92162782521,1.717175656656436,2.091205296745651,20253.4,11261.770026525213,60.492620148824166,3913.1,34771.0,6366.941336917224,3.418402658100451,2.8457338344253436,24794.7,3,1,0
1970-01-01 00:26:49.804800,32047.9,34499.0,29910.5,34050.0,10982.67553728,2002.0999999999985,4588.5,33060.233333333344,83.52532297139823,27920.0,34771.0,13081.409904516659,0.05618075114458354,1.0299382843637923,1811.2000000000007,30754.21250000001,85.06988010871355,25850.0,34771.0,11432.04755130375,0.25973473427181415,1.107165400512206,7020.5,26601.47619047619,81.13728516215622,19302.4,34771.0,9932.100439612388,0.7515702402814857,1.2800041530097686,14610.3,21438.554545454546,76.02031162149532,15425.3,34771.0,7958.104564195812,1.1675886610604316,1.5882600633268609,18341.3,15479.837499999998,69.2277494716493,9850.0,34771.0,5553.540392773682,1.8923092604862135,2.1996354935896454,22277.4,11333.01114058357,61.211525414752636,3913.1,34771.0,6387.1588932566665,3.7343613131074367,3.004497178871269,26857.9,3,1,0
1970-01-01 00:26:49.891200,34049.7,36989.0,33373.4,36876.7,12345.59200165,2827.0,3615.5999999999985,34324.90000000001,91.75285522458601,27920.0,36989.0,13151.298647969992,0.11468229618501513,1.074342532680357,3794.0,31941.77500000001,89.13191961684356,27346.0,36989.0,11887.939976058751,0.3470350158166582,1.1544975193144398,9500.499999999996,27339.504761904762,83.95721213760012,21264.4,36989.0,9956.001068388101,0.7249755591002007,1.3488430138421708,15498.599999999999,21812.534545454542,78.12296806815644,15735.0,36989.0,8009.080809312539,1.26129214241038,1.6906196720584512,20568.899999999998,15653.576388888889,70.80449161985084,9850.0,36989.0,5617.21620943764,2.1097796480102544,2.3558003030013994,25018.399999999998,11411.741114058372,62.185660327912906,3913.1,36989.0,6410.178948944147,4.124966993259676,3.231470082560039,29681.199999999997,3,1,0
1970-01-01 00:26:49.977600,36873.4,40376.9,36201.0,39489.0,16175.89556871,2615.5999999999985,4175.9000000000015,36805.23333333334,95.12663263179688,29910.5,40376.9,13168.054369213327,0.23218297553669487,1.07291807233935,7441.0,33267.912500000006,91.55781032862643,27844.0,40376.9,12606.3780194675,0.3673523800290166,1.1869996351589536,10609.099999999999,28132.97142857143,85.98964183148377,21885.6,40376.9,9821.832199531435,0.729985718165967,1.4036554972609667,16662.8,22233.363636363636,79.79092020435635,15735.0,40376.9,8193.224892410903,1.4162047064870222,1.7761145207652709,23145.6,15845.050000000001,72.13328360908686,9850.0,40376.9,5715.97060663021,2.3137251611170786,2.4921978788328216,27572.2,11497.265251989405,63.04562208961586,3913.1,40376.9,6442.668342784491,4.449464561713403,3.434642859367544,32242.6,3,1,0
1970-01-01 00:26:50.064000,39489.0,41989.0,36618.0,40666.7,14072.21903592,1177.699999999997,5371.0,39010.80000000001,96.18266259092057,33373.4,41989.0,14197.902202093328,0.1943230543318648,1.0424472197442756,6616.699999999997,34731.350000000006,92.4285728161791,27920.0,41989.0,13413.83985066125,0.40427567059863523,1.1708931556072537,11707.499999999996,28968.02857142857,86.78231130494409,21885.6,41989.0,10203.79798449667,0.7581418473444153,1.4038476902121648,17536.199999999997,22680.392727272723,80.47448279049901,15801.0,41989.0,8381.567984095447,1.5290079041797,1.7930333257015914,24586.6,16042.029166666667,72.69741823231122,9850.0,41989.0,5765.6344024408345,2.305778876090296,2.535009728351593,28364.999999999996,11585.770822281183,63.42164295487131,3913.1,41989.0,6473.305109414916,4.5707045108971105,3.510055621141047,33366.6,3,1,0
1970-01-01 00:26:50.150400,40644.2,41418.0,38765.2,40252.1,5989.36250679,-392.09999999999854,2652.800000000003,40135.93333333334,86.30673989066196,36201.0,41989.0,12079.159037139994,0.09153205140373188,1.0028943307659468,3375.4000000000015,36088.0,88.7457669783541,27920.0,41989.0,13430.40154193875,0.36917027507831923,1.1153873863888273,10853.199999999997,29748.057142857142,85.00456787964288,21885.6,41989.0,10191.142494196194,0.6861990239406823,1.3531001304286858,16380.599999999999,23122.02545454545,79.51016988448444,15884.3,41989.0,8452.589024873085,1.5216980009146552,1.7408552758117921,24289.8,16238.522916666669,72.17941627570748,9850.0,41989.0,5765.1756384011815,2.366404616542611,2.4788030417893867,28295.1,11672.935543766593,63.194669731619456,3913.1,41989.0,6481.184446167701,4.446096603977811,3.448327102388124,32861.1,3,1,0
1970-01-01 00:26:50.236800,40256.8,41437.5,34875.0,38170.5,14578.12038267,-2086.300000000003,6562.5,39696.43333333335,48.670514318243534,34875.0,41989.0,11546.567308459993,-0.03338904505052043,0.961559938634285,-1318.5,36829.4625,72.23150505792192,27920.0,41989.0,12800.67740116125,0.18399258036899635,1.0364120844826339,5931.700000000001,30447.571428571428,76.71941663452887,21885.6,41989.0,10605.524399473337,0.625611672565128,1.2536467839330372,14689.8,23512.01454545454,74.91934558813713,16210.0,41989.0,8597.108780625085,1.282774458618153,1.6234465968965346,21449.4,16421.947222222225,69.6695540671154,9850.0,41989.0,5825.122692771042,2.2465085818293162,2.3243589498538624,26413.1,11755.059681697627,62.07630242252496,3913.1,41989.0,6509.939843046082,4.2943257000984785,3.2471549301813107,30960.8,3,1,0
1970-01-01 00:26:50.323200,38170.3,38249.9,30302.0,35439.3,27061.98196231,-2731.0,7947.9000000000015,37953.96666666668,26.191724453481754,30302.0,41437.5,15876.488283923327,-0.1285425175881002,0.9337442990148589,-5227.399999999994,37124.0375,56.47341031013845,27920.0,41989.0,14666.434425038751,0.07123360547960123,0.954618688767352,2356.600000000006,31053.4380952381,67.63724674793916,22354.2,41989.0,11380.705319117147,0.5600961432640288,1.1412359524027857,12723.200000000004,23834.82363636363,69.55265155978405,16210.0,41989.0,8904.77612075181,1.0039412376730303,1.486870662048113,17754.500000000004,16585.660416666666,66.60932304788518,9850.0,41989.0,5990.3229571725005,1.9869780692143015,2.1367433740767785,23574.700000000004,11830.049071618052,60.66394570658502,3913.1,41989.0,6574.687447485155,3.9438918572046378,2.9957018593459477,28271.000000000004,3,1,0
1970-01-01 00:26:50.409600,35444.0,36626.6,32416.8,34046.4,13744.95201747,-1397.5999999999985,4209.799999999999,35885.400000000016,19.35372279413062,30302.0,41437.5,18461.68478748333,-0.15417083829166667,0.9487535320771118,-6205.699999999997,37373.8375,50.10258680167076,29910.5,41989.0,14368.849876600001,0.06235646530204697,0.9109688027085793,1998.4000000000015,31540.019047619055,63.605137775962184,22629.2,41989.0,11762.464573859053,0.4288280272953895,1.0794666911455195,10218.2,24130.212727272723,67.0575074649648,16210.0,41989.0,8903.596271455992,0.9127191011235956,1.4109448758203318,16246.400000000001,16742.074999999997,65.13988573395392,9850.0,41989.0,6058.023273975904,1.9547241531932618,2.0335830534745547,22523.7,11901.327586206911,59.96628280853977,3913.1,41989.0,6606.298368237781,3.7455396966993764,2.86072286922496,26872.0,3,1,1
1970-01-01 00:26:50.496000,34038.2,37820.0,32349.9,37390.1,13128.53982254,3351.9000000000015,5470.0999999999985,35625.266666666685,58.43141815425566,30302.0,38249.9,17978.491267439993,-0.020445108133244294,1.0495388104697223,-780.4000000000015,37791.35,61.89562521597275,30302.0,41989.0,14637.082912257501,0.09809397944199705,0.9893824909668483,3340.0999999999985,32214.466666666674,68.35944363136966,22723.0,41989.0,11967.130662765245,0.609789595594725,1.1606617730750364,14163.399999999998,24485.883636363633,69.71395250736784,16210.0,41989.0,9018.044248402719,1.0972448143951716,1.5270063582460427,19561.899999999998,16920.668055555554,66.90476628694103,9850.0,41989.0,6129.905247998265,2.2032091975292776,2.209729537701304,25717.399999999998,11982.090981432375,61.0445927142313,3913.1,41989.0,6630.359928654013,4.3858375466344,3.1204987558465587,30447.8,3,1,0
1970-01-01 00:26:50.582400,37390.1,40115.0,36676.6,39151.6,10488.49678433,1761.5,3438.4000000000015,36862.70000000002,69.94111887161256,32349.9,40115.0,12453.996208113327,0.10475094034024357,1.0620925759643212,3712.2999999999956,38075.712499999994,66.64231523682207,30302.0,41989.0,14404.9460100925,0.06168935940580367,1.0282565296709814,2274.9000000000015,32949.37142857144,70.4916837409299,23410.8,41989.0,12237.986451991435,0.6506707815807005,1.1882351104898594,15433.0,24858.090909090908,70.97002668616537,16210.0,41989.0,9083.866740814174,1.095887624329504,1.5750042971192844,20471.399999999998,17111.63333333333,67.7703787683196,9850.0,41989.0,6194.357045588681,2.3599025110275815,2.28801069058282,27499.0,12066.485676392587,61.59105339892135,3913.1,41989.0,6636.6411100322875,4.3377869880569335,3.2446564020374167,31816.8,3,1,0
1970-01-01 00:26:50.668800,39121.5,39686.1,34371.0,36739.8,13486.03839009,-2381.699999999997,5315.0999999999985,37760.50000000002,44.58668533098434,32349.9,40115.0,12367.691665653327,0.07910968560552667,0.972969107930244,2693.4000000000015,37732.06249999999,55.771147394604455,30302.0,41989.0,14068.713862765002,-0.06961938767758102,0.973702404950697,-2749.199999999997,33522.761904761916,64.26555362318086,24500.0,41989.0,12585.951160350482,0.487525608738957,1.0959657830216283,12041.200000000004,25185.929090909092,67.08980286461642,16210.0,41989.0,9240.439520745993,0.9637815561744003,1.4587430889441082,18031.100000000002,17285.07083333333,65.41154381354372,9850.0,41989.0,6273.022621396459,2.1228580171358633,2.1255220967419626,24975.000000000004,12144.442175066326,60.427364281760234,3913.1,41989.0,6664.687967484649,3.998476231939267,3.025235697974687,29389.600000000002,3,1,0
1970-01-01 00:26:50.755200,36744.6,37947.5,35342.2,36014.6,8842.42252093,-730.0,2605.300000000003,37302.00000000002,38.321032816697965,34371.0,40115.0,10938.985898449993,-0.03678781281676169,0.9654871052490477,-1375.5,37150.54999999999,52.81070547586173,30302.0,41437.5,13414.989298391252,-0.11439580787228865,0.9694230637231483,-4652.0999999999985,33978.63809523811,62.522063797168194,25634.6,41989.0,12547.587691475244,0.36206374899777605,1.0599188790043712,9573.399999999998,25505.281818181822,65.98493076048223,16210.0,41989.0,9283.798622964174,0.9519896803286683,1.412044777890925,17564.399999999998,17456.491666666665,64.72935921712427,9850.0,41989.0,6297.914701141805,2.178693733451015,2.0631064183859014,24684.6,12220.483819628658,60.08510426296312,3913.1,41989.0,6680.4395033651,3.9020130939579962,2.9470682610906946,28667.699999999997,3,1,0
1970-01-01 00:26:50.841600,36010.5,36873.9,33850.0,35816.4,9017.89627085,-194.09999999999854,3023.9000000000015,36190.266666666685,36.23361267400088,33850.0,39686.1,10448.785727289995,-0.085186812288642,0.9896694138755535,-3335.199999999997,36596.087499999994,51.94938420757968,30302.0,41437.5,13793.556018898753,-0.11019797724839198,0.9786947853373672,-4435.699999999997,34434.1142857143,62.03906995193768,25850.0,41989.0,12298.059008310005,0.36436151976656483,1.040142914750654,9565.0,25822.165454545455,65.6838183409472,16210.0,41989.0,9335.746165936174,0.9478349775394557,1.3870409150250127,17428.600000000002,17625.56736111111,64.54410147004981,9850.0,41989.0,6341.493648768055,2.122751645668948,2.032070756429945,24346.9,12294.911140583567,59.99199022767624,3913.1,41989.0,6688.460249588576,3.6171219367563454,2.913107674424397,28059.100000000002,3,1,0
1970-01-01 00:26:50.928000,35815.6,37400.0,34754.5,36622.5,7464.62633774,806.9000000000015,2645.5,36151.16666666668,52.13863477566712,33850.0,37947.5,8441.64837650666,-0.0031927228781867267,1.0130378457126783,-117.30000000000291,36402.587499999994,55.335362965218735,30302.0,40115.0,12904.369263282504,-0.04055487876763464,1.0060411227635948,-1548.0,34890.923809523825,63.25140754094816,25850.0,41989.0,12278.691619639529,0.354908525869883,1.049628270089069,9593.0,26139.414545454547,66.32047323870722,16210.0,41989.0,9307.13398806781,0.9100282677403542,1.4010451510425426,17448.7,17801.224305555555,64.95488618080225,9850.0,41989.0,6360.641677602431,2.232946971636402,2.0573023164800266,25294.6,12370.408488063673,60.24323563803178,3913.1,41989.0,6680.698631917541,3.4880514705882355,2.960492374632366,28462.5,3,1,0
1970-01-01 00:26:51.014400,36622.5,37860.0,35900.0,35925.6,6298.67637683,-696.9000000000015,1960.0,36121.50000000001,39.395819099467815,33850.0,37860.0,7593.732995139995,-0.002471220005220154,0.994576637182841,-89.0,36463.37499999999,51.733473347957016,32349.9,40115.0,10308.956065097504,0.013722054329515343,0.9852516394875681,486.29999999999563,35298.03809523811,61.4693720640268,27346.0,41989.0,12164.416561221433,0.3122931597519012,1.0177789457609132,8549.399999999998,26452.181818181823,65.2544522686049,16210.0,41989.0,9295.769907887083,0.9187540724441072,1.3581337164145246,17202.199999999997,17970.620138888888,64.30627101415506,9850.0,41989.0,6385.71579128743,2.1151344883200665,1.9991296751221217,24393.0,12444.366843501339,59.91707104559368,3913.1,41989.0,6664.8770081017055,3.4665249337958297,2.8868965735095604,27882.3,3,1,0
1970-01-01 00:26:51.100800,35925.5,36396.7,33374.0,35511.8,9170.19074567,-413.6999999999971,3022.699999999997,36019.96666666668,32.35319908024155,33374.0,37860.0,7644.497820079995,-0.008504483979406063,0.985892083927525,-304.59999999999854,36646.54999999999,49.545008802785006,32349.9,40115.0,9737.110906122503,0.043041261337468883,0.9690352843582825,1465.4000000000015,35613.842857142874,60.40828269851662,27844.0,41989.0,12104.502252851433,0.22963722173553247,0.9971347417476908,6631.9000000000015,26785.767272727277,64.62622630668477,16450.8,41989.0,9129.7972081189,1.0688976148584883,1.3257712440500966,18347.200000000004,18137.501388888886,63.92459948436724,9850.0,41989.0,6439.053678469444,2.093119877361531,1.9579212835652593,24030.9,12517.825198939003,59.724560284105046,3913.1,41989.0,6672.947436080963,3.542312611921208,2.836898537535893,27693.800000000003,3,1,0
1970-01-01 00:26:51.187200,35511.8,35614.1,30056.1,30832.6,19513.43295565,-4679.200000000004,5558.0,34090.00000000002,8.023727530189447,30056.1,37860.0,11660.766692716663,-0.15809679841627422,0.904447051921384,-5789.9000000000015,35826.86249999999,32.03293238973656,30056.1,40115.0,10535.222547761254,-0.17538064888834215,0.8606000595223767,-6557.5,35703.052380952395,50.13312721408886,27920.0,41989.0,12671.21218472191,0.0646910135639105,0.8635844260881519,1873.3999999999978,27034.647272727278,58.175669917180116,16660.0,41989.0,9376.186018441083,0.7984274565159062,1.1404846413921634,13688.399999999998,18270.27569444444,59.877816015064276,9850.0,41989.0,6565.137518925069,1.6323176614218267,1.6875826350762437,19119.5,12577.880106100805,57.62536541506552,3913.1,41989.0,6703.401806985022,2.763791061902611,2.451335180484419,22640.699999999997,3,1,1
1970-01-01 00:26:51.273600,30832.5,33850.0,28800.0,33000.0,15251.54979223,2167.5,5050.0,33114.80000000002,39.588076169918885,28800.0,36396.7,14645.057831183329,-0.08143496559556418,0.9965332721320975,-2925.5999999999985,35057.91249999999,42.74577411216445,28800.0,39686.1,11130.604173748754,-0.15712256970340932,0.9412996281509918,-6151.5999999999985,35874.53333333335,53.94327422373182,27920.0,41989.0,13118.577937848575,0.12249097755358185,0.919872593000048,3601.0999999999985,27312.23090909092,60.05658819685544,16660.0,41989.0,9561.8988105989,0.8609477299257311,1.2082498903088834,15267.099999999999,18418.491666666665,61.028569282781255,9850.0,41989.0,6653.944477607847,1.8309413308855702,1.7916776572819255,21343.1,12644.123607427064,58.30596963805128,3913.1,41989.0,6731.106772758602,3.111534723779622,2.6099080509317423,24973.8,3,1,0
1970-01-01 00:26:51.360000,33000.1,33496.4,31350.0,32100.5,6099.11396014,-899.5999999999985,2146.4000000000015,31977.700000000015,32.61939908419566,28800.0,35614.1,13621.365569339994,-0.0960610276020929,1.0038401761227351,-3411.300000000003,34477.99999999999,39.77244813467649,28800.0,37947.5,10207.238620005004,-0.12627450339958313,0.9310429839317828,-4639.300000000003,35867.947619047634,52.20509758601465,27920.0,41989.0,12474.920816479527,-0.004289861905529935,0.8949633901816302,-138.29999999999927,27565.072727272734,58.936236537013336,16660.0,41989.0,9576.711773895082,0.7643259939980873,1.1645352913667424,13906.3,18558.586805555555,60.30572500402869,9850.0,41989.0,6668.290893233541,1.6914595700439348,1.7296845032613497,20173.7,12707.580371352795,57.91886859024698,3913.1,41989.0,6741.104243350114,2.9255622271409876,2.5260906531321603,23923.2,3,1,0
1970-01-01 00:26:51.446400,32101.1,33088.2,30950.0,32292.0,4828.26804529,190.90000000000146,2138.199999999997,32464.166666666686,36.20554334444243,28800.0,33850.0,8726.310599219994,0.047333017650149634,0.994696716892984,1459.4000000000015,34012.674999999996,40.77478917295741,28800.0,37860.0,9705.469310550003,-0.1033636358587906,0.9494107711316444,-3722.5999999999985,35830.295238095256,52.546902327104064,27920.0,41989.0,12126.937115241431,-0.023900709434235945,0.9012485045243699,-790.6999999999971,27793.870909090914,59.10167472720225,17572.0,41989.0,9419.298137860356,0.6385141134863332,1.1618388854730495,12583.900000000001,18703.691666666666,60.40626343741319,9850.0,41989.0,6658.922981200833,1.833402065473945,1.7265040814135177,20895.1,12771.739522546428,57.978421748793046,3913.1,41989.0,6746.710025296453,2.9846989141164855,2.5283948159914886,24188.0,3,1,0
1970-01-01 00:26:51.532800,32297.8,34872.7,31908.7,32274.4,9134.64789835,-23.399999999997817,2963.9999999999964,32222.300000000017,35.941832348552495,30950.0,34872.7,6687.343301259995,-0.02198787878787878,1.0016168926488793,-725.5999999999985,33569.924999999996,40.70363680590803,28800.0,37860.0,9720.063263987502,-0.09889324443550995,0.9614081651954839,-3542.0,35841.076190476204,52.51066324445045,28800.0,41989.0,11794.033281592383,0.007064403394907659,0.9004863533806513,226.40000000000146,28039.170909090917,59.079394178946295,17572.0,41989.0,9352.8362203969,0.7182863136150435,1.151046873127619,13491.5,18857.124305555553,60.3921069741801,9850.0,41989.0,6648.975035022015,2.170342138092946,1.7115228959110984,22094.300000000003,12833.964721485421,57.97086170096393,3913.1,41989.0,6729.726753508096,2.661096931541036,2.514764587592268,23458.9,3,1,0
1970-01-01 00:26:51.619200,32266.9,32932.8,30816.2,32501.0,8854.20510657,234.09999999999854,2116.600000000002,32355.800000000017,43.84147360902206,30816.2,34872.7,7605.707016736662,0.012476441176928699,1.0044876034590393,400.5,33054.737499999996,42.18804875198282,28800.0,37860.0,9893.76061009125,-0.11254010512662982,0.9832478627307206,-4121.5,35767.3142857143,52.9493277010304,28800.0,41989.0,11692.677546796669,-0.0454919236417034,0.9086787937270736,-1549.0,28280.43636363637,59.280693645754404,17572.0,41989.0,9390.175248985628,0.6899965681125657,1.1492396928425943,13269.599999999999,19010.161805555555,60.51208747249268,9850.0,41989.0,6659.824455280556,2.106101150655606,1.7096645642701402,22037.4,12896.80477453582,58.04149003365916,3913.1,41989.0,6731.908260449714,2.6889776738590063,2.5200815681238975,23690.7,3,1,0
1970-01-01 00:26:51.705600,32509.2,32579.0,29255.0,30424.2,11215.32690868,-2085.0,3324.0,31733.200000000015,16.26560719547787,29255.0,34872.7,9734.72663786666,-0.057840951319212186,0.9587498266799436,-1867.7999999999993,32367.062499999996,33.42389228189499,28800.0,36396.7,10508.3419265725,-0.15313314182644122,0.9399740863107365,-5501.399999999998,35460.052380952395,48.626815387318054,28800.0,41989.0,11638.855399512384,-0.17497498420411794,0.8579851962187897,-6452.499999999996,28479.94363636364,56.67802444225096,17572.0,41989.0,9502.349769786719,0.5641216782425855,1.0682675636040901,10972.900000000001,19150.870138888888,58.866362181278,9850.0,41989.0,6691.0036439225005,1.9938595973312863,1.5886588849150423,20262.0,12954.381432360755,57.15881676790661,3913.1,41989.0,6748.4984811016775,2.489894239372319,2.3485644728661983,21706.4,3,1,1
1970-01-01 00:26:51.792000,30422.6,33872.1,29900.0,33430.4,8816.48779189,3007.800000000003,3972.0999999999985,32118.533333333355,64.60496251998505,29255.0,33872.1,9628.673269046662,0.03581786183476687,1.0408445383558396,1156.0,32106.887499999997,50.45187060957699,28800.0,35614.1,10464.129057350001,-0.058611503781841545,1.0412220742356295,-2081.4000000000015,35171.54761904763,54.29741574904961,28800.0,41989.0,11288.407410140002,-0.15342500443161378,0.9504955642581764,-6058.5999999999985,28748.390909090915,59.31172900950355,17572.0,41989.0,9556.574693623992,0.7909974391668186,1.162861605218695,14764.600000000002,19311.823611111107,60.434837927462176,9850.0,41989.0,6734.887879532501,2.2605163316460386,1.7310845766406926,23177.300000000003,13019.44482758622,58.08397957219443,3913.1,41989.0,6750.269784548415,2.755591754198731,2.567728535487633,24528.9,3,1,0
1970-01-01 00:26:51.878400,33430.5,38621.0,32000.0,34261.7,20784.44273084,831.1999999999971,6621.0,32705.433333333352,71.44311753839258,29255.0,38621.0,13605.419143803329,0.05417371773176205,1.0475843463318524,1760.699999999997,32535.524999999998,54.1573646613318,28800.0,38621.0,10623.005279248751,0.11121669920798105,1.053055083635503,3429.0999999999985,34866.54761904763,55.71667579344175,28800.0,41437.5,11608.037109898098,-0.15749987090174522,0.9826524947162475,-6405.0,29023.094545454547,59.99668648441687,17572.0,41989.0,9891.303328851991,0.7888424789850152,1.1804978254934533,15108.699999999997,19477.686805555553,60.85053113368211,9850.0,41989.0,6850.957965734723,2.301568793724825,1.7590230473480892,23884.299999999996,13086.69681697614,58.333460616702716,3913.1,41989.0,6795.015510454913,2.846301514420108,2.618055608620467,25353.999999999996,3,1,0
1970-01-01 00:26:51.964800,34266.3,34902.0,32865.2,34296.5,5251.37596528,30.19999999999709,2036.800000000003,33996.20000000002,71.78539886217735,29900.0,38621.0,11617.435496003329,0.12727697030653218,1.008833340196845,3872.2999999999993,32697.587499999994,54.32080179611255,29255.0,38621.0,9372.98355088,0.03928787878787876,1.0489000144123786,1296.5,34582.947619047634,55.77704004061965,28800.0,41437.5,11572.894893635717,-0.14795749786967638,0.9917170848996728,-5955.5999999999985,29294.069090909095,60.02537903274431,17572.0,41989.0,9937.371970889628,0.76850806222896,1.1707659968154893,14903.599999999999,19645.55625,60.86786284564243,9983.2,41989.0,6849.0064666440285,2.3878774707852184,1.7457637525534557,24173.2,13154.576657824948,58.34386727817962,3913.1,41989.0,6786.312787081916,2.9395001033793564,2.607191465914554,25590.7,3,1,0
1970-01-01 00:26:52.051200,34297.4,34373.2,32200.0,33122.0,4625.29985591,-1175.4000000000015,2173.199999999997,33893.400000000016,44.67631700159351,32000.0,38621.0,10220.372850676662,-0.009225136402795098,0.9772404066868471,-308.40000000000146,32825.274999999994,47.75396364180765,29255.0,38621.0,9188.75678785125,0.031821934237784566,1.0090395282293905,1021.5,34342.54285714288,53.206821985784444,28800.0,40115.0,11098.951059028099,-0.13226182523152696,0.9644597413121079,-5048.5,29547.585454545457,58.581027691541394,17572.0,41989.0,9964.407153495265,0.7270290845004328,1.1209714597814853,13943.400000000001,19804.530555555553,59.965630844424695,10134.6,41989.0,6859.116545458682,2.237827111254484,1.6724456006208457,22892.3,13219.543766578261,57.854887017117036,3913.1,41989.0,6788.556308286452,2.838273808144251,2.505532761557117,24492.6,3,1,1
1970-01-01 00:26:52.137600,33121.8,34700.0,32325.3,33533.9,5477.65375934,412.09999999999854,2374.7000000000007,33650.80000000001,53.84536140215332,32200.0,34902.0,5118.109860176661,-0.02124237851595212,0.9965260855611157,-727.7999999999956,32980.5125,50.16845264610427,29255.0,38621.0,9269.9300021075,0.03845844171931123,1.0167792268237192,1241.9000000000015,34251.80952380954,53.98758212301432,28800.0,40115.0,10071.125906505718,-0.053765170305282606,0.9790402453537382,-1905.4000000000015,29824.19272727273,58.93398985161879,17572.0,41989.0,9947.891423769994,0.8304031003520647,1.1243858402690285,15213.400000000001,19965.529166666664,60.17410916416386,10134.6,41989.0,6871.363509958126,2.2399590342122297,1.6795898430774545,23183.800000000003,13285.354376657839,57.97872606550006,3913.1,41989.0,6791.092474564993,2.844175942590534,2.524125367624257,24810.600000000002,3,1,1
1970-01-01 00:26:52.224000,33534.1,36000.0,33462.1,35500.0,6824.95472103,1965.9000000000015,2537.9000000000015,34051.966666666674,78.89241404073238,32200.0,36000.0,5642.636112093328,0.035091044275654903,1.042524220333823,1203.5,33383.712499999994,60.20171188292764,29255.0,38621.0,8981.218354942499,0.09994298887043596,1.063392814684706,3225.5999999999985,34321.028571428586,57.5384464580183,28800.0,40115.0,9741.60222572286,0.04269467550166817,1.0343512848432777,1453.5999999999985,30132.40181818182,60.56765908614768,17572.0,41989.0,9931.40072196272,0.9139013936436908,1.17813376491546,16951.5,20139.84722222222,61.146625529704,10134.6,41989.0,6900.130634739862,2.4140524321517183,1.7626747416847064,25101.8,13356.550663129987,58.5614756621383,3913.1,41989.0,6800.978528018175,3.0997805751241483,2.657871848455288,26841.0,3,1,0
1970-01-01 00:26:52.310400,35500.0,37676.0,35394.8,37670.9,7014.21979274,2170.9000000000015,2281.199999999997,35568.26666666667,88.88376806775403,32325.3,37676.0,6438.9427577033275,0.1373377211521043,1.0591154287342275,4548.9000000000015,34029.95,68.26485413586447,29255.0,38621.0,8751.22019071375,0.15906895172456226,1.106992516885861,5169.9000000000015,34334.400000000016,61.02553298500378,28800.0,40115.0,9450.444129065718,0.007510009334021683,1.0971765925718808,280.8000000000029,30485.590909090908,62.25626996409857,17572.0,41989.0,9969.63943877472,1.0646680003288482,1.2356952539426227,19425.4,20328.898611111108,62.173663203223356,10134.6,41989.0,6934.476841680279,2.6057334290500123,1.8530713700057673,27223.4,13434.218567639273,59.18807164088118,3913.1,41989.0,6804.024999533214,3.489922646929119,2.804100574241269,29280.800000000003,3,1,0
1970-01-01 00:26:52.396800,37676.0,38735.1,36202.0,36979.0,7172.51303209,-697.0,2533.0999999999985,36716.63333333334,72.48138237547236,33462.1,38735.1,7003.8958486199945,0.10273484444099856,1.0071457168821758,3445.0999999999985,34849.299999999996,63.5733662700292,29900.0,38735.1,8245.86845614,0.2154469139698003,1.0611117009523865,6554.799999999999,34230.94285714287,59.393245273011416,28800.0,39686.1,9292.540140863814,-0.05549198500189001,1.080279913829008,-2172.5999999999985,30830.090909090908,61.40270424856224,18024.0,41989.0,9987.620327071994,1.0507999889082993,1.1994450522069644,18947.5,20513.973611111105,61.65063494801558,10134.6,41989.0,6967.426293523404,2.5803915493503222,1.8026249180690592,26650.8,13509.953846153863,58.90344142097013,3913.1,41989.0,6810.894104899208,3.388261261688898,2.737167011901193,28552.2,3,1,1
1970-01-01 00:26:52.483200,36975.8,38340.0,36582.9,38296.7,4809.54280306,1320.8999999999942,1757.0999999999985,37648.866666666676,81.9806218476921,35394.8,38735.1,6332.091875963328,0.07878028169014084,1.0172072466103448,2796.699999999997,35457.587499999994,68.3131417903676,32000.0,38735.1,7745.00033253625,0.14556511438690523,1.0800706618858376,4866.299999999996,34305.080952380966,61.45490399734586,28800.0,38735.1,8879.373684338576,0.042376387459920783,1.1163564969620627,1556.8999999999942,31184.45090909091,62.4025979836783,18712.6,41989.0,9991.730188271085,1.0363111411237362,1.228070364671251,19489.799999999996,20705.791666666664,62.259506853710114,10134.6,41989.0,6971.994422132224,2.5875464875549183,1.8495646346935943,27621.799999999996,13589.45437665784,59.27738765875441,3913.1,41989.0,6816.98570350194,3.6002042042042035,2.818119031017241,29971.699999999997,3,1,1
1970-01-01 00:26:52.569600,38311.7,40986.0,38221.4,39257.0,9126.76729633,945.3000000000029,2764.5999999999985,38177.56666666668,86.9173530909746,36202.0,40986.0,7036.2743771599935,0.04210411750183818,1.0282740213057053,1586.0999999999985,36081.99999999999,71.41137646630108,32200.0,40986.0,6287.7909032225,0.14579836960804649,1.087994013635608,4995.300000000003,34459.48095238097,62.89640250125523,28800.0,40986.0,8892.913911738575,0.09003015443736717,1.1392220345468538,3242.4000000000015,31549.776363636363,63.11191822664009,19002.0,41989.0,10071.482108512904,1.048465620613543,1.2442877422499523,20092.9,20903.512499999997,62.69417839233498,10134.6,41989.0,7005.646109222154,2.6398954122315765,1.8780097364019566,28471.8,13670.792042440335,59.546358512871,3913.1,41989.0,6831.866606650402,3.5686454781384196,2.8715966037760268,30664.3,3,1,1
1970-01-01 00:26:52.656000,39257.0,39704.4,37410.5,38874.9,5135.54003709,-382.09999999999854,2293.9000000000015,38809.53333333335,74.70230803084328,36582.9,40986.0,6357.283378826661,0.05126963952513597,1.0016842940652035,1895.9000000000015,36654.299999999996,68.37139037058127,32200.0,40986.0,6273.31141219875,0.13349467146793415,1.0605822509228113,4578.4000000000015,34605.12380952382,61.92879966091117,28800.0,40986.0,8708.03980536905,0.08539384192716182,1.1233856643304676,3058.5,31906.027272727268,62.633037858841426,19048.9,41989.0,10107.523888446722,1.0162179543698233,1.2184186914812052,19593.800000000003,21097.42777777777,62.40618809715934,10134.6,41989.0,7012.455163578056,2.5498625708832905,1.842636951266045,27923.800000000003,13750.322811671105,59.38986169184285,3913.1,41989.0,6828.811760194196,3.3719944218268525,2.8271990797920368,29983.100000000002,3,1,1
1970-01-01 00:26:52.742400,38867.1,46727.2,38075.0,46425.8,13678.90387894,7558.700000000004,8652.199999999997,41519.233333333344,95.10287930530667,37410.5,46727.2,9313.73707078666,0.21226633104157822,1.1181757530847147,8129.100000000006,38317.274999999994,83.87472190124868,32325.3,46727.2,7405.0119150775,0.4016605277459091,1.2116153875764915,13303.800000000003,35071.947619047634,71.1410034258431,28800.0,46727.2,9003.957783521431,0.26768516622295047,1.3237303073179225,9803.300000000003,32396.683636363632,67.58376346356765,19302.4,46727.2,10255.51575068745,1.3881952910795947,1.4330417434422023,26986.100000000002,21343.823611111104,65.55485547512399,10134.6,46727.2,7083.920152690141,3.241813463928076,2.1751397896594216,35481.0,13848.534748010627,61.39994220546677,3913.1,46727.2,6843.793359909128,3.938967435823786,3.352397986124068,37025.9,3,1,0
1970-01-01 00:26:52.828800,46425.7,48222.0,45050.0,46502.8,10574.2177171,77.10000000000582,3172.0,43934.50000000001,95.16255001215556,37410.5,48222.0,9796.22054437666,0.18457345186845675,1.0584574764706551,7245.800000000003,39938.38749999999,83.96631489128437,33462.1,48222.0,8042.0824097975,0.3867399855072031,1.1643634836283767,12968.900000000001,35575.62380952383,71.21558056949215,28800.0,48222.0,9207.554990200955,0.29441957823947273,1.3071534669070481,10577.200000000004,32853.49636363636,67.62830932707772,21264.4,48222.0,10232.434640137268,1.1752541151926508,1.4154596967484796,25124.700000000004,21590.824305555547,65.58445491780645,10134.6,48222.0,7141.001243954446,3.252773281388607,2.153822352583099,35568.100000000006,13947.266578249351,61.419467280728476,3913.1,48222.0,6856.991162733188,4.010591645206823,3.3341873648934723,37221.9,3,1,0
1970-01-01 00:26:52.915200,46504.5,47340.0,43734.8,44847.5,6451.55893098,-1657.0,3605.199999999997,45925.366666666676,68.31903663165221,38075.0,48222.0,10234.89350900666,0.15363640806793066,0.9765300367770605,5972.5999999999985,41106.82499999999,73.68368306174065,35394.8,48222.0,7995.40793604125,0.26330985915492966,1.0909988791398997,9347.5,36020.18095238097,67.29045740898223,28800.0,48222.0,9078.096332358575,0.26289008160667704,1.2450659273280396,9335.699999999997,33253.88363636364,65.65291535199333,21885.6,48222.0,10004.400405887813,0.9647378889171214,1.3486394699161863,22021.3,21825.31597222221,64.38671036634172,10134.6,48222.0,7173.112284020835,3.0473526040773598,2.054838521333614,33766.8,14041.026525198953,60.75703599459363,3913.1,48222.0,6852.840694781835,3.720789473684211,3.1940328521930867,35347.5,3,1,1
1970-01-01 00:26:53.001600,44839.5,48703.6,44046.2,47962.8,7962.97492388,3123.300000000003,4657.4000000000015,46437.70000000001,82.36340923812341,43734.8,48703.6,8329.583857319994,0.033106591593467405,1.032841850479244,1537.0,42393.312499999985,79.17022675394983,36202.0,48703.6,8114.002327433749,0.2732055777801965,1.1313765585079019,10291.900000000001,36835.904761904785,70.50313129675827,28800.0,48703.6,8528.074521321907,0.5555872680215099,1.30206656548864,17130.200000000004,33705.38,67.4740707169874,21885.6,48703.6,10039.16472174654,1.0735738527053025,1.4230013131434807,24832.300000000003,22082.568055555545,65.57808389704795,10134.6,48703.6,7212.446668757918,3.392801208957275,2.1719756451937435,37044.3,14143.47612732097,61.53978612862246,3913.1,48703.6,6861.046297343692,4.1355883203237935,3.3911606714102063,38623.5,3,1,0
1970-01-01 00:26:53.088000,47979.9,48925.0,46263.0,47470.4,5332.29630267,-509.5,2662.0,46760.23333333334,74.53010286885865,43734.8,48925.0,6582.276719176662,0.02080734923488481,1.015187406393039,967.5999999999985,43704.73749999999,76.29686349094017,36582.9,48925.0,7883.975236256249,0.2837123772952217,1.0861614258637295,10491.400000000001,37524.97142857145,69.37233096299863,29255.0,48925.0,8055.729117057145,0.43849696969696983,1.2650349405424495,14470.400000000001,34134.450909090905,66.90300010799587,21885.6,48925.0,10022.385967193266,0.9885805248937019,1.3906888417928933,23598.9,22339.89722222221,65.2307613903379,10134.6,48925.0,7204.856031434654,3.557887662025924,2.124915774132554,37055.4,14244.519363395242,61.34586803229605,3913.1,48925.0,6870.73269140332,4.062375361252413,3.3325378546633693,38093.3,3,1,1
1970-01-01 00:26:53.174400,47438.2,48224.1,46285.0,47199.9,2631.80889729,-238.29999999999563,1939.0999999999985,47544.36666666667,69.1136483485429,44046.2,48925.0,5309.026707946662,0.05245331400858477,0.9927548374115125,2352.4000000000015,44817.63749999999,74.59708750308502,37410.5,48925.0,7611.758498034998,0.2324795609021144,1.053154575584222,8903.200000000004,38243.9904761905,68.73641036204646,29255.0,48925.0,7890.619352159525,0.47037896605971885,1.234178217604807,15099.400000000001,34565.709090909084,66.58767041117764,21885.6,48925.0,9963.398849473995,1.0101572781049968,1.3655122733302687,23719.2,22594.531944444432,65.04020138300547,10134.6,48925.0,7201.066915247571,3.48135770234987,2.088996581830303,36667.4,14344.99071618039,61.23957684259572,3913.1,48925.0,6869.041495683188,4.063171783484585,3.290340226345425,37877.7,3,1,1
1970-01-01 00:26:53.260800,47199.9,49700.0,47038.7,48649.7,3553.11213783,1449.7999999999956,2661.300000000003,47773.333333333336,80.50439483044872,46263.0,49700.0,3839.072445929995,0.014321515841443588,1.0183442645827518,686.8999999999942,45991.72499999999,77.64740921134548,37410.5,49700.0,6915.051603222499,0.23926178770665096,1.0577924615786862,9392.699999999997,39022.928571428594,70.27010905746428,29255.0,49700.0,7829.897642280478,0.5065558032949335,1.2466952579161328,16357.699999999997,35037.22909090908,67.42578423601842,22354.2,49700.0,9831.943021983814,1.1416396300421288,1.3885144819463726,25933.6,22861.33055555554,65.5828534416148,10192.4,49700.0,7195.833506636529,3.755266013078283,2.1280344939580784,38419.0,14449.416976127339,61.597153939989326,3913.1,49700.0,6865.215935574222,4.241859713392953,3.3668970921371284,39368.7,3,1,0
1970-01-01 00:26:53.347200,48655.4,49043.3,45710.5,47937.1,5337.99924266,-718.3000000000029,3332.800000000003,47928.9,63.29442793231531,45710.5,49700.0,3840.973425926662,0.009831389665981183,1.00017108675559,466.6999999999971,47124.499999999985,72.74092270788996,38075.0,49700.0,6940.359003918748,0.23311185366393228,1.0172436842831227,9062.199999999997,39768.77142857145,68.53494595937985,29255.0,49700.0,7649.104849152383,0.48529794512059077,1.2053955472599815,15662.699999999997,35475.57272727272,66.58958606134121,22629.2,49700.0,9824.851959706904,1.0117801596427762,1.3512706438463549,24108.899999999998,23119.6423611111,65.08283825612337,10384.3,49700.0,7201.005355981044,3.4633340161263284,2.073436052827255,37196.899999999994,14552.275862068982,61.318373027038035,3913.1,49700.0,6869.269696590429,4.233707816099484,3.294130791249617,38777.8,3,1,1
1970-01-01 00:26:53.433600,47937.1,50599.9,47040.1,49218.7,6175.520692,1281.5999999999985,3559.800000000003,48601.83333333334,76.72016784966013,45710.5,50599.9,5022.210690829995,0.04277127705779038,1.0126922509781864,2018.7999999999956,47473.61249999999,75.87436065053575,43734.8,50599.9,6002.436105551248,0.060158360222117846,1.0367591048606215,2792.899999999994,40564.8523809524,69.93679402759957,29255.0,50599.9,7521.548448458573,0.5143749423094672,1.2133336401123227,16717.699999999997,35948.15454545454,67.33172467101673,22723.0,50599.9,9776.578664006722,1.1190569473924405,1.369157905943838,25991.999999999996,23387.1673611111,65.55840262321783,10384.3,50599.9,7217.173150593266,3.6019859561855423,2.1045173722852115,38523.6,14657.322281167126,61.63151209868827,3913.1,50599.9,6867.310723689792,4.118310767246936,3.3579598685115926,39602.5,3,1,1
1970-01-01 00:26:53.520000,49185.6,52779.6,48967.4,52130.0,7320.83703094,2944.4000000000015,3812.199999999997,49761.93333333335,89.6364894155883,45710.5,52779.6,6278.118988533327,0.0715379539853278,1.0475879152605267,3480.300000000003,48177.01249999999,81.41931599552197,43734.8,52779.6,5595.763519781248,0.12100776727422868,1.0820513206376177,5627.199999999997,41598.46190476193,72.82462501214965,29900.0,52779.6,7336.096549518573,0.7134386442371532,1.2531713340591684,21705.8,36464.72545454545,68.92858731175531,23410.8,52779.6,9822.402515285996,1.1978531616537236,1.429600781308003,28411.4,23674.909722222208,66.59901866112429,10384.3,52779.6,7268.01229664146,3.8741947246870057,2.201909135521168,41434.9,14769.723607427073,62.32615317639346,3913.1,52779.6,6871.111250679422,4.344090540969994,3.529517639300035,42375.3,3,1,0
