date,open,high,low,close,volume,bodysize,shadowsize,ema_20,rsi_20,Min_20,Max_20,volume_20,percentChange_20,RelativeSize_ema_20,Diff_20,ema_50,rsi_50,Min_50,Max_50,volume_50,percentChange_50,RelativeSize_ema_50,Diff_50,ema_100,rsi_100,Min_100,Max_100,volume_100,percentChange_100,RelativeSize_ema_100,Diff_100,ATR(14),WeekDay,Day,result
2020-09-14,10328.2,10745.0,10251.2,10674.9,4151.73228339,346.6999999999989,493.7999999999993,10764.851623082255,47.74984463258636,9850.0,12068.6,4027.8472513780093,-0.057819947043248,0.9916439514234103,-655.1000000000004,10050.839132606841,51.34507819405251,9850.0,12480.6,4676.4643918694,0.07397681999275618,1.06209042440731,735.2999999999993,9487.965742296834,52.380178336144375,8812.8,12480.6,4262.360638303796,0.10369106699751862,1.1250989189823777,1002.8999999999996,441.1664036485481,0,14,0
2020-09-15,10675.0,10935.0,10620.0,10785.2,4280.92435538,110.20000000000073,315.0,10765.544763518477,49.110752112905566,9850.0,12068.6,4104.76707851351,-0.05966258337329433,1.001825754006256,-684.2999999999993,10060.958644936542,51.866067152382534,9850.0,12480.6,4435.7401953648005,-0.023619195915300373,1.071985322733431,-260.89999999999964,9497.207295167445,52.630653889078985,8812.8,12480.6,4256.473715096697,0.10530145423614168,1.1356180469481736,1027.5,432.1545176736518,1,15,0
2020-09-16,10785.2,11097.9,10670.2,10951.1,4155.03620984,165.89999999999964,427.6999999999989,10771.865456218657,51.12616798790376,9850.0,12068.6,4077.15337972601,-0.03326300549969541,1.0166391368802208,-376.7999999999993,10073.224660378719,52.64431629208603,9850.0,12480.6,4349.0472032608,0.0015639290287177143,1.0871493855462444,17.100000000000364,9507.562647246768,53.0061918963939,8812.8,12480.6,4262.312078796796,0.11964134179881203,1.1518304329208136,1170.2000000000007,431.83633783981946,2,16,0
2020-09-17,10951.3,11043.2,10750.3,10944.8,3387.9454468,-6.5,292.90000000000146,10777.756241778154,51.04535792323834,9850.0,12068.6,4112.15045175651,-0.05096855869448358,1.0154989363717772,-587.8000000000011,10085.234688095732,52.61135419230246,9850.0,12480.6,4291.637896630401,-0.014709853981743293,1.085230075301953,-163.40000000000146,9517.797171181119,52.99007764879167,8812.8,12480.6,4237.135393997996,0.11932910615667813,1.149929947355854,1166.7999999999993,421.91231370840393,3,17,0
2020-09-18,10944.8,11039.1,10818.0,10934.7,2354.54057504,-10.099999999998545,221.10000000000036,10783.102322460525,50.909564476320696,9850.0,12068.6,4155.40073093551,-0.04757466749122441,1.0140588184184904,-546.1999999999989,10096.939901803351,52.557520644987136,9850.0,12480.6,4237.523674509401,-0.016203620398027696,1.0829716831380787,-180.09999999999854,9527.88474023614,52.964003516573506,8812.8,12480.6,4202.264561993796,0.10536371355788288,1.1476524221397113,1042.300000000001,407.5685770149465,4,18,0
2020-09-19,10934.8,11178.2,10898.9,11080.7,1827.56916142,145.90000000000146,279.3000000000011,10793.23959208992,52.81939124338192,9850.0,12068.6,4178.911192504511,-0.05399083077921296,1.0266333759625565,-632.3999999999996,10110.495465995564,53.26292870652627,9850.0,12480.6,4166.2384002358,-0.024259875662633656,1.095960137390646,-275.5,9538.937588465444,53.29953463402975,8812.8,12480.6,4098.060606420296,0.1958708368408557,1.1616283152328062,1814.9000000000015,398.4065357995933,5,19,0
2020-09-20,11078.0,11078.0,10766.2,10918.5,2298.82352174,-159.5,311.7999999999993,10797.506421516797,50.520901495042835,9850.0,12068.6,4170.6849814960115,-0.06334445693108803,1.0112056963672735,-738.3999999999996,10121.629100541937,52.38003035598657,9850.0,12480.6,4073.5031102872003,-0.07547904724002741,1.0787295099971008,-891.3999999999996,9548.755167069277,52.876256383814514,8812.8,12480.6,4073.5144255976957,0.15417547568710366,1.1434474765521847,1458.5,392.4132118139081,6,20,0
2020-09-21,10918.6,10985.0,10300.0,10415.0,6425.34807722,-503.60000000000036,685.0,10784.476848315537,44.231543776766365,9850.0,11955.3,4290.290879855011,-0.126756548277828,0.9657399377352971,-1511.7999999999993,10125.671461008587,49.76697016607934,9850.0,12480.6,4019.9454166854002,-0.05892239159310031,1.02857376324183,-652.1000000000004,9554.91846213131,51.59157695703946,8812.8,12480.6,4118.659763545796,0.09967268503853877,1.0900145345329133,944.0,413.3122681129147,0,21,1
2020-09-22,10417.9,10570.0,10362.8,10532.5,3177.44162823,114.60000000000036,207.20000000000073,10775.893591661244,45.8863857695973,9850.0,11478.0,4140.3005923665105,-0.07584518597162382,0.977413140767315,-864.3999999999996,10131.277089724505,50.35670473446466,9850.0,12480.6,3988.8070922092006,-0.06271969245281339,1.0396024022166395,-704.7999999999993,9561.872470474595,51.867239675752465,8812.8,12480.6,4123.630311810196,0.12883692017491222,1.10151019400463,1202.1000000000004,398.5899632477066,1,22,1
2020-09-23,10531.2,10534.0,10134.6,10230.7,4306.72297782,-300.5,399.39999999999964,10757.322296117462,42.478428684060106,9850.0,11178.2,3827.2791338525108,0.004970481625917289,0.9510452246738457,50.600000000000364,10132.647007094685,48.853499821161684,9850.0,12480.6,4006.6713158328002,-0.08634070104934133,1.0096769376093593,-966.7999999999993,9566.629183067424,51.11210049735988,8812.8,12480.6,4068.458598758996,0.08545086098055243,1.0694153399515012,805.4000000000015,398.6478230157275,2,23,1
2020-09-24,10230.7,10788.3,10192.4,10740.2,4593.25293705,509.5,595.8999999999996,10756.739047843388,49.1850408683816,9850.0,11178.2,3692.3473512380106,0.026434496731526425,0.9984624477948358,276.60000000000036,10141.018195518256,51.35498592366636,9850.0,12480.6,3993.9199604422006,-0.08562915034905494,1.0590849747953857,-1005.7999999999993,9574.973931771923,52.29643521300667,8812.8,12480.6,4058.7573233048956,0.12716587080862674,1.1216949598537909,1211.7000000000007,412.73726422888984,3,24,0
2020-09-25,10738.9,10761.6,10565.0,10695.1,3847.35826784,-43.79999999999927,196.60000000000036,10754.639395553746,48.656447635427135,9850.0,11178.2,3548.439077418011,0.052439432406368613,0.994463840825908,532.8999999999996,10148.652543670802,51.12911686483752,9850.0,12480.6,3982.5262851108005,-0.09144119271120921,1.053844335883781,-1076.3999999999996,9582.937041274603,52.18340289426248,8812.8,12480.6,4043.2922155207953,0.13138547143265167,1.1160565861943168,1242.0,397.2988882125406,4,25,1
2020-09-26,10695.1,10695.1,10695.1,10695.1,0.0,0.0,0.0,10752.611265131649,48.656447635427135,9850.0,11178.2,3423.5811842155113,0.04310891340180034,0.994651414087837,442.0,10156.181619458526,51.12911686483752,9850.0,12480.6,3877.226820434601,-0.07828672383332613,1.0530630901193165,-908.3999999999996,9590.841946341394,52.18340289426248,8812.8,12480.6,4006.7632463379955,0.14002025262484685,1.1151367168635122,1313.6000000000004,368.92039619735914,5,26,1
2020-09-27,10695.1,10695.1,10695.1,10695.1,0.0,0.0,0.0,10750.652220279555,48.656447635427135,9850.0,11178.2,3220.063668329511,0.03061460481430811,0.9948326651126558,317.7000000000007,10163.606876797623,51.12911686483752,9850.0,12480.6,3832.8670542468008,-0.09117097212780423,1.0522937505990828,-1072.8999999999996,9598.689094971971,52.18340289426248,8812.8,12480.6,3961.7019877255952,0.14975113146493801,1.1142250670044471,1393.0,342.5689393261192,6,27,1
2020-09-28,10695.1,10695.1,10695.1,10695.1,0.0,0.0,0.0,10748.75990768917,48.656447635427135,9983.2,11178.2,2943.444076612511,0.05648355773315039,0.9950078047932969,571.8000000000011,10170.92974946177,51.12911686483752,9850.0,12480.6,3800.496000076601,-0.084911229946524,1.051536119455153,-992.3999999999996,9606.478931398047,52.18340289426248,8812.8,12480.6,3940.4246831438954,0.14317627944760347,1.113321548548228,1339.5,318.09972937425357,0,28,1
2020-09-29,10695.1,10695.1,10695.1,10695.1,0.0,0.0,0.0,10746.93205421453,48.656447635427135,10134.6,11178.2,2784.971651282511,0.04549498030245269,0.9951770371345928,465.39999999999964,10178.15165136289,51.12911686483752,9850.0,12480.6,3661.9268732684013,-0.10115390756973452,1.0507900025804675,-1203.6000000000004,9614.211896119565,52.18340289426248,8812.8,12480.6,3920.282684993695,0.1519058235591888,1.1124260746028176,1410.3999999999996,295.3783201332355,1,29,1
2020-09-30,10841.4,10842.4,10670.0,10774.9,2473.82922088,-66.5,172.39999999999964,10747.884745135112,49.88796053017437,10134.6,11178.2,2722.958568755511,0.041043081709355445,1.0025135415484536,424.7999999999993,10186.373432070659,51.54627171584611,9850.0,12480.6,3566.096125939401,-0.054144684287683265,1.0577758681098839,-616.8000000000011,9622.455170155235,52.37492398611421,8812.8,12480.6,3892.642842768795,0.11150195997524248,1.119766193706899,1080.8999999999996,286.5941544094329,2,30,1
2020-10-01,10774.9,10930.0,10451.0,10616.1,5064.96171829,-158.79999999999927,479.0,10743.395672857214,47.50134240413929,10134.6,11178.2,2842.082217047011,0.020955549999038148,0.9881512627167943,217.89999999999964,10192.293986496925,50.668052661772954,9850.0,12480.6,3586.4089393824015,-0.08296909282518183,1.0415810232774434,-960.5,9629.510720518323,51.956620723738745,8812.8,12480.6,3907.0105874053947,0.1032809203620757,1.102454767237496,993.8000000000011,300.33742909447346,3,1,1
2020-10-02,10611.0,10655.5,10384.3,10574.8,3866.32730974,-36.20000000000073,271.2000000000007,10737.652685229648,46.88727209512709,10134.6,11178.2,2931.980282868011,0.012184733189758212,0.9848334929426742,127.29999999999927,10197.563906368554,50.43999006397636,9850.0,12480.6,3577.806408159002,-0.1034202092483002,1.0369927658306564,-1219.800000000001,9636.221617411527,51.84783726816266,8812.8,12480.6,3886.3000348275946,0.13928032751562158,1.097401078955321,1292.7999999999993,298.256184159154,4,2,1
2020-10-03,10574.8,10603.7,10504.1,10553.0,1221.43053437,-21.799999999999272,99.60000000000036,10731.362736809391,46.552891004988595,10134.6,11178.2,2871.662211252511,0.021765651323560675,0.9833793022206216,224.79999999999927,10202.460825189572,50.31800024332157,9850.0,12480.6,3531.2435511524022,-0.10359648675738586,1.0343582965734068,-1219.6000000000004,9642.728858660706,51.79002243188126,8812.8,12480.6,3836.070335314295,0.1429035576975144,1.0943997445828548,1319.5,284.06645671921444,5,3,1
2020-10-04,10553.0,10690.0,10531.2,10676.4,1234.25174381,123.39999999999964,158.79999999999927,10729.490504196183,48.73146690687562,10134.6,11178.2,2725.7881842735105,0.00014051653879665338,0.9950519081800371,1.5,10208.990321461033,51.0024717327549,9850.0,12480.6,3492.403097987802,-0.09966858655962485,1.0457841239751586,-1181.8999999999996,9650.064401144606,52.09545045909962,8812.8,12480.6,3795.435609888395,0.1667814170027213,1.1063553108240043,1526.1000000000004,275.11885266784196,6,4,1
2020-10-05,10676.4,10799.0,10632.0,10799.0,2274.02057894,122.60000000000036,167.0,10731.858252828559,50.82761265202482,10134.6,11178.2,2625.442995451511,0.0012795312094351363,1.0062563020857775,13.799999999999272,10217.118850437524,51.677397249366585,9850.0,12480.6,3498.7782621070014,-0.09380034908700319,1.0569515886112608,-1117.7999999999993,9658.216387031121,52.39809746674877,8915.1,12480.6,3775.6775208778945,0.19962230615418797,1.1181153504181893,1797.0,267.39607747728184,0,5,1
2020-10-06,10799.0,10803.6,10527.0,10605.4,3347.5426593,-193.60000000000036,276.60000000000036,10727.550620445492,47.59312091187989,10134.6,11178.2,2585.0683179245107,-0.03156760508076817,0.9886133727290284,-345.7000000000007,10222.468125619416,50.5552831236817,9850.0,12393.7,3427.3164665092017,-0.1378915109293838,1.0374598257167351,-1696.300000000001,9664.93563052746,51.87533997237441,8915.1,12480.6,3783.5274551108946,0.16367666260684444,1.0973068425310573,1491.699999999999,268.05350051461886,1,6,1
2020-10-07,10605.0,10676.6,10552.6,10669.9,2177.50587476,64.89999999999964,124.0,10725.58682864959,48.73715714194871,10134.6,11178.2,2524.546339322511,-0.025116950515313152,0.9948080389875879,-274.89999999999964,10228.632250389619,50.9176015820213,9850.0,12068.6,3349.758093434402,-0.10764405787404874,1.0431404452529391,-1287.1000000000004,9672.063437286344,52.0363733603133,8915.1,12480.6,3763.631763535994,0.16185550171503227,1.1031668753191732,1486.3999999999996,257.7639647635747,2,7,1
2020-10-08,10670.0,10969.6,10540.0,10934.1,4228.06693828,264.10000000000036,429.60000000000036,10732.689552816346,53.14714166092013,10134.6,11178.2,2618.222657484511,-5.487118988178885e-05,1.0187660740760738,-0.6000000000003638,10238.351161087705,52.37621921295236,9850.0,12068.6,3315.4045411318016,-0.07002398489461947,1.0679551646515688,-823.2999999999993,9681.012896907809,52.69135134474941,8915.1,12480.6,3779.0539138594945,0.19708996157172742,1.1294376029074848,1800.2000000000007,270.0379672804622,3,8,1
2020-10-09,10931.9,11110.6,10842.0,11060.2,3237.00773051,128.3000000000011,268.60000000000036,10743.845761088873,55.08826391748788,10134.6,11110.6,2688.6945859390107,-0.0018500636241393087,1.0294451582744115,-20.5,10249.673296747922,53.05566540276288,9850.0,12068.6,3314.6818179720017,-0.06779832442728784,1.0790782964281649,-804.3999999999996,9690.79130720574,53.00077425815521,8915.1,12480.6,3776.1563770385947,0.19770426119443396,1.1413103068039465,1825.7000000000007,269.9352553318578,4,9,1
2020-10-10,11060.1,11499.0,11060.1,11301.5,3960.95890077,241.39999999999964,438.89999999999964,10762.841511864019,58.54754377179292,10134.6,11499.0,2771.8013548905105,0.03507807849063527,1.050047981059854,383.0,10264.163572071999,54.32798874171972,9850.0,12068.6,3313.9788680318015,-0.019196889617884794,1.1010639026399105,-221.20000000000073,9702.209117685048,53.58752506642452,8915.1,12480.6,3770.2913795525947,0.24383667180277357,1.1648378078555106,2215.5,282.0041656652965,5,10,1
2020-10-11,11299.4,11443.9,11262.0,11376.6,2180.88632597,77.20000000000073,181.89999999999964,10783.748379343755,59.56780683407891,10134.6,11499.0,2559.578267328011,0.09232837253960646,1.0549763959433485,961.6000000000004,10279.488686940791,54.71775015568695,9850.0,12068.6,3302.045883284801,-0.025366881698321797,1.1067281988892108,-296.10000000000036,9714.076201189007,53.76896964079315,8915.1,12480.6,3775.5786089271946,0.2559726208876132,1.17114584695223,2318.6000000000004,274.85386811777533,6,11,1
2020-10-12,11376.6,11725.9,11202.9,11535.8,4883.07187989,159.1999999999989,523.0,10809.366018642057,61.67278997550033,10134.6,11725.9,2644.8597799110107,0.0952575361974839,1.067204124654963,1003.2999999999993,10296.795693268303,55.53849825054919,9850.0,12068.6,3375.5585622564013,-0.010023514065530481,1.1203291143808667,-116.80000000000109,9726.985170187463,54.152756779878054,8915.1,12480.6,3809.1652961147947,0.26232970399956224,1.1859584237217127,2397.2999999999993,292.57859182364854,0,12,1
2020-10-13,11534.6,11560.0,11315.0,11428.6,3464.47542678,-106.0,245.0,10830.459401508962,59.47793747831243,10192.4,11725.9,2602.7474023590107,0.11708876225478204,1.0552276294399572,1197.8999999999996,10312.38734848102,54.85533203504173,9850.0,12068.6,3401.684161316601,-0.028576771385828814,1.1082399849617166,-336.1999999999989,9739.040878154598,53.84870424449156,9021.7,12480.6,3824.473428684895,0.25812985754860307,1.173483112247245,2344.800000000001,289.18012097910224,1,13,1
2020-10-14,11428.9,11555.0,11300.0,11433.1,2817.85908619,4.200000000000728,255.0,10850.987552827435,59.54156060283829,10384.3,11725.9,2513.977709816011,0.06451462728813251,1.0536460339981575,692.8999999999996,10327.826072562008,54.87910599886193,9850.0,12068.6,3352.882082288401,0.009099735216240079,1.107019029917088,103.10000000000036,9751.040926655849,53.859689018080694,9021.7,12480.6,3805.547534813495,0.22302689287777322,1.1725004628732514,2084.8999999999996,286.73868376630924,2,14,1
2020-10-15,11433.2,11628.0,11255.3,11501.0,3310.60603618,67.79999999999927,372.7000000000007,10873.129363225778,60.52595412662241,10384.3,11725.9,2487.140098233011,0.07535226412095253,1.0577451638621862,805.8999999999996,10343.987355592022,55.24201425851328,9850.0,12068.6,3364.2436467586003,0.0027464144034177185,1.1118536406352517,31.5,9763.434765845359,54.026466404057665,9021.7,12480.6,3802.757856042795,0.24243799153055057,1.1779665943211939,2244.2000000000007,292.8787777830015,3,15,1
2020-10-16,11501.0,11549.0,11207.0,11326.9,3689.18449699,-174.10000000000036,342.0,10888.586457077374,56.796167044076576,10384.3,11725.9,2671.5993230825106,0.059073781451318697,1.0402544025939868,631.7999999999993,10357.52754403777,54.10347698272574,9850.0,12068.6,3343.8811329866003,-8.827761544505375e-05,1.093591105777,-1.0,9774.50585279581,53.52538275772783,9021.7,12480.6,3796.572659410295,0.199870764080889,1.158820729209565,1886.7999999999993,296.38743651278713,4,16,1
2020-10-17,11327.0,11411.8,11254.6,11363.9,1155.95428631,36.899999999999636,157.1999999999989,10904.777381399626,57.38365363345289,10384.3,11725.9,2729.397037398011,0.06253330964647352,1.042102887802506,668.7999999999993,10371.39079011198,54.30769670278852,9850.0,12068.6,3313.2401385890007,-0.014628097740318813,1.0956968288991937,-168.70000000000073,9785.758591860706,53.61772989236795,9021.7,12480.6,3770.3650196567946,0.2298326876041643,1.1612691947512288,2123.699999999999,286.4454767618737,5,17,1
2020-10-18,11364.0,11515.1,11355.7,11508.9,1062.87912435,144.89999999999964,159.39999999999964,10925.356015738813,59.64721298895668,10384.3,11725.9,2782.540993615511,0.07609092014099916,1.0534118964563304,813.7999999999993,10387.060377654136,55.106503089444125,9850.0,12068.6,3304.7070212468007,0.002438833192519807,1.1080035719017574,28.0,9797.956144395526,53.979712756163565,9021.7,12480.6,3754.304081058494,0.23938186517337923,1.1746225264116068,2222.8999999999996,277.37079985031124,6,18,1
2020-10-19,11508.8,11838.3,11416.6,11757.0,4364.70701426,248.20000000000073,421.6999999999989,10953.684863096532,63.1704898595588,10384.3,11838.3,3000.7763443285107,0.09928845920094242,1.0733374336530233,1061.8999999999996,10405.931623489178,56.43621265611065,9850.0,12068.6,3364.8539629312004,0.00374794034030268,1.1298363688514994,43.899999999999636,9811.821199694925,54.59219024696993,9021.7,12480.6,3786.500344430394,0.27314664414268064,1.1982484964529883,2522.3999999999996,287.6800284324318,0,19,1
2020-10-20,11757.0,12070.0,11678.8,11925.4,5301.91244632,168.39999999999964,391.2000000000007,10986.785048154074,65.33310809908795,10384.3,12070.0,3142.180505600511,0.1067759329552942,1.0854312656279397,1150.5,10426.862497397377,57.31194022327097,9850.0,12070.0,3421.6252570194006,0.02303356810129631,1.1437189281988391,268.5,9826.7774280468,55.00277860628466,9021.7,12480.6,3822.7197993449936,0.2823010752688171,1.2135616266186593,2625.3999999999996,295.07431211582957,1,20,1
2020-10-21,11926.7,13241.4,11905.7,12813.0,11497.59347437,886.2999999999993,1335.699999999999,11048.992634049766,73.85186520242678,10384.3,13241.4,3463.812093404511,0.20694040184248452,1.1596532303328793,2196.8999999999996,10459.731593392382,61.47692543548146,9850.0,13241.4,3570.9125243060007,0.074303249823926,1.2249836322850027,886.2000000000007,9847.90514327586,57.06950046101745,9021.7,13241.4,3909.188790254994,0.3872588293887096,1.3010888928747149,3576.7999999999993,369.40471839327023,2,21,0
2020-10-22,13124.6,13199.0,12943.6,12984.1,973.1290836,-140.5,255.39999999999964,11114.909495332993,75.09374311469975,10504.1,13241.4,3319.1521820975113,0.2278340961531189,1.1681696558529655,2409.300000000001,10494.504554432138,62.20232743197342,9850.0,13241.4,3466.830158418001,0.13926594073827103,1.2372284877913968,1587.2000000000007,9870.09020467644,57.45003411638731,9021.7,13241.4,3888.065345243094,0.40335271611076284,1.3154996287519383,3731.8999999999996,370.5900956508938,3,22,1
2020-10-23,12985.4,13032.8,12735.0,12939.0,3897.16955007,-46.399999999999636,297.7999999999993,11177.044714727224,74.1170475274824,10527.0,13241.4,3452.9391328825113,0.22609684449919465,1.15764053291754,2386.0,10528.177015619245,61.88887556988698,9850.0,13241.4,3333.4305064574005,0.27100912564709567,1.2289876947171519,2758.8999999999996,9891.795688500104,57.31476924716907,9021.7,13241.4,3893.965773273894,0.4071778140293638,1.3080537050560477,3744.0,365.39080310440136,4,23,1
2020-10-24,12939.0,13172.3,12890.7,13130.9,1813.58698169,191.89999999999964,281.59999999999854,11243.600198940117,75.5418476578949,10527.0,13241.4,3481.9058947765106,0.22989959162264428,1.1678554704602346,2454.5,10564.02876172654,62.704872771359796,9850.0,13241.4,3223.8644743044006,0.2549122672885049,1.2429822273461835,2667.2999999999993,9914.70112346964,57.742394017207104,9078.5,13241.4,3873.017554137194,0.4380729172370741,1.3243868712206681,4000.0,359.40574573980115,5,24,1
2020-10-25,13130.9,13351.0,12833.0,13039.2,3508.36779755,-91.69999999999891,518.0,11304.764920342755,73.50650898558716,10527.0,13351.0,3543.6232557070107,0.207445133808686,1.153425134611703,2240.2000000000007,10598.123267237803,62.056990785807145,9850.0,13351.0,3159.5213553706003,0.2831079884277026,1.2303310379780492,2877.0,9936.792498628185,57.464522400424826,9111.1,13351.0,3886.3844338035938,0.4247066279145997,1.312214177945259,3887.0,370.7339067583868,6,25,1
2020-10-26,13039.8,13243.6,12801.0,13080.0,4628.57769014,40.20000000000073,442.60000000000036,11365.235944556136,73.83665763723573,10540.0,13351.0,3607.6750072490104,0.23333396194391542,1.150877998821065,2474.6000000000004,10632.309888406795,62.23414792274282,9850.0,13351.0,3202.1497518924,0.27571173596278187,1.230212450284402,2826.8999999999996,9959.012531797609,57.556317203625724,9111.1,13351.0,3922.137555992494,0.425752934892796,1.3133832253185298,3905.8999999999996,375.8671991327878,0,26,1
2020-10-27,13080.0,13794.8,13064.0,13649.6,7598.84407927,569.6000000000004,730.7999999999993,11443.04977082759,77.88631020063613,10540.0,13794.8,3878.7419174745105,0.27926222363845965,1.1928288588587364,2979.7000000000007,10673.871263746272,64.58943312140393,9850.0,13794.8,3272.7196271234,0.31531982962977256,1.2787862681425408,3272.2000000000007,9985.097897269554,58.809847414677805,9131.5,13794.8,3984.572530516694,0.48144610742698357,1.3669971131412255,4435.9,401.2195420518743,1,27,0
2020-10-28,13649.1,13851.6,12900.0,13289.5,8264.04057366,-359.60000000000036,951.6000000000004,11505.946644458434,70.61289935192046,10842.0,13851.6,4080.5405992435108,0.2154178213113105,1.1550114397932283,2355.3999999999996,10709.899736580532,62.0913748963922,9983.2,13851.6,3327.3526019098,0.3127636245097942,1.240861289728851,3166.2000000000007,10008.449924143564,57.72123002263313,9157.3,13851.6,4046.865745149794,0.4503437738731857,1.327827995416303,4126.5,440.5324319053119,2,28,1
2020-10-29,13288.0,13644.0,12975.0,13463.1,5549.85025094,175.10000000000036,669.0,11572.614472981675,71.94252261735119,11060.1,13851.6,4196.182725265011,0.2172564691416068,1.1633585506051376,2402.8999999999996,10747.822895952093,62.799148702588,10134.6,13851.6,3374.9606367966003,0.31607965042963126,1.25263508064229,3233.3999999999996,10032.859853210506,58.09892549677556,9281.8,13851.6,4062.143764640594,0.4331899763673914,1.3419005345411876,4069.300000000001,456.85154391207533,3,29,1
2020-10-30,13462.1,13684.9,13131.0,13567.0,6467.91601097,104.89999999999964,553.8999999999996,11640.55056594161,72.7201230503654,11202.9,13851.6,4321.530580775011,0.20046011591381685,1.165494700885959,2265.5,10786.654565687886,63.218545493200665,10134.6,13851.6,3430.0371395876004,0.31080859122134075,1.2577579005038626,3216.8999999999996,10057.82749194472,58.32400505071723,9460.0,13851.6,4095.4242345423945,0.4236245920733692,1.3488996516261356,4037.1000000000004,463.7835764897842,4,30,1
2020-10-31,13567.0,14080.0,13425.5,13809.1,5282.11155202,242.10000000000036,654.5,11714.419320962754,74.45649963100936,11202.9,14080.0,4476.591842077511,0.21381607861751317,1.1788121648752021,2432.5,10828.28579288241,64.178755140416,10134.6,14080.0,3482.0295955788006,0.32802792791059976,1.2752803411484506,3410.8999999999996,10084.324940330973,58.84434178260811,9480.0,14080.0,4102.592375874195,0.436652101539742,1.3693628558885746,4197.1,477.40617816908536,5,31,1
2020-11-01,13799.0,13900.6,13634.6,13762.5,2302.11145634,-36.5,266.0,11784.184467903886,73.5085033898836,11207.0,14080.0,4347.543820900011,0.19302519114409056,1.1678788665846478,2226.7000000000007,10868.701449472237,63.85135989465527,10134.6,14080.0,3486.7045048392006,0.3173007896625988,1.266250624693374,3315.0,10110.30200373886,58.70184462897102,9540.9,14080.0,4092.157954839495,0.4405564394573773,1.3612353018644283,4208.9,462.30573687129356,6,1,1
2020-11-02,13762.6,13840.0,13218.3,13565.8,5151.11685948,-196.8000000000011,621.7000000000007,11844.872833669911,69.57266311265656,11207.0,14080.0,4431.87589253501,0.18700453248866866,1.1452887836362606,2137.199999999999,10905.850845559868,62.478568594314254,10134.6,14080.0,3541.1710026952005,0.3134718537596095,1.2439011125411719,3237.5999999999985,10134.702631621509,58.10194936633407,9666.7,14080.0,4119.548382826595,0.39706700170954234,1.3385493874949077,3855.5999999999985,473.6910413804869,0,2,1
2020-11-03,13568.3,14062.8,13305.0,14021.8,5039.10250174,453.5,757.7999999999993,11919.026964970439,73.08882901491991,11207.0,14080.0,4542.93806331251,0.22642153046855173,1.1764215351814817,2588.699999999999,10948.769140882383,64.2945177207706,10134.6,14080.0,3558.918407062201,0.31352986913226344,1.2806736373354526,3346.8999999999996,10162.146728786951,59.081151553863656,9850.0,14080.0,4117.691399465794,0.41070063181616945,1.37980688276027,4082.199999999999,493.9845384247378,1,3,0
2020-11-04,14028.8,14266.4,13540.7,14163.3,7484.67922848,134.5,725.6999999999989,11995.475143789143,74.06767608379262,11207.0,14266.4,4751.64172292751,0.23148421876358571,1.1807202157667998,2662.2999999999993,10993.044990018687,64.83343211819596,10134.6,14266.4,3622.9935045242005,0.313216259318325,1.2883873406194368,3378.0999999999985,10190.391779649617,59.37872114771994,9850.0,14266.4,4029.3668499444943,0.28219914721032757,1.3898680547576538,3117.199999999999,510.5356428229708,2,4,1
2020-11-05,14165.7,15782.3,14120.1,15610.4,13893.35310348,1444.699999999999,1662.199999999999,12118.612755598026,81.36459575703599,11254.6,15782.3,5261.85015325201,0.3781705497532424,1.2881342373770457,4283.5,11056.642454793142,69.61870960449133,10134.6,15782.3,3817.7598423970007,0.4254641086283568,1.4118571766994932,4659.299999999999,10228.647046068634,62.217081669616896,9850.0,15782.3,4083.403522828894,0.4276934333272362,1.5261451421378192,4676.4,592.7973826213299,3,5,0
2020-11-06,15610.3,15967.0,15177.0,15599.2,9645.32707811,-11.099999999998545,790.0,12237.174335147065,81.17850061883522,11355.7,15967.0,5686.31879284201,0.37269775341212097,1.2747387242164783,4235.300000000001,11119.209298806152,69.5439735706561,10134.6,15967.0,3942.9074750232003,0.4252613113076531,1.4029055107070298,4654.4000000000015,10266.547539692023,62.183113611923325,9850.0,15967.0,4117.272685826794,0.4042959255324894,1.519420227656,4491.0,606.8832838626636,4,6,0
2020-11-07,15602.8,15769.9,14365.0,14837.3,7646.39947038,-765.5,1404.8999999999996,12325.744160914783,69.75427591694039,11416.6,15967.0,6015.494810143509,0.28920226954791506,1.20376504706705,3328.3999999999996,11170.420044950746,64.72112102983507,10134.6,15967.0,4048.7446529300005,0.3569005093875459,1.3282669711876016,3902.5999999999985,10298.798942108984,59.934660257863136,9850.0,15967.0,4143.134163719695,0.33491380861553965,1.4406825575877902,3722.5,663.8844778724733,5,7,1
2020-11-08,14837.4,15650.0,14726.6,15480.1,4503.79086731,642.7000000000007,923.3999999999996,12433.193101100382,73.11443038389112,11678.8,15967.0,6022.44900279601,0.31667091945224124,1.245062300096502,3723.1000000000004,11229.77862355206,66.70871149716015,10134.6,15967.0,4102.2690870478,0.39703267844089263,1.3784866575672114,4399.4,10335.352969056768,61.1323448402401,9850.0,15967.0,4134.253743641794,0.36314083936528063,1.4977814542324968,4123.9,682.4213008815823,6,8,1
2020-11-09,15480.0,15843.3,14824.7,15322.9,7504.18058973,-157.10000000000036,1018.5999999999985,12531.62712678773,71.08158008454987,11905.7,15967.0,6132.56240996651,0.2848961041139082,1.2227382641513183,3397.5,11286.15413334369,65.78383884053758,10134.6,15967.0,4206.3762284076,0.4033887438750743,1.3576724027479112,4404.4,10370.53487447223,60.6842283333017,9850.0,15967.0,4139.939669347395,0.29746229858000484,1.4775419190497443,3513.0,706.4340651043264,0,9,1
2020-11-10,15339.1,15474.9,15100.0,15316.7,3736.89301767,-22.399999999999636,374.89999999999964,12626.496933414584,70.99962537850594,12735.0,15967.0,5744.527387131509,0.19540310622024504,1.213060129089811,2503.7000000000007,11341.667446582329,65.74715376509275,10134.6,15967.0,4152.6071272166,0.47063850216034564,1.3504804361562812,4901.700000000001,10405.41976529293,60.66651203976937,9850.0,15967.0,4086.2762719509947,0.3839849644441633,1.4719925140443202,4249.6,682.7530604540173,1,10,1
2020-11-11,15319.0,15990.0,15300.0,15708.7,6372.85620441,389.7000000000007,690.0,12731.488085239382,73.06635086057096,12735.0,15990.0,6014.5137431720095,0.20984126739627706,1.2338463418280488,2724.6000000000004,11401.814889327774,66.93670892604793,10134.6,15990.0,4216.5154187402,0.4914502729646333,1.3777368035244564,5176.200000000001,10442.817921098536,61.386451422666184,9850.0,15990.0,4102.661255474695,0.39790697053562707,1.504258727738836,4471.4000000000015,683.2706989930161,2,11,1
2020-11-12,15708.6,16345.0,15425.3,16307.8,9541.89852023,599.1999999999989,919.7000000000007,12853.310398389376,75.83664605647738,12801.0,16345.0,6296.750191680009,0.26036015148002156,1.2687626373703307,3368.7999999999993,11469.384972939159,68.63540165481447,10192.4,16345.0,4321.2189295884,0.5940062752304338,1.421854793302046,6077.0999999999985,10484.171166397851,62.44753591876203,9850.0,16345.0,4163.945122710596,0.4563786559499887,1.555468690960244,5110.299999999999,700.1585062078008,3,12,0
2020-11-13,16308.6,16489.4,15980.6,16343.4,6047.9709983,34.79999999999927,508.8000000000011,12972.195663000606,75.99111102029971,12801.0,16489.4,6508.469392510509,0.2446519278952699,1.2598792389953513,3212.5,11536.514350646079,68.73280687807042,10384.3,16489.4,4350.3132908134,0.5217035064523936,1.4166670714612097,5603.199999999999,10525.47792419777,62.50937292310551,9850.0,16489.4,4172.116625627796,0.3914013281116975,1.552746594283096,4597.4,686.4900414786723,4,13,1
2020-11-14,16343.3,16343.4,15735.0,16080.1,3713.34899327,-263.1999999999989,608.3999999999996,13078.062294412528,72.38848236486024,12801.0,16489.4,6518.718452296509,0.2332121602552304,1.2295475918378262,3040.8999999999996,11599.0924023317,67.15875182741479,10384.3,16489.4,4347.633105322,0.5035016035380688,1.386323984863463,5385.0,10564.631672382015,61.749727864076945,9850.0,16489.4,4165.0796952163955,0.3660196236673321,1.5220691547663212,4308.6,680.9121813730528,5,14,1
2020-11-15,16086.5,16170.5,15801.0,15962.3,2083.20526402,-124.20000000000073,369.5,13176.310019225986,70.80757204681997,12900.0,16489.4,6391.449830990508,0.22035932721712537,1.2114393162204657,2882.2999999999993,11659.185804186433,66.46387179828517,10384.3,16489.4,4389.2972106024,0.4924872137707921,1.3690750167364567,5267.199999999999,10602.673698303512,61.41245510022055,9850.0,16489.4,4133.262015518496,0.3756452794415477,1.50549761826152,4358.799999999999,658.6684541321205,6,15,1
2020-11-16,15966.8,16892.9,15884.3,16721.1,6629.53381631,754.2999999999993,1008.6000000000022,13297.058579526945,74.57282607965635,12900.0,16892.9,6342.984317842509,0.22502490915484685,1.2575036727103648,3071.499999999998,11728.901942035596,68.5993806896465,10384.3,16892.9,4521.8878869286,0.5634355920000746,1.425632176194832,6025.999999999998,10645.789475897416,62.73671785803438,9850.0,16892.9,4177.377470587696,0.42089564921821876,1.570677312176554,4953.0999999999985,683.6635645512549,0,16,0
2020-11-17,16723.8,17876.1,16569.5,17684.8,10140.27825534,961.0,1306.5999999999985,13446.52116047362,78.31243208788283,12975.0,17876.1,6436.796201926509,0.3307347906241769,1.3151951935333954,4395.299999999999,11810.930194019036,70.99312555124362,10384.3,17876.1,4724.6934520354,0.6535422763695522,1.4973249108656528,6989.699999999999,10695.385582099218,64.3080799483881,9850.0,17876.1,4262.594726055995,0.5131379679144383,1.6534981244246967,5997.299999999999,728.1590242261652,1,17,0
2020-11-18,17680.0,18495.0,17200.0,17800.0,13809.84372874,120.0,1295.0,13594.816632114565,78.70649175868917,13131.0,18495.0,6849.795875816509,0.32213234693347004,1.3093225515047902,4336.9,11893.41486926258,71.26036796956146,10384.3,18495.0,5000.8903266102,0.6643135641555478,1.4966265110285892,7104.9,10745.43699976025,64.4888950823968,9850.0,18495.0,4331.4085999392955,0.495961743719902,1.6565170872433714,5901.299999999999,768.6476653528678,2,18,0
2020-11-19,17800.0,18200.0,17369.0,17828.2,6833.90109047,28.200000000000728,831.0,13739.021211086501,78.80572171371011,13218.3,18495.0,6868.095129791509,0.31408564900125313,1.297632467851043,4261.200000000001,11975.151478618809,71.32635489857289,10384.3,18495.0,5088.091764002,0.6546046831061079,1.4887661364310585,7053.300000000001,10795.32762041818,64.53332206440197,9850.0,18495.0,4327.093944970696,0.5650166349184054,1.6514737326063094,6436.5,773.1014035419487,3,19,0
2020-11-20,17827.4,18824.0,17780.0,18680.2,6868.2597017,852.7999999999993,1044.0,13907.335900518952,81.54137910304121,13218.3,18824.0,6947.402537275509,0.35274565322866813,1.3431903948838217,4871.1,12067.496034916461,73.2218460383085,10384.3,18824.0,5124.1577236702005,0.7596104030670396,1.5479764771374394,8064.1,10850.860681386133,65.8376467027067,9850.0,18824.0,4355.283331526296,0.6136171241988149,1.7215408573113957,7103.6,792.4513032889523,4,20,0
2020-11-21,18673.6,18977.5,18333.0,18708.7,4874.53549384,35.10000000000218,644.5,14070.887988331879,81.62489220763409,13218.3,18977.5,7076.023739150509,0.3593969118982743,1.3296033637332607,4946.200000000001,12158.960832815343,73.28213250543348,10504.1,18977.5,5144.3218873522,0.7691776676627455,1.5386758997946457,8133.9000000000015,10906.195851837096,65.88004454089393,9850.0,18977.5,4361.064147755596,0.5862089430756448,1.7154194050942713,6914.1,781.8833530540272,5,21,0
2020-11-22,18708.7,18764.9,17620.0,18450.2,6457.67189893,-258.5,1144.9000000000015,14220.063432599456,78.24499100568487,13305.0,18977.5,7141.351491123009,0.36005248492532704,1.2974766313420916,4884.4000000000015,12245.605367414324,71.78634246126882,10527.0,18977.5,5249.046714643399,0.748336965791718,1.5066792899513293,7897.200000000001,10959.31383847042,65.13938254067546,9850.0,18977.5,4390.1451328978965,0.5672153984676283,1.683517807039558,6677.6,807.8131135501683,6,22,0
2020-11-23,18433.7,18780.0,18005.0,18387.8,6160.78140739,-45.900000000001455,775.0,14362.031840496322,77.43030029322408,13540.7,18977.5,7197.435436405508,0.3113722917171833,1.2803063107096242,4366.0,12330.19680372057,71.42722684164681,10527.0,18977.5,5347.577307914999,0.7222846652429658,1.4912819554065495,7711.4,11011.611466929693,64.96130474697122,9850.0,18977.5,4419.990202951396,0.5506269870048828,1.6698555025504336,6529.5,805.4693197251563,0,23,0
2020-11-24,18380.2,19448.0,18069.7,19173.8,9038.2961205,793.5999999999985,1378.2999999999993,14525.938328747425,80.1681732454984,14120.1,19448.0,7275.116281006507,0.35376642449146734,1.3199698061538832,5010.5,12424.447707244599,73.15343466513356,10527.0,19448.0,5482.8628187462,0.7755162515047689,1.543231574697675,8374.8,11069.066846361515,66.13909367890207,9850.0,19448.0,4490.820540426596,0.6089722073039743,1.7321966039352785,7257.0,846.3857968876451,1,24,0
2020-11-25,19169.6,19509.3,18425.1,18723.4,6923.70078677,-446.1999999999971,1084.2000000000007,14668.919282784254,74.70213395377225,14365.0,19509.3,6926.633665171006,0.19941833649361973,1.2763994155979963,3113.000000000002,12511.197196575655,70.65741394822254,10540.0,19509.3,5554.3859812956,0.7654591057385862,1.4965314434596748,8118.000000000002,11122.940228314337,64.87683079910278,9850.0,19509.3,4490.851223902396,0.5220172821642537,1.6833139094228056,6421.700000000001,863.3725256813848,2,25,0
2020-11-26,18725.9,18900.0,16210.0,17164.6,18298.68923292,-1561.300000000003,2690.0,14753.931330025991,59.8386406805065,14365.0,19509.3,7359.301772911506,0.10035130006667003,1.1633916151600905,1565.3999999999978,12575.283790438001,63.058944827447995,10540.0,19509.3,5876.8096484588,0.6086936147480295,1.3649473273161137,6494.699999999999,11165.457594146239,60.81905489211374,9850.0,19509.3,4613.283870946596,0.43552730618047986,1.5372948090366627,5207.5999999999985,993.8459167041431,3,26,0
2020-11-27,17165.0,17460.0,16450.8,17144.2,5962.04838793,-20.799999999999272,1009.2000000000007,14835.35265594951,59.67507318343916,14726.6,19509.3,7275.084218789006,0.15547977057820495,1.1556314431881443,2306.9000000000015,12638.206541113088,62.96851628736251,10842.0,19509.3,5911.489277451799,0.5679571249577011,1.356537412506162,6210.1,11207.52672438018,60.768810945335574,9850.0,19509.3,4613.446909291796,0.45816251892425197,1.5297041373727476,5386.800000000001,994.9426369395615,4,27,1
2020-11-28,17146.0,17890.0,16871.1,17732.9,5037.34622355,586.9000000000015,1018.9000000000015,14934.053755798974,62.76670010351135,14824.7,19509.3,7301.761986601006,0.1455287756539041,1.187413698247485,2252.800000000001,12708.369929748,64.46890969475132,11060.1,19509.3,5947.496047312598,0.6033073542973906,1.3953717194280348,6672.700000000001,11253.436276259912,61.69131855602334,9850.0,19509.3,4631.088932642296,0.49460580213407956,1.5757764619335939,5868.300000000001,996.6538771581643,5,28,0
2020-11-29,17731.6,18356.1,17525.0,18194.2,5284.40097885,462.6000000000022,831.0999999999985,15045.106305332483,64.9812235063711,15100.0,19509.3,7190.773006057006,0.18738619974025816,1.2093101657614327,2871.300000000001,12783.919651171946,65.58387001232273,11202.9,19509.3,5973.9648888741995,0.6098924921470601,1.4232098211233732,6892.700000000001,11302.262074347695,62.391291305201094,9850.0,19509.3,4643.971878452996,0.5789875636786517,1.6097839423927949,6671.5,984.8286002182954,6,29,0
2020-11-30,18195.6,19850.0,16660.0,19708.1,13486.0180272,1512.5,3190.0,15203.944989069016,70.94999652283006,15300.0,19850.0,7678.2292565335065,0.28670666657961563,1.2962490994389468,4391.399999999998,12879.277607310663,68.8565616963124,11202.9,19850.0,6200.067522898799,0.7323365504632313,1.5302178119689795,8331.499999999998,11361.386630047684,64.53917752962732,9850.0,19850.0,4751.056703091796,0.6883925741259518,1.7346562212641894,8035.399999999998,1142.3408430598456,0,30,0
2020-12-01,19706.5,19947.5,18111.0,18782.9,12790.05335884,-923.5999999999985,1836.5,15325.85733557349,63.93921803026332,15425.3,19947.5,7999.089114255007,0.1957004717131272,1.2255692839057182,3074.2000000000007,12960.580352079134,65.00194020194641,11207.0,19947.5,6358.207152477799,0.6282269110074725,1.449232942488324,7247.100000000002,11413.581104429471,62.341307545287776,9850.0,19947.5,4866.882857367096,0.6119063556631139,1.645662288474087,7130.300000000001,1191.9236399841423,1,1,0
2020-12-02,18777.0,19350.0,18347.1,19231.4,6800.55853419,454.40000000000146,1002.9000000000015,15458.894456495704,65.67018411766841,15735.0,19947.5,7862.022114953007,0.17927617459130007,1.2440346270634586,2923.600000000002,13046.939638748969,65.94495522039031,11207.0,19947.5,6424.928814626,0.6827432931417672,1.4740161702659675,7802.800000000001,11468.555849160615,62.95897287007877,9850.0,19947.5,4913.3064879712965,0.6346559227526183,1.6768807034590627,7466.600000000002,1178.4219514138465,2,2,0
2020-12-03,19219.3,19600.0,18851.9,19451.3,5045.72826462,232.0,748.0999999999985,15594.890445956555,66.50010378688702,15735.0,19947.5,7811.909978269007,0.19016238971083133,1.2472867358323338,3107.8999999999996,13135.137615541957,66.39793345446267,11207.0,19947.5,6469.4861981946,0.70131460408813,1.4808600084238583,8018.199999999999,11524.683358472765,63.257432142932764,9850.0,19947.5,4911.184140241497,0.7167961165048542,1.68779474411327,8121.299999999999,1147.6846691700002,3,3,0
2020-12-04,19440.7,19536.1,18561.6,18665.8,5834.11698084,-774.9000000000015,974.5,15699.496899076661,60.95895921279871,15801.0,19947.5,7917.948377647507,0.16080123879826602,1.188942557840678,2585.699999999999,13211.303091751372,63.32761181569272,11207.0,19947.5,6519.956417087799,0.6229719154856099,1.4128659277868059,7164.799999999999,11574.887091527926,61.47031404488733,9850.0,19947.5,4942.100031923196,0.627429268930642,1.612611842551982,7196.299999999999,1135.3143356578573,4,4,0
2020-12-05,18655.0,19179.3,18511.0,19153.0,2374.3677933,498.0,668.2999999999993,15817.135892947796,62.97328550169281,15884.3,19947.5,7932.506504111507,0.19988974020034722,1.210901905985364,3190.7000000000007,13293.128783439919,64.37035140897487,11254.6,19947.5,6493.660083014,0.6909304399261935,1.4408195626495464,7826.1,11628.156473522751,62.1404198553299,9850.0,19947.5,4918.770608000296,0.6907811686190732,1.6471226581454486,7825.1,1101.9561688251533,5,5,0
2020-12-06,19153.1,19437.0,18857.8,19392.9,2717.60065321,239.8000000000029,579.2000000000007,15938.939545517047,63.937694567417054,16210.0,19947.5,7736.909845956508,0.15978613847175138,1.2166995140811867,2671.800000000003,13377.131037450397,64.87221345050868,11355.7,19947.5,6524.893010352,0.7065356083738858,1.44970546716691,8029.000000000002,11682.731100815434,62.46511128156995,9850.0,19947.5,4919.066574470497,0.6815722386972582,1.6599628830493591,7860.300000000001,1064.6164424804997,6,6,0
2020-12-07,19385.0,19440.0,18900.0,19178.6,3138.3648126,-206.40000000000146,540.0,16049.294273795012,62.409202952053846,16210.0,19947.5,7386.814173819507,0.08446801773274215,1.1949808927931778,1493.7999999999993,13457.02493226618,64.04986313499171,11416.6,19947.5,6566.402724117001,0.666414687763383,1.425173847602458,7669.699999999999,11735.409563659976,61.98544249152563,9850.0,19947.5,4935.554872681897,0.6704787952164029,1.6342505897185475,7697.699999999999,1027.1438394461784,0,7,0
2020-12-08,19182.5,19300.0,18120.0,18320.5,6386.01889423,-862.0,1180.0,16126.659878705676,56.696346786087936,16210.0,19947.5,7015.6229320940065,0.02924157303370789,1.136038097026599,520.5,13524.001141848596,60.89576713177238,11678.8,19947.5,6606.828961716401,0.5582631623713532,1.3546656649790678,6563.5,11781.681819547155,60.118242836742176,9850.0,19947.5,4985.841462323797,0.5641034397384126,1.5549987073665663,6607.4,1038.0621366285943,1,8,1
2020-12-09,18313.1,18640.0,17649.9,18548.5,7731.94332043,235.40000000000146,990.0999999999985,16209.156644106544,57.77734149494639,16210.0,19947.5,7060.525043592007,0.04040228402194268,1.1443223362730603,720.2999999999993,13593.194578163078,61.41098540763549,11905.7,19947.5,6655.4295791986015,0.5553775973971524,1.3645431096673493,6623.1,11829.22537111977,60.43808821037303,9850.0,19947.5,5038.527418108997,0.5912034932100301,1.5680232152212494,6891.6,1034.6362697265517,2,9,0
2020-12-10,18548.4,18557.2,17911.1,18245.5,4911.09036808,-302.90000000000146,646.1000000000022,16278.521974469135,55.82779462618174,16210.0,19947.5,6962.666576911007,-0.023270628794124337,1.1208327161775393,-434.7000000000007,13657.262209071128,60.33302137634187,12735.0,19947.5,6523.699517072801,0.42398345430422224,1.3359558980921793,5432.5,11874.300669086246,59.79436578448082,9850.0,19947.5,5047.306020689397,0.5297900526545261,1.536553647112932,6318.700000000001,1006.8836790317982,3,10,1
2020-12-11,18246.4,18285.0,17572.0,18031.5,6183.56417574,-214.90000000000146,713.0,16338.23484140876,54.461595431831114,16210.0,19947.5,7028.118011006007,-0.03619706339831208,1.103638194396601,-677.2000000000007,13717.50029418424,59.5793208454751,12735.0,19947.5,6627.908218915601,0.38873699370768855,1.314488763499043,5047.4,11917.550835743616,59.34344873870412,9850.0,19947.5,5047.3691886667975,0.5821407575744282,1.5130206070461367,6634.6,985.8919876723842,4,11,1
2020-12-12,18031.5,18986.9,18024.0,18806.9,4583.50043711,775.4000000000015,962.9000000000015,16422.326639469047,58.34914460816775,16210.0,19947.5,6934.4094379150065,0.019333123760176152,1.145203137952446,356.7000000000007,13787.586681712604,61.36384956838107,12801.0,19947.5,6641.634836656402,0.45350490764355844,1.3640458213724123,5867.9000000000015,11965.938207863857,60.43544096709948,9850.0,19947.5,4987.532671556897,0.8474180017878017,1.571702918174887,8626.800000000001,984.2497028386426,5,12,1
2020-12-13,18814.4,19420.0,18712.6,19164.1,4740.41168303,349.6999999999971,707.4000000000015,16515.721505495654,60.00479289084671,16210.0,19947.5,6863.390951697006,0.042218209900042325,1.16035499833435,776.2999999999993,13861.62664757794,62.14936138989883,12801.0,19947.5,6700.171330683201,0.45946584011758507,1.3825289403064804,6033.199999999999,12016.488662913465,60.923813959294954,9850.0,19947.5,4962.017902493797,0.8315015864520814,1.5948169667189245,8700.499999999998,964.4747240644541,6,13,1
2020-12-14,19163.0,19342.7,19002.0,19281.1,3153.24214073,118.09999999999854,340.7000000000007,16609.920449038764,60.54553614510581,16210.0,19947.5,6569.138252708506,0.005596178118056905,1.1608183229508375,107.29999999999927,13936.257939596566,62.40483100529798,12801.0,19947.5,6693.068817546802,0.4787026811460824,1.38352060385,6241.899999999998,12067.499896758516,61.08275156006117,9850.0,19947.5,4926.295086458697,0.8973352226880003,1.597770885846798,9118.899999999998,919.9193866312788,0,14,1
2020-12-15,19281.0,19551.5,19048.9,19439.7,5539.3514557,158.70000000000073,502.59999999999854,16706.313128984664,61.29228473964756,16210.0,19947.5,6499.920786155007,0.03825694051294093,1.1636140092617466,716.2999999999993,14012.045283523163,62.75257016410081,12900.0,19947.5,6711.284292858002,0.4862155963302752,1.3873563499583637,6359.700000000001,12119.260685882782,61.298291001966234,9850.0,19947.5,4956.717022375197,0.8959826784094567,1.6040334888286123,9186.6,890.1108590147588,1,15,1
2020-12-16,19439.5,21577.4,19302.4,21378.1,11843.67879736,1938.5999999999985,2275.0,16865.4513404624,68.87190466089507,16450.8,21577.4,6177.170264377006,0.24547615441082238,1.2675676190598688,4213.5,14113.482112417056,66.60486011079635,12900.0,21577.4,6796.180987219801,0.5662070683389988,1.5147289541814437,7728.499999999998,12184.260333131298,63.77512310988638,9850.0,21577.4,5034.450307171597,1.0600632142925974,1.75456690972606,11000.699999999999,989.0315119422761,2,16,0
2020-12-17,21361.7,23751.0,21264.4,22826.2,18993.4418147,1464.5,2486.5999999999985,17068.496322372375,73.02558833170491,16660.0,23751.0,6828.739935715505,0.3314240384503213,1.3373292860063348,5682.0,14233.463210419779,69.04535322125612,12975.0,23751.0,7010.769012040601,0.7176116482937658,1.6036996521893425,9536.7,12258.96130808317,65.4439470248332,9983.2,23751.0,5169.060806975198,1.2548180929143662,1.862001145639405,12702.900000000001,1096.0006896606849,3,17,0
2020-12-18,22811.8,23317.1,22308.2,23130.5,6050.93755165,318.7000000000007,1008.8999999999978,17274.990421909577,73.79894432361758,16660.0,23751.0,6879.419502120504,0.3043833777893068,1.3389587742210254,5397.5999999999985,14355.982097809347,69.52293178939297,13131.0,23751.0,7020.790758054802,0.7180664185811587,1.6112098665496108,9667.4,12335.265405944228,65.7785808336416,10134.6,23751.0,5197.875697425698,1.2611122515811801,1.8751521948488978,12900.8,1089.7792118277787,4,18,0
2020-12-19,23132.8,24288.2,22800.0,23871.5,6255.1278031,738.7000000000007,1488.2000000000007,17499.691754638403,75.59260987327698,16660.0,24288.2,6927.955843333005,0.3120390014400194,1.3641097417428916,5677.299999999999,14487.017482306768,70.64816967150034,13218.3,24288.2,7016.5349938974,0.7595267929534901,1.6477856832266997,10304.5,12416.225804077008,66.57474293839374,10134.6,24288.2,5223.2860667424975,1.306402836687568,1.9226051762171983,13521.4,1118.237839554366,5,19,0
2020-12-20,23871.5,24297.7,23084.9,23480.7,5876.10037185,-390.7999999999993,1212.7999999999993,17703.42685239593,72.82493221656316,17572.0,24297.7,6547.459960565504,0.19142383081068193,1.3263364316848176,3772.600000000002,14610.866403773853,69.27179127603144,13218.3,24297.7,7028.414770294001,0.700378735761201,1.6070710217386666,9671.6,12493.866851437146,65.7597297085494,10134.6,24297.7,5255.222182936397,1.2581504491161932,1.879378120417464,13082.5,1124.992279586197,6,20,0
2020-12-21,23480.8,24090.0,21885.6,22716.1,10783.18264979,-764.7000000000007,2204.4000000000015,17874.17690185678,67.71869614922466,17572.0,24297.7,6447.116425113005,0.20940323379243875,1.270889290440011,3933.199999999997,14722.48042420801,66.6783556274178,13218.3,24297.7,7198.036194163001,0.650579473206176,1.5429533166604297,8953.599999999999,12565.589905217957,64.2063497956999,10134.6,24297.7,5342.370349501097,1.1743096434553721,1.8078021144528171,12268.599999999999,1202.092831044326,0,21,1
2020-12-22,22724.6,23837.0,22354.2,23828.2,5728.00766789,1103.6000000000022,1482.7999999999993,18076.992786422037,70.84817805119378,17572.0,24297.7,6393.4888817980045,0.23902575995507336,1.318150661535795,4596.799999999999,14847.871332308718,68.4324134638305,13305.0,24297.7,7209.574010331201,0.7564905866222413,1.6048226352925243,10262.400000000001,12644.604034564782,65.40690313705477,10134.6,24297.7,5375.372506513198,1.3071009469220192,1.8844560047008345,13500.0,1222.1433431125884,1,22,0
2020-12-23,23823.0,24080.0,22629.2,23226.7,8830.55195551,-596.2999999999993,1450.7999999999993,18252.410719225943,67.14234324341666,17572.0,24297.7,6582.730066342503,0.1940949962213323,1.2725277968643591,3775.4000000000015,14963.252164229685,66.50041163579283,13540.7,24297.7,7285.402999406601,0.6564706385770729,1.5522494538670177,9204.900000000001,12718.835914004423,64.22992210784088,10134.6,24297.7,5422.160703234398,1.1758236611115795,1.8261655513949673,12551.800000000001,1238.4759614616892,2,23,1
2020-12-24,23225.5,23750.0,22723.0,23718.6,4800.52521058,493.09999999999854,1027.0,18438.609193071727,68.55808469814133,17572.0,24297.7,6531.0504778295035,0.2706982824202553,1.2863551557300872,5052.799999999999,15083.817472250601,67.27147006610632,14120.1,24297.7,7231.719919048602,0.6746520937917011,1.572453395410985,9555.3,12795.989392630843,64.75384053558903,10134.6,24297.7,5427.356711786398,1.1991803582687384,1.8535964099547817,12933.399999999998,1223.370535642997,3,24,1
2020-12-25,23718.7,24777.7,23410.8,24698.6,6178.77951455,979.8999999999978,1366.9000000000015,18651.847461019417,71.16371236598914,17572.0,24777.7,6721.271063892005,0.2895421082859082,1.3241905420692357,5545.5999999999985,15216.21718403908,68.73444581714065,14365.0,24777.7,7077.428447270001,0.5821887972121149,1.6231760956926524,9088.199999999999,12879.46663123439,65.76298589755066,10134.6,24777.7,5447.594144833498,1.2553533434997397,1.9176725797093697,13747.499999999998,1233.6226402399259,4,25,0
2020-12-26,24703.8,26800.0,24500.0,26441.2,9648.05536731,1737.4000000000015,2300.0,18917.181403996387,75.0359842303215,17572.0,26800.0,7067.793799597004,0.3634474472616267,1.3977346537689865,7048.299999999999,15370.789565010708,71.08004499327757,14365.0,26800.0,7077.483013054001,0.6950356428534796,1.7202239278709155,10842.0,12974.569820693361,67.43752676059577,10134.6,26800.0,5510.195244038598,1.415868723046561,2.0379249844436833,15496.400000000001,1309.7924516513597,5,26,0
2020-12-27,26442.2,28353.2,25634.6,26251.4,14257.99861732,-190.79999999999927,2718.600000000002,19167.01181402649,73.8982636374246,17572.0,28353.2,7623.775489833005,0.36878604277684524,1.369613597294761,7072.800000000003,15520.619340790641,70.49228277374024,14726.6,28353.2,7209.714995992801,0.7692841689525725,1.6913886890458794,11414.100000000002,13067.665309172553,67.07658749376391,10134.6,28353.2,5629.229824461397,1.4007425901030666,2.0088821820048777,15316.7,1410.4215622476913,6,27,1
2020-12-28,26238.0,27460.9,26056.4,27029.5,7871.34149982,791.5,1404.5,19434.837025614816,75.50123522722689,17572.0,28353.2,7698.041620112506,0.47536912202177883,1.3907757479198584,8709.0,15679.100131728092,71.47886636454639,14824.7,28353.2,7277.066008643001,0.7460804516766688,1.723919088015985,11549.4,13165.553747659236,67.7904606054934,10134.6,28353.2,5689.667547845397,1.4393314501791403,2.05304695252987,15948.8,1409.9985935157135,0,28,1
2020-12-29,27028.9,27400.0,25850.0,27376.2,8698.45260361,347.2999999999993,1550.0,19705.349002047107,76.18713843614765,17572.0,28353.2,7746.3670842715055,0.47592527697657494,1.3892776015870616,8827.7,15840.172273821618,71.90594229494388,15100.0,28353.2,7300.951448920601,0.7866200262352427,1.7282766580287443,12053.300000000001,13265.176315058809,68.10175138100139,10134.6,28353.2,5753.663838664096,1.5073224344003298,2.0637645026189486,16457.7,1419.9986939788769,1,29,0
2020-12-30,27376.2,28972.1,27346.0,28879.9,10428.39122144,1503.7000000000007,1626.0999999999985,20017.867889709414,78.88595762007931,17572.0,28972.1,8022.232126939505,0.5828505658929599,1.4427060943311696,10634.400000000001,16019.73222184338,73.65203264142411,15300.0,28972.1,7434.781412996,0.8855171153055161,1.8027704583364634,13563.2,13374.630787566985,69.39747152686348,10134.6,28972.1,5793.694270106297,1.7729140662506002,2.1593044666957586,18464.9,1434.7202158375285,2,30,0
