date,open,high,low,close,volume,bodysize,shadowsize,sma_20,rsi_20,Min_20,Max_20,volume_20,percentChange_20,RelativeSize_sma_20,Diff_20,sma_50,rsi_50,Min_50,Max_50,volume_50,percentChange_50,RelativeSize_sma_50,Diff_50,sma_100,rsi_100,Min_100,Max_100,volume_100,percentChange_100,RelativeSize_sma_100,Diff_100,WeekDay,Day
2020-09-13,10447.5,10573.0,10217.2,10328.2,2427.79196668,-119.29999999999927,355.7999999999993,10857.4,43.21527551028777,9850.0,12068.6,4083.1587890885094,-0.12211002311981489,0.9512590491277839,-1436.5999999999985,11264.76,49.66691848325882,9666.7,12480.6,4697.925762957998,0.06364441515107822,0.9168593028169265,618.0,10308.156999999992,51.58590069389136,8812.8,12480.6,4247.654846800696,0.0738742110899695,1.001944382492429,710.5,6,13
2020-09-14,10328.2,10745.0,10251.2,10674.9,4151.73228339,346.6999999999989,493.7999999999993,10824.645,47.7498446325591,9850.0,12068.6,4027.8472513780093,-0.057819947043248,0.9861662899799485,-655.1000000000004,11279.466,51.345090591559284,9850.0,12480.6,4676.464391869398,0.07397681999275618,0.9464011860135931,735.2999999999993,10318.185999999992,52.38287897970964,8812.8,12480.6,4262.360638303796,0.10369106699751862,1.034571386869747,1002.8999999999996,0,14
2020-09-15,10675.0,10935.0,10620.0,10785.2,4280.92435538,110.20000000000073,315.0,10790.43,49.11075211288111,9850.0,12068.6,4104.76707851351,-0.05966258337329433,0.9995153112526564,-684.2999999999993,11274.248,51.866081081767156,9850.0,12480.6,4435.740195364798,-0.023619195915300373,0.9566225614338093,-260.89999999999964,10328.460999999992,52.63345115966711,8812.8,12480.6,4256.473715096697,0.10530145423614168,1.0442213994902056,1027.5,1,15
2020-09-16,10785.2,11097.9,10670.2,10951.1,4155.03620984,165.89999999999964,427.6999999999989,10771.59,51.12616798788325,9850.0,12068.6,4077.15337972601,-0.03326300549969541,1.0166651348593847,-376.7999999999993,11274.59,52.644332442658424,9850.0,12480.6,4349.047203260798,0.0015639290287177143,0.971308047565366,17.100000000000364,10340.162999999991,53.0091318428756,8812.8,12480.6,4262.312078796796,0.11964134179881203,1.059083884847851,1170.2000000000007,2,16
2020-09-17,10951.3,11043.2,10750.3,10944.8,3387.9454468,-6.5,292.90000000000146,10742.2,51.04535792321774,9850.0,12068.6,4112.15045175651,-0.05096855869448358,1.0188601962354078,-587.8000000000011,11271.322000000002,52.6113702292119,9850.0,12480.6,4291.637896630398,-0.014709853981743293,0.9710307273627705,-163.40000000000146,10351.830999999991,52.99300962907791,8812.8,12480.6,4237.135393997996,0.11932910615667813,1.0572815572433523,1166.7999999999993,3,17
2020-09-18,10944.8,11039.1,10818.0,10934.7,2354.54057504,-10.099999999998545,221.10000000000036,10714.890000000001,50.90956447629994,9850.0,12068.6,4155.40073093551,-0.04757466749122441,1.0205144429854156,-546.1999999999989,11267.72,52.55753649654184,9850.0,12480.6,4237.523674509398,-0.016203620398027696,0.970444774985534,-180.09999999999854,10362.253999999992,52.96692261603791,8812.8,12480.6,4202.264561993796,0.10536371355788288,1.0552433862362387,1042.300000000001,4,18
2020-09-19,10934.8,11178.2,10898.9,11080.7,1827.56916142,145.90000000000146,279.3000000000011,10683.27,52.81939124336466,9850.0,12068.6,4178.911192504511,-0.05399083077921296,1.0372011565747192,-632.3999999999996,11262.21,53.26294650324678,9850.0,12480.6,4166.2384002357985,-0.024259875662633656,0.9838832698022858,-275.5,10380.40299999999,53.30257903228543,8812.8,12480.6,4098.060606420296,0.1958708368408557,1.0674633730501613,1814.9000000000015,5,19
2020-09-20,11078.0,11078.0,10766.2,10918.5,2298.82352174,-159.5,311.7999999999993,10646.350000000002,50.520901495023246,9850.0,12068.6,4170.6849814960115,-0.06334445693108803,1.025562751553349,-738.3999999999996,11244.382,52.38004517335785,9850.0,12480.6,4073.503110287198,-0.07547904724002741,0.971018238263339,-891.3999999999996,10394.987999999988,52.87909371209104,8812.8,12480.6,4073.5144255976957,0.15417547568710366,1.050361962899814,1458.5,6,20
2020-09-21,10918.6,10985.0,10300.0,10415.0,6425.34807722,-503.60000000000036,685.0,10570.760000000002,44.231543776741795,9850.0,11955.3,4290.290879855011,-0.126756548277828,0.9852650140576457,-1511.7999999999993,11231.34,49.76697669590121,9850.0,12480.6,4019.945416685398,-0.05892239159310031,0.9273158857269035,-652.1000000000004,10404.427999999989,51.59380375091486,8812.8,12480.6,4118.659763545796,0.09967268503853877,1.0010161058349398,944.0,0,21
2020-09-22,10417.9,10570.0,10362.8,10532.5,3177.44162823,114.60000000000036,207.20000000000073,10527.540000000003,45.88638576957534,9850.0,11478.0,4140.3005923665105,-0.07584518597162382,1.0004711452058124,-864.3999999999996,11217.243999999999,50.35671287119549,9850.0,12480.6,3988.8070922091983,-0.06271969245281339,0.9389561286176891,-704.7999999999993,10416.448999999988,51.869569330195375,8812.8,12480.6,4123.630311810196,0.12883692017491222,1.0111411288050287,1202.1000000000004,1,22
2020-09-23,10531.2,10534.0,10134.6,10230.7,4306.72297782,-300.5,399.39999999999964,10530.070000000003,42.47842868403617,9850.0,11178.2,3827.2791338525108,0.004970481625917289,0.971569989563222,50.600000000000364,11197.907999999998,48.85350355176644,9850.0,12480.6,4006.671315832798,-0.08634070104934133,0.9136260094296187,-966.7999999999993,10424.50299999999,51.114084307266,8812.8,12480.6,4068.458598758996,0.08545086098055243,0.9814088978630454,805.4000000000015,2,23
2020-09-24,10230.7,10788.3,10192.4,10740.2,4593.25293705,509.5,595.8999999999996,10543.900000000003,49.18504086836672,9850.0,11178.2,3692.3473512380106,0.026434496731526425,1.0186173996339114,276.60000000000036,11177.791999999998,51.3549960610204,9850.0,12480.6,3993.9199604421983,-0.08562915034905494,0.9608516601489814,-1005.7999999999993,10436.619999999988,52.29884828261364,8812.8,12480.6,4058.7573233048956,0.12716587080862674,1.0290879614281265,1211.7000000000007,3,24
2020-09-25,10738.9,10761.6,10565.0,10695.1,3847.35826784,-43.79999999999927,196.60000000000036,10570.545000000002,48.656447635411936,9850.0,11178.2,3548.439077418011,0.052439432406368613,1.011783214583543,532.8999999999996,11156.263999999997,51.12912636525666,9850.0,12480.6,3982.526285110798,-0.09144119271120921,0.9586632227419505,-1076.3999999999996,10449.03999999999,52.18576528783143,8812.8,12480.6,4043.2922155207953,0.13138547143265167,1.023548574797303,1242.0,4,25
2020-09-26,10695.1,10695.1,10695.1,10695.1,0.0,0.0,0.0,10592.645000000002,48.65644763541193,9850.0,11178.2,3423.5811842155113,0.04310891340180034,1.0096722773207256,442.0,11138.095999999996,51.12912636525666,9850.0,12480.6,3877.2268204345983,-0.07828672383332613,0.9602269544094434,-908.3999999999996,10462.175999999989,52.18576528783143,8812.8,12480.6,4006.7632463379955,0.14002025262484685,1.0222634373575834,1313.6000000000004,5,26
2020-09-27,10695.1,10695.1,10695.1,10695.1,0.0,0.0,0.0,10608.530000000002,48.656447635411936,9850.0,11178.2,3220.063668329511,0.03061460481430811,1.0081604143081084,317.7000000000007,11116.637999999995,51.12912636525666,9850.0,12480.6,3832.8670542467985,-0.09117097212780423,0.9620804419465674,-1072.8999999999996,10476.10599999999,52.18576528783143,8812.8,12480.6,3961.7019877255952,0.14975113146493801,1.0209041412906676,1393.0,6,27
2020-09-28,10695.1,10695.1,10695.1,10695.1,0.0,0.0,0.0,10637.120000000004,48.656447635411936,9983.2,11178.2,2943.444076612511,0.05648355773315039,1.005450723504106,571.8000000000011,11096.789999999995,51.12912636525666,9850.0,12480.6,3800.4960000765986,-0.084911229946524,0.9638012434226478,-992.3999999999996,10489.50099999999,52.18576528783144,8812.8,12480.6,3940.4246831438954,0.14317627944760347,1.01960045573188,1339.5,0,28
2020-09-29,10695.1,10695.1,10695.1,10695.1,0.0,0.0,0.0,10660.390000000003,48.656447635411936,10134.6,11178.2,2784.971651282511,0.04549498030245269,1.003255978439813,465.39999999999964,11072.717999999995,51.12912636525666,9850.0,12480.6,3661.926873268399,-0.10115390756973452,0.9658965395849515,-1203.6000000000004,10503.60499999999,52.18576528783144,8812.8,12480.6,3920.282684993695,0.1519058235591888,1.0182313596141526,1410.3999999999996,1,29
2020-09-30,10841.4,10842.4,10670.0,10774.9,2473.82922088,-66.5,172.39999999999964,10681.630000000003,49.88796053016064,10134.6,11178.2,2722.958568755511,0.041043081709355445,1.0087318134030103,424.7999999999993,11060.381999999998,51.54628221983436,9850.0,12480.6,3566.096125939399,-0.054144684287683265,0.9741887757583781,-616.8000000000011,10514.41399999999,52.37735362944527,8812.8,12480.6,3892.642842768795,0.11150195997524248,1.0247741814237112,1080.8999999999996,2,30
2020-10-01,10774.9,10930.0,10451.0,10616.1,5064.96171829,-158.79999999999927,479.0,10692.525000000003,47.501342404124166,10134.6,11178.2,2842.082217047011,0.020955549999038148,0.9928524833937725,217.89999999999964,11041.171999999997,50.66806074220653,9850.0,12480.6,3586.408939382399,-0.08296909282518183,0.9615011884607905,-960.5,10524.35199999999,51.95886473765291,8812.8,12480.6,3907.0105874053947,0.1032809203620757,1.0087176863715706,993.8000000000011,3,1
2020-10-02,10611.0,10655.5,10384.3,10574.8,3866.32730974,-36.20000000000073,271.2000000000007,10698.890000000003,46.88727209511165,10134.6,11178.2,2931.980282868011,0.012184733189758212,0.9884016005398687,127.29999999999927,11016.775999999998,50.4399975277697,9850.0,12480.6,3577.8064081589996,-0.1034202092483002,0.9598815479229134,-1219.800000000001,10537.279999999992,51.85003344622114,8812.8,12480.6,3886.3000348275946,0.13928032751562158,1.0035606911840633,1292.7999999999993,4,2
2020-10-03,10574.8,10603.7,10504.1,10553.0,1221.43053437,-21.799999999999272,99.60000000000036,10710.130000000001,46.55289100497297,10134.6,11178.2,2871.662211252511,0.021765651323560675,0.9853288428805251,224.79999999999927,10992.383999999998,50.31800737943045,9850.0,12480.6,3531.2435511524,-0.10359648675738586,0.9600283250657912,-1219.6000000000004,10550.474999999991,51.792193260448315,8812.8,12480.6,3836.070335314295,0.1429035576975144,1.0002393257175632,1319.5,5,3
2020-10-04,10553.0,10690.0,10531.2,10676.4,1234.25174381,123.39999999999964,158.79999999999927,10710.205000000002,48.731466906862394,10134.6,11178.2,2725.7881842735105,0.00014051653879665338,0.9968436645236948,1.5,10968.746,51.0024804839313,9850.0,12480.6,3492.4030979877994,-0.09966858655962485,0.9733473634998933,-1181.8999999999996,10565.73599999999,52.09772773800229,8812.8,12480.6,3795.435609888395,0.1667814170027213,1.0104738562462672,1526.1000000000004,6,4
2020-10-05,10676.4,10799.0,10632.0,10799.0,2274.02057894,122.60000000000036,167.0,10710.895,50.827612652013755,10134.6,11178.2,2625.442995451511,0.0012795312094351363,1.0082257365047458,13.799999999999272,10946.389999999998,51.67740754621243,9850.0,12480.6,3498.778262106999,-0.09380034908700319,0.9865352869758891,-1117.7999999999993,10583.70599999999,52.400478714226786,8915.1,12480.6,3775.6775208778945,0.19962230615418797,1.020342023861964,1797.0,0,5
2020-10-06,10799.0,10803.6,10527.0,10605.4,3347.5426593,-193.60000000000036,276.60000000000036,10693.61,47.593120911867196,10134.6,11178.2,2585.0683179245107,-0.03156760508076817,0.9917511485831257,-345.7000000000007,10912.464,50.555290486888914,9850.0,12393.7,3427.316466509199,-0.1378915109293838,0.9718611671937704,-1696.300000000001,10598.622999999989,51.87749505044104,8915.1,12480.6,3783.5274551108946,0.16367666260684444,1.000639422687269,1491.699999999999,1,6
2020-10-07,10605.0,10676.6,10552.6,10669.9,2177.50587476,64.89999999999964,124.0,10679.865000000002,48.73715714193709,10134.6,11178.2,2524.546339322511,-0.025116950515313152,0.9990669357711917,-274.89999999999964,10886.722,50.917609759907556,9850.0,12068.6,3349.758093434399,-0.10764405787404874,0.9800838121888297,-1287.1000000000004,10613.486999999988,52.03858336517446,8915.1,12480.6,3763.631763535994,0.16185550171503227,1.0053152182689828,1486.3999999999996,2,7
2020-10-08,10670.0,10969.6,10540.0,10934.1,4228.06693828,264.10000000000036,429.60000000000036,10679.835000000001,53.14714166091236,10134.6,11178.2,2618.222657484511,-5.487118988178885e-05,1.0238079520891474,-0.6000000000003638,10870.256,52.376230540829134,9850.0,12068.6,3315.4045411317993,-0.07002398489461947,1.0058732747416437,-823.2999999999993,10631.48899999999,52.6937804542307,8915.1,12480.6,3779.0539138594945,0.19708996157172742,1.0284636517048562,1800.2000000000007,3,8
2020-10-09,10931.9,11110.6,10842.0,11060.2,3237.00773051,128.3000000000011,268.60000000000036,10678.810000000001,55.08826391748167,10134.6,11110.6,2688.6945859390107,-0.0018500636241393087,1.0357146535990434,-20.5,10854.167999999998,53.05567812699558,9850.0,12068.6,3314.6818179719994,-0.06779832442728784,1.0189818326010804,-804.3999999999996,10649.74599999999,53.00330447484114,8915.1,12480.6,3776.1563770385947,0.19770426119443396,1.0385412008887358,1825.7000000000007,4,9
2020-10-10,11060.1,11499.0,11060.1,11301.5,3960.95890077,241.39999999999964,438.89999999999964,10697.960000000001,58.54754377178917,10134.6,11499.0,2771.8013548905105,0.03507807849063527,1.0564163634936006,383.0,10849.743999999999,54.32800395945651,9850.0,12068.6,3313.9788680317993,-0.019196889617884794,1.0416374801101298,-221.20000000000073,10671.900999999989,53.59024277827109,8915.1,12480.6,3770.2913795525947,0.24383667180277357,1.058995955828302,2215.5,5,10
2020-10-11,11299.4,11443.9,11262.0,11376.6,2180.88632597,77.20000000000073,181.89999999999964,10746.04,59.56780683407582,10134.6,11499.0,2559.578267328011,0.09232837253960646,1.0586783596562082,961.6000000000004,10843.822,54.717766105636905,9850.0,12068.6,3302.045883284799,-0.025366881698321797,1.0491319389049358,-296.10000000000036,10695.08699999999,53.77174421117183,8915.1,12480.6,3775.5786089271946,0.2559726208876132,1.0637220622889754,2318.6000000000004,6,11
2020-10-12,11376.6,11725.9,11202.9,11535.8,4883.07187989,159.1999999999989,523.0,10796.205,61.672789975498524,10134.6,11725.9,2644.8597799110107,0.0952575361974839,1.0685050904461335,1003.2999999999993,10841.486,55.53851569384322,9850.0,12068.6,3375.5585622563985,-0.010023514065530481,1.0640423277768378,-116.80000000000109,10719.05999999999,54.15564987023611,8915.1,12480.6,3809.1652961147947,0.26232970399956224,1.076195114123814,2397.2999999999993,0,12
2020-10-13,11534.6,11560.0,11315.0,11428.6,3464.47542678,-106.0,245.0,10856.1,59.47793747830957,10192.4,11725.9,2602.7474023590107,0.11708876225478204,1.0527353285249768,1197.8999999999996,10834.761999999999,54.85534779836949,9850.0,12068.6,3401.684161316599,-0.028576771385828814,1.0548085873967514,-336.1999999999989,10742.50799999999,53.851469563805026,9021.7,12480.6,3824.473428684895,0.25812985754860307,1.0638670224867424,2344.800000000001,1,13
2020-10-14,11428.9,11555.0,11300.0,11433.1,2817.85908619,4.200000000000728,255.0,10890.744999999999,59.54156060283546,10384.3,11725.9,2513.977709816011,0.06451462728813251,1.049799623441739,692.8999999999996,10836.823999999999,54.879121804857036,9850.0,12068.6,3352.8820822883986,0.009099735216240079,1.0550231322387447,103.10000000000036,10763.356999999993,53.862457707026046,9021.7,12480.6,3805.547534813495,0.22302689287777322,1.062224359927856,2084.8999999999996,2,14
2020-10-15,11433.2,11628.0,11255.3,11501.0,3310.60603618,67.79999999999927,372.7000000000007,10931.039999999999,60.525954126620135,10384.3,11725.9,2487.140098233011,0.07535226412095253,1.0521414247866627,805.8999999999996,10837.454,55.242030709155124,9850.0,12068.6,3364.243646758598,0.0027464144034177185,1.0612271110908522,31.5,10785.798999999992,54.02928601707849,9021.7,12480.6,3802.757856042795,0.24243799153055057,1.0663095056750092,2244.2000000000007,3,15
2020-10-16,11501.0,11549.0,11207.0,11326.9,3689.18449699,-174.10000000000036,342.0,10962.63,56.79616704407271,10384.3,11725.9,2671.5993230825106,0.059073781451318697,1.0332283402796592,631.7999999999993,10837.434,54.10349072296346,9850.0,12068.6,3343.881132986598,-8.827761544505375e-05,1.045164381162552,-1.0,10804.66699999999,53.527994828009334,9021.7,12480.6,3796.572659410295,0.199870764080889,1.0483340208448821,1886.7999999999993,4,16
2020-10-17,11327.0,11411.8,11254.6,11363.9,1155.95428631,36.899999999999636,157.1999999999989,10996.069999999998,57.38365363344935,10384.3,11725.9,2729.397037398011,0.06253330964647352,1.0334510420541159,668.7999999999993,10834.06,54.30771080534607,9850.0,12068.6,3313.2401385889984,-0.014628097740318813,1.0489050272935538,-168.70000000000073,10825.90399999999,53.62037013179239,9021.7,12480.6,3770.3650196567946,0.2298326876041643,1.0496952494683134,2123.699999999999,5,17
2020-10-18,11364.0,11515.1,11355.7,11508.9,1062.87912435,144.89999999999964,159.39999999999964,11036.759999999998,59.64721298895431,10384.3,11725.9,2782.540993615511,0.07609092014099916,1.0427788590129714,813.7999999999993,10834.62,55.10651857285732,9850.0,12068.6,3304.707021246798,0.002438833192519807,1.0622338393040087,28.0,10848.132999999989,53.98246213184459,9021.7,12480.6,3754.304081058494,0.23938186517337923,1.060910665457366,2222.8999999999996,6,18
2020-10-19,11508.8,11838.3,11416.6,11757.0,4364.70701426,248.20000000000073,421.6999999999989,11089.854999999998,63.170489859558046,10384.3,11838.3,3000.7763443285107,0.09928845920094242,1.060158135521159,1061.8999999999996,10835.498,56.43623030968347,9850.0,12068.6,3364.853962931198,0.00374794034030268,1.0850447298315222,43.899999999999636,10873.356999999987,54.59511963198118,9021.7,12480.6,3786.500344430394,0.27314664414268064,1.081266806562133,2522.3999999999996,0,19
2020-10-20,11757.0,12070.0,11678.8,11925.4,5301.91244632,168.39999999999964,391.2000000000007,11147.379999999997,65.33310809908807,10384.3,12070.0,3142.180505600511,0.1067759329552942,1.0697939784953956,1150.5,10840.868,57.31195921843328,9850.0,12070.0,3421.6252570193983,0.02303356810129631,1.1000410668223244,268.5,10899.610999999986,55.00582539202631,9021.7,12480.6,3822.7197993449936,0.2823010752688171,1.0941124412605197,2625.3999999999996,1,20
2020-10-21,11926.7,13241.4,11905.7,12813.0,11497.59347437,886.2999999999993,1335.699999999999,11257.224999999997,73.85186520242928,10384.3,13241.4,3463.812093404511,0.20694040184248452,1.1382023544878959,2196.8999999999996,10858.591999999999,61.47694985853877,9850.0,13241.4,3570.9125243059984,0.074303249823926,1.179987239597915,886.2000000000007,10935.378999999988,57.07309830254445,9021.7,13241.4,3909.188790254994,0.3872588293887096,1.1717015020695682,3576.7999999999993,2,21
2020-10-22,13124.6,13199.0,12943.6,12984.1,973.1290836,-140.5,255.39999999999964,11377.689999999999,75.09374311470246,10504.1,13241.4,3319.1521820975113,0.2278340961531189,1.1411894681609362,2409.300000000001,10890.336,62.202352639402164,9850.0,13241.4,3466.8301584179985,0.13926594073827103,1.192258898164391,1587.2000000000007,10972.69799999999,57.453726165566245,9021.7,13241.4,3888.065345243094,0.40335271611076284,1.1833097019529757,3731.8999999999996,3,22
2020-10-23,12985.4,13032.8,12735.0,12939.0,3897.16955007,-46.399999999999636,297.7999999999993,11496.989999999998,74.11704752748483,10527.0,13241.4,3452.9391328825113,0.22609684449919465,1.1254250025441443,2386.0,10945.514,61.88890011534165,9850.0,13241.4,3333.430506457398,0.27100912564709567,1.1821281303006876,2758.8999999999996,11010.137999999988,57.31840787926763,9021.7,13241.4,3893.965773273894,0.4071778140293638,1.175189629775759,3744.0,4,23
2020-10-24,12939.0,13172.3,12890.7,13130.9,1813.58698169,191.89999999999964,281.59999999999854,11619.714999999998,75.54184765789755,10527.0,13241.4,3481.9058947765106,0.22989959162264428,1.130053534015249,2454.5,10998.86,62.70489815406279,9850.0,13241.4,3223.8644743043983,0.2549122672885049,1.193841907252206,2667.2999999999993,11050.137999999988,57.74613614993845,9078.5,13241.4,3873.017554137194,0.4380729172370741,1.1883019017500065,4000.0,5,24
2020-10-25,13130.9,13351.0,12833.0,13039.2,3508.36779755,-91.69999999999891,518.0,11731.724999999999,73.50650898558924,10527.0,13351.0,3543.6232557070107,0.207445133808686,1.111447804990315,2240.2000000000007,11056.4,62.057014835405504,9850.0,13351.0,3159.521355370598,0.2831079884277026,1.1793350457653486,2877.0,11089.007999999989,57.46815600755293,9111.1,13351.0,3886.3844338035938,0.4247066279145997,1.1758671289623033,3887.0,6,25
2020-10-26,13039.8,13243.6,12801.0,13080.0,4628.57769014,40.20000000000073,442.60000000000036,11855.454999999998,73.83665763723785,10540.0,13351.0,3607.6750072490104,0.23333396194391542,1.1032895827279512,2474.6000000000004,11112.938,62.234172151497525,9850.0,13351.0,3202.149751892398,0.27571173596278187,1.1770064765951183,2826.8999999999996,11128.066999999988,57.55997280253748,9111.1,13351.0,3922.137555992494,0.425752934892796,1.1754062947320514,3905.8999999999996,0,26
2020-10-27,13080.0,13794.8,13064.0,13649.6,7598.84407927,569.6000000000004,730.7999999999993,12004.439999999999,77.88631020063876,10540.0,13794.8,3878.7419174745105,0.27926222363845965,1.137045959661592,2979.7000000000007,11178.382,64.58945947219757,9850.0,13794.8,3272.7196271233975,0.31531982962977256,1.2210711711229765,3272.2000000000007,11172.425999999989,58.81379041142746,9131.5,13794.8,3984.572530516694,0.48144610742698357,1.221722121945584,4435.9,1,27
2020-10-28,13649.1,13851.6,12900.0,13289.5,8264.04057366,-359.60000000000036,951.6000000000004,12122.21,70.61289935192148,10842.0,13851.6,4080.5405992435108,0.2154178213113105,1.0962934976378071,2355.3999999999996,11241.705999999998,62.09139652376329,9983.2,13851.6,3327.3526019097976,0.3127636245097942,1.1821604300984212,3166.2000000000007,11213.69099999999,57.7247629885319,9157.3,13851.6,4046.865745149794,0.4503437738731857,1.1851138041881135,4126.5,2,28
2020-10-29,13288.0,13644.0,12975.0,13463.1,5549.85025094,175.10000000000036,669.0,12242.355,71.94252261735241,11060.1,13851.6,4196.182725265011,0.2172564691416068,1.099714883288387,2402.8999999999996,11306.374,62.79917095610065,10134.6,13851.6,3374.960636796598,0.31607965042963126,1.1907531097060826,3233.3999999999996,11254.38399999999,58.10254277556424,9281.8,13851.6,4062.143764640594,0.4331899763673914,1.1962538331729229,4069.300000000001,3,29
2020-10-30,13462.1,13684.9,13131.0,13567.0,6467.91601097,104.89999999999964,553.8999999999996,12355.63,72.72012305036671,11202.9,13851.6,4321.530580775011,0.20046011591381685,1.0980419452508696,2265.5,11370.712,63.21856809924655,10134.6,13851.6,3430.0371395875977,0.31080859122134075,1.1931530760782614,3216.8999999999996,11294.75499999999,58.32767158029686,9460.0,13851.6,4095.4242345423945,0.4236245920733692,1.2011770064954939,4037.1000000000004,4,30
2020-10-31,13567.0,14080.0,13425.5,13809.1,5282.11155202,242.10000000000036,654.5,12477.255,74.45649963101089,11202.9,14080.0,4476.591842077511,0.21381607861751317,1.1067418274291903,2432.5,11438.93,64.17877850176882,10134.6,14080.0,3482.0295955787983,0.32802792791059976,1.20720207222179,3410.8999999999996,11336.725999999991,58.848119328938076,9480.0,14080.0,4102.592375874195,0.436652101539742,1.2180853625641135,4197.1,5,31
2020-11-01,13799.0,13900.6,13634.6,13762.5,2302.11145634,-36.5,266.0,12588.59,73.50850338988494,11207.0,14080.0,4347.543820900011,0.19302519114409056,1.0932519050981881,2226.7000000000007,11505.23,63.851382680424805,10134.6,14080.0,3486.7045048391983,0.3173007896625988,1.1961951216968283,3315.0,11378.814999999991,58.70557018606936,9540.9,14080.0,4092.157954839495,0.4405564394573773,1.2094844674071958,4208.9,6,1
2020-11-02,13762.6,13840.0,13218.3,13565.8,5151.11685948,-196.8000000000011,621.7000000000007,12695.449999999999,69.57266311265724,11207.0,14080.0,4431.87589253501,0.18700453248866866,1.068556057485162,2137.199999999999,11569.982000000002,62.47858901758082,10134.6,14080.0,3541.1710026951982,0.3134718537596095,1.1724996633529765,3237.5999999999985,11417.370999999992,58.105458336875465,9666.7,14080.0,4119.548382826595,0.39706700170954234,1.188171953070458,3855.5999999999985,0,2
2020-11-03,13568.3,14062.8,13305.0,14021.8,5039.10250174,453.5,757.7999999999993,12824.884999999998,73.08882901492099,11207.0,14080.0,4542.93806331251,0.22642153046855173,1.0933275425081785,2588.699999999999,11636.920000000002,64.29453951283148,10134.6,14080.0,3558.918407062198,0.31352986913226344,1.2049408262667438,3346.8999999999996,11458.192999999992,59.08486304809934,9850.0,14080.0,4117.691399465794,0.41070063181616945,1.223735714697772,4082.199999999999,1,3
2020-11-04,14028.8,14266.4,13540.7,14163.3,7484.67922848,134.5,725.6999999999989,12958.0,74.06767608379378,11207.0,14266.4,4751.64172292751,0.23148421876358571,1.0930158975150486,2662.2999999999993,11704.482000000004,64.83345427033322,10134.6,14266.4,3622.993504524198,0.313216259318325,1.2100749097653356,3378.0999999999985,11489.36499999999,59.382491488098815,9850.0,14266.4,4029.3668499444943,0.28219914721032757,1.232731312827124,3117.199999999999,2,4
2020-11-05,14165.7,15782.3,14120.1,15610.4,13893.35310348,1444.699999999999,1662.199999999999,13172.175,81.36459575703749,11254.6,15782.3,5261.85015325201,0.3781705497532424,1.185104206404789,4283.5,11797.668000000005,69.61873402767496,10134.6,15782.3,3817.7598423969985,0.4254641086283568,1.3231767498458165,4659.299999999999,11536.12899999999,62.22135008853726,9850.0,15782.3,4083.403522828894,0.4276934333272362,1.3531748821463434,4676.4,3,5
2020-11-06,15610.3,15967.0,15177.0,15599.2,9645.32707811,-11.099999999998545,790.0,13383.939999999999,81.1785006188367,11355.7,15967.0,5686.31879284201,0.37269775341212097,1.1655162829480707,4235.300000000001,11890.756000000003,69.54399788516311,10134.6,15967.0,3942.907475023198,0.4252613113076531,1.311876217121939,4654.4000000000015,11581.03899999999,62.18737059040258,9850.0,15967.0,4117.272685826794,0.4042959255324894,1.3469603202268825,4491.0,4,6
2020-11-07,15602.8,15769.9,14365.0,14837.3,7646.39947038,-765.5,1404.8999999999996,13550.359999999997,69.75427591694076,11416.6,15967.0,6015.494810143509,0.28920226954791506,1.094974598460853,3328.3999999999996,11968.808000000005,64.72113870598226,10134.6,15967.0,4048.744652929998,0.3569005093875459,1.239663966537018,3902.5999999999985,11618.26399999999,59.93818209689871,9850.0,15967.0,4143.134163719695,0.33491380861553965,1.2770668664440756,3722.5,5,7
2020-11-08,14837.4,15650.0,14726.6,15480.1,4503.79086731,642.7000000000007,923.3999999999996,13736.514999999996,73.11443038389167,11678.8,15967.0,6022.44900279601,0.31667091945224124,1.1269306661842546,3723.1000000000004,12056.796000000006,66.70873010333948,10134.6,15967.0,4102.269087047798,0.39703267844089263,1.2839314856119315,4399.4,11659.502999999992,61.13606169088861,9850.0,15967.0,4134.253743641794,0.36314083936528063,1.3276809483217262,4123.9,6,8
2020-11-09,15480.0,15843.3,14824.7,15322.9,7504.18058973,-157.10000000000036,1018.5999999999985,13906.389999999996,71.08158008455028,11905.7,15967.0,6132.56240996651,0.2848961041139082,1.1018603677877583,3397.5,12144.884000000005,65.78385630501394,10134.6,15967.0,4206.376228407598,0.4033887438750743,1.2616752864827685,4404.4,11694.63299999999,60.68780639107919,9850.0,15967.0,4139.939669347395,0.29746229858000484,1.3102506081208374,3513.0,0,9
2020-11-10,15339.1,15474.9,15100.0,15316.7,3736.89301767,-22.399999999999636,374.89999999999964,14031.574999999997,70.99962537850635,12735.0,15967.0,5744.527387131509,0.19540310622024504,1.0915880790289048,2503.7000000000007,12242.918000000005,65.74717118479582,10134.6,15967.0,4152.607127216598,0.47063850216034564,1.2510661265557765,4901.700000000001,11737.12899999999,60.67008464422971,9850.0,15967.0,4086.2762719509947,0.3839849644441633,1.3049784150791914,4249.6,1,10
2020-11-11,15319.0,15990.0,15300.0,15708.7,6372.85620441,389.7000000000007,690.0,14167.804999999998,73.06635086057148,12735.0,15990.0,6014.5137431720095,0.20984126739627706,1.1087603196119655,2724.6000000000004,12346.442000000005,66.93672683735272,10134.6,15990.0,4216.515418740198,0.4914502729646333,1.2723260677043633,5176.200000000001,11781.842999999988,61.39013448787954,9850.0,15990.0,4102.661255474695,0.39790697053562707,1.333297345754821,4471.4000000000015,2,11
2020-11-12,15708.6,16345.0,15425.3,16307.8,9541.89852023,599.1999999999989,919.7000000000007,14336.244999999999,75.836646056478,12801.0,16345.0,6296.750191680009,0.26036015148002156,1.1375224125982781,3368.7999999999993,12467.984000000006,68.63542013134017,10192.4,16345.0,4321.218929588398,0.5940062752304338,1.3079740878717836,6077.0999999999985,11832.945999999989,62.4513698295115,9850.0,16345.0,4163.945122710596,0.4563786559499887,1.378169054434966,5110.299999999999,3,12
2020-11-13,16308.6,16489.4,15980.6,16343.4,6047.9709983,34.79999999999927,508.8000000000011,14496.869999999999,75.99111102030032,12801.0,16489.4,6508.469392510509,0.2446519278952699,1.1273743918514825,3212.5,12580.048000000008,68.7328253821289,10384.3,16489.4,4350.3132908133975,0.5217035064523936,1.2991524356663813,5603.199999999999,11878.91999999999,62.51321518535984,9850.0,16489.4,4172.116625627796,0.3914013281116975,1.3758321463567407,4597.4,4,13
2020-11-14,16343.3,16343.4,15735.0,16080.1,3713.34899327,-263.1999999999989,608.3999999999996,14648.914999999997,72.38848236486064,12801.0,16489.4,6518.718452296509,0.2332121602552304,1.0976990446050103,3040.8999999999996,12687.748000000007,67.15876856695006,10384.3,16489.4,4347.633105321997,0.5035016035380688,1.26737227126516,5385.0,11922.005999999988,61.75334544293985,9850.0,16489.4,4165.0796952163955,0.3660196236673321,1.3487746944599772,4308.6,5,14
2020-11-15,16086.5,16170.5,15801.0,15962.3,2083.20526402,-124.20000000000073,369.5,14793.029999999995,70.80757204682027,12900.0,16489.4,6391.449830990508,0.22035932721712537,1.0790419542176284,2882.2999999999993,12793.09200000001,66.46388777885343,10384.3,16489.4,4389.297210602398,0.4924872137707921,1.2477280707431782,5267.199999999999,11965.59399999999,61.41597432663902,9850.0,16489.4,4133.262015518496,0.3756452794415477,1.3340165143493932,4358.799999999999,6,15
2020-11-16,15966.8,16892.9,15884.3,16721.1,6629.53381631,754.2999999999993,1008.6000000000022,14946.604999999996,74.5728260796568,12900.0,16892.9,6342.984317842509,0.22502490915484685,1.1187222784036912,3071.499999999998,12913.612000000008,68.59939733815236,10384.3,16892.9,4521.887886928597,0.5634355920000746,1.294842992030424,6025.999999999998,12015.12499999999,62.74041426122642,9850.0,16892.9,4177.377470587696,0.42089564921821876,1.3916709147844912,4953.0999999999985,0,16
2020-11-17,16723.8,17876.1,16569.5,17684.8,10140.27825534,961.0,1306.5999999999985,15166.369999999995,78.31243208788337,12975.0,17876.1,6436.796201926509,0.3307347906241769,1.1660535777513015,4395.299999999999,13053.40600000001,70.99314267593262,10384.3,17876.1,4724.693452035398,0.6535422763695522,1.354803489602636,6989.699999999999,12075.09799999999,64.31195910940592,9850.0,17876.1,4262.594726055995,0.5131379679144383,1.4645678237973732,5997.299999999999,1,17
2020-11-18,17680.0,18495.0,17200.0,17800.0,13809.84372874,120.0,1295.0,15383.214999999997,78.7064917586897,13131.0,18495.0,6849.795875816509,0.32213234693347004,1.157105325512255,4336.9,13195.50400000001,71.26038512953735,10384.3,18495.0,5000.890326610198,0.6643135641555478,1.3489443070912628,7104.9,12134.110999999992,64.49279335986172,9850.0,18495.0,4331.4085999392955,0.495961743719902,1.4669389459186595,5901.299999999999,2,18
2020-11-19,17800.0,18200.0,17369.0,17828.2,6833.90109047,28.200000000000728,831.0,15596.274999999998,78.80572171371065,13218.3,18495.0,6868.095129791509,0.31408564900125313,1.1431062865972808,4261.200000000001,13336.570000000009,71.32637206670903,10384.3,18495.0,5088.091764001998,0.6546046831061079,1.3367904941075546,7053.300000000001,12198.475999999991,64.53722497842035,9850.0,18495.0,4327.093944970696,0.5650166349184054,1.4615104378612551,6436.5,3,19
2020-11-20,17827.4,18824.0,17780.0,18680.2,6868.2597017,852.7999999999993,1044.0,15839.829999999998,81.54137910304175,13218.3,18824.0,6947.402537275509,0.35274565322866813,1.1793182123798047,4871.1,13497.852000000008,73.22186334739393,10384.3,18824.0,5124.157723670198,0.7596104030670396,1.3839387185457352,8064.1,12269.51199999999,65.841675116653,9850.0,18824.0,4355.283331526296,0.6136171241988149,1.5224892399958545,7103.6,4,20
2020-11-21,18673.6,18977.5,18333.0,18708.7,4874.53549384,35.10000000000218,644.5,16087.14,81.62489220763464,13218.3,18977.5,7076.023739150509,0.3593969118982743,1.1629599792132101,4946.200000000001,13660.530000000006,73.2821498160381,10504.1,18977.5,5144.321887352197,0.7691776676627455,1.3695442270541474,8133.9000000000015,12338.65299999999,65.88407668947534,9850.0,18977.5,4361.064147755596,0.5862089430756448,1.516267618515572,6914.1,5,21
2020-11-22,18708.7,18764.9,17620.0,18450.2,6457.67189893,-258.5,1144.9000000000015,16331.36,78.24499100568529,13305.0,18977.5,7141.351491123009,0.36005248492532704,1.1297405727385839,4884.4000000000015,13818.474000000006,71.78635843448939,10527.0,18977.5,5249.0467146433975,0.748336965791718,1.3351836099991934,7897.200000000001,12405.428999999987,65.14321846598398,9850.0,18977.5,4390.1451328978965,0.5672153984676283,1.48726819523936,6677.6,6,22
2020-11-23,18433.7,18780.0,18005.0,18387.8,6160.78140739,-45.900000000001455,775.0,16549.66,77.43030029322448,13540.7,18977.5,7197.435436405508,0.3113722917171833,1.1110681427896403,4366.0,13972.702000000007,71.4272424998872,10527.0,18977.5,5347.577307914998,0.7222846652429658,1.315980259222589,7711.4,12470.723999999987,64.96509400599436,9850.0,18977.5,4419.990202951396,0.5506269870048828,1.474477343897597,6529.5,0,23
2020-11-24,18380.2,19448.0,18069.7,19173.8,9038.2961205,793.5999999999985,1378.2999999999993,16800.185,80.16817324549882,14120.1,19448.0,7275.116281006507,0.35376642449146734,1.1412850513253274,5010.5,14140.198000000008,73.15345043908047,10527.0,19448.0,5482.862818746198,0.7755162515047689,1.3559781836152498,8374.8,12543.293999999987,66.14298677094018,9850.0,19448.0,4490.820540426596,0.6089722073039743,1.5286096299743925,7257.0,1,24
2020-11-25,19169.6,19509.3,18425.1,18723.4,6923.70078677,-446.1999999999971,1084.2000000000007,16955.835,74.7021339537725,14365.0,19509.3,6926.633665171006,0.19941833649361973,1.1042452347525205,3113.000000000002,14302.558000000008,70.65742770117849,10540.0,19509.3,5554.385981295598,0.7654591057385862,1.3090944990399613,8118.000000000002,12607.510999999988,64.88040649334252,9850.0,19509.3,4490.851223902396,0.5220172821642537,1.4850988430626806,6421.700000000001,2,25
2020-11-26,18725.9,18900.0,16210.0,17164.6,18298.68923292,-1561.300000000003,2690.0,17034.105,59.838640680506394,14365.0,19509.3,7359.301772911506,0.10035130006667003,1.0076608075387583,1565.3999999999978,14432.452000000007,63.05895307291931,10540.0,19509.3,5876.809648458799,0.6086936147480295,1.1893058781695578,6494.699999999999,12659.586999999989,60.821674347746786,9850.0,19509.3,4613.283870946596,0.43552730618047986,1.355857817478565,5207.5999999999985,3,26
2020-11-27,17165.0,17460.0,16450.8,17144.2,5962.04838793,-20.799999999999272,1009.2000000000007,17149.45,59.67507318343904,14726.6,19509.3,7275.084218789006,0.15547977057820495,0.9996938677333675,2306.9000000000015,14556.654000000006,62.9685244731356,10842.0,19509.3,5911.4892774517975,0.5679571249577011,1.1777569213364552,6210.1,12713.454999999989,60.77141917350497,9850.0,19509.3,4613.446909291796,0.45816251892425197,1.3485083323140732,5386.800000000001,4,27
2020-11-28,17146.0,17890.0,16871.1,17732.9,5037.34622355,586.9000000000015,1018.9000000000015,17262.090000000004,62.76670010351131,14824.7,19509.3,7301.761986601006,0.1455287756539041,1.0272742176642573,2252.800000000001,14690.108000000007,64.46891831100632,11060.1,19509.3,5947.496047312597,0.6033073542973906,1.2071320374227332,6672.700000000001,12772.137999999986,61.69402793162134,9850.0,19509.3,4631.088932642296,0.49460580213407956,1.388404979651803,5868.300000000001,5,28
2020-11-29,17731.6,18356.1,17525.0,18194.2,5284.40097885,462.6000000000022,831.0999999999985,17405.655000000002,64.9812235063711,15100.0,19509.3,7190.773006057006,0.18738619974025816,1.0453039543757474,2871.300000000001,14827.962000000007,65.58387890678588,11202.9,19509.3,5973.964888874197,0.6098924921470601,1.2270195998613964,6892.700000000001,12838.852999999986,62.394072206267175,9850.0,19509.3,4643.971878452996,0.5789875636786517,1.4171203611412966,6671.5,6,29
2020-11-30,18195.6,19850.0,16660.0,19708.1,13486.0180272,1512.5,3190.0,17625.225,70.94999652283015,15300.0,19850.0,7678.2292565335065,0.28670666657961563,1.1181757963373518,4391.399999999998,14994.592000000006,68.85657120210081,11202.9,19850.0,6200.0675228987975,0.7323365504632313,1.3143471993102573,8331.499999999998,12919.206999999988,64.5421497813629,9850.0,19850.0,4751.056703091796,0.6883925741259518,1.5254883678231967,8035.399999999998,0,30
2020-12-01,19706.5,19947.5,18111.0,18782.9,12790.05335884,-923.5999999999985,1836.5,17778.935,63.9392180302633,15425.3,19947.5,7999.089114255007,0.1957004717131272,1.0564693554478939,3074.2000000000007,15139.534000000007,65.00194755545908,11207.0,19947.5,6358.2071524777975,0.6282269110074725,1.2406524533714176,7247.100000000002,12990.509999999986,62.34383241972677,9850.0,19947.5,4866.882857367096,0.6119063556631139,1.4458939641322799,7130.300000000001,1,1
2020-12-02,18777.0,19350.0,18347.1,19231.4,6800.55853419,454.40000000000146,1002.9000000000015,17925.115,65.67018411766843,15735.0,19947.5,7862.022114953007,0.17927617459130007,1.072874567331925,2923.600000000002,15295.590000000007,65.94496276144324,11207.0,19947.5,6424.928814625997,0.6827432931417672,1.257316651400828,7802.800000000001,13065.175999999985,62.96155200613953,9850.0,19947.5,4913.3064879712965,0.6346559227526183,1.4719587397827647,7466.600000000002,2,2
2020-12-03,19219.3,19600.0,18851.9,19451.3,5045.72826462,232.0,748.0999999999985,18080.510000000002,66.50010378688704,15735.0,19947.5,7811.909978269007,0.19016238971083133,1.0758158923614431,3107.8999999999996,15455.954000000009,66.39794107800648,11207.0,19947.5,6469.486198194598,0.70131460408813,1.2584988283479615,8018.199999999999,13146.388999999985,63.26003635493614,9850.0,19947.5,4911.184140241497,0.7167961165048542,1.4795926090426825,8121.299999999999,3,3
2020-12-04,19440.7,19536.1,18561.6,18665.8,5834.11698084,-774.9000000000015,974.5,18209.795000000002,60.95895921279866,15801.0,19947.5,7917.948377647507,0.16080123879826602,1.025041742644549,2585.699999999999,15599.25000000001,63.32761790499471,11207.0,19947.5,6519.9564170877975,0.6229719154856099,1.1965831690626145,7164.799999999999,13218.351999999986,61.47257782742376,9850.0,19947.5,4942.100031923196,0.627429268930642,1.4121124932971991,7196.299999999999,4,4
2020-12-05,18655.0,19179.3,18511.0,19153.0,2374.3677933,498.0,668.2999999999993,18369.33,62.97328550169278,15884.3,19947.5,7932.506504111507,0.19988974020034722,1.0426618717176945,3190.7000000000007,15755.772000000008,64.37035771505705,11254.6,19947.5,6493.660083013998,0.6909304399261935,1.2156179970108727,7826.1,13296.602999999986,62.14274257768439,9850.0,19947.5,4918.770608000296,0.6907811686190732,1.4404430966315245,7825.1,5,5
2020-12-06,19153.1,19437.0,18857.8,19392.9,2717.60065321,239.8000000000029,579.2000000000007,18502.920000000006,63.93769456741703,16210.0,19947.5,7736.909845956508,0.15978613847175138,1.0480994351161868,2671.800000000003,15916.352000000008,64.87221985278975,11355.7,19947.5,6524.893010351998,0.7065356083738858,1.2184261820799132,8029.000000000002,13375.205999999984,62.467461310626845,9850.0,19947.5,4919.066574470497,0.6815722386972582,1.4499141172106078,7860.300000000001,6,6
2020-12-07,19385.0,19440.0,18900.0,19178.6,3138.3648126,-206.40000000000146,540.0,18577.610000000004,62.40920295205381,16210.0,19947.5,7386.814173819507,0.08446801773274215,1.0323502323495861,1493.7999999999993,16069.746000000008,64.04986915677873,11416.6,19947.5,6566.402724116999,0.666414687763383,1.193460058422827,7669.699999999999,13452.182999999986,61.987705235193424,9850.0,19947.5,4935.554872681897,0.6704787952164029,1.425686819752602,7697.699999999999,0,7
2020-12-08,19182.5,19300.0,18120.0,18320.5,6386.01889423,-862.0,1180.0,18603.635000000002,56.696346786087865,16210.0,19947.5,7015.6229320940065,0.02924157303370789,0.9847806624888092,520.5,16201.016000000009,60.895771765465504,11678.8,19947.5,6606.828961716399,0.5582631623713532,1.1308241409057302,6563.5,13518.256999999985,60.12017601204048,9850.0,19947.5,4985.841462323797,0.5641034397384126,1.3552412859143024,6607.4,1,8
2020-12-09,18313.1,18640.0,17649.9,18548.5,7731.94332043,235.40000000000146,990.0999999999985,18639.65,57.77734149494633,16210.0,19947.5,7060.525043592007,0.04040228402194268,0.9951098867199759,720.2999999999993,16333.478000000008,61.41099015623237,11905.7,19947.5,6655.429579198599,0.5553775973971524,1.1356123906984166,6623.1,13587.172999999986,60.440050297213276,9850.0,19947.5,5038.527418108997,0.5912034932100301,1.365147849372347,6891.6,2,9
2020-12-10,18548.4,18557.2,17911.1,18245.5,4911.09036808,-302.90000000000146,646.1000000000022,18617.915,55.82779462618167,16210.0,19947.5,6962.666576911007,-0.023270628794124337,0.9799969545461992,-434.7000000000007,16442.128000000008,60.3330256799059,12735.0,19947.5,6523.699517072799,0.42398345430422224,1.1096799635667591,5432.5,13650.359999999986,59.79621852785578,9850.0,19947.5,5047.306020689397,0.5297900526545261,1.3366314148491336,6318.700000000001,3,10
2020-12-11,18246.4,18285.0,17572.0,18031.5,6183.56417574,-214.90000000000146,713.0,18584.055,54.46159543183102,16210.0,19947.5,7028.118011006007,-0.03619706339831208,0.9702672532985939,-677.2000000000007,16543.07600000001,59.579324845554396,12735.0,19947.5,6627.908218915599,0.38873699370768855,1.0899726266143002,5047.4,13716.705999999987,59.34522602310764,9850.0,19947.5,5047.3691886667975,0.5821407575744282,1.314564881685152,6634.6,4,11
2020-12-12,18031.5,18986.9,18024.0,18806.9,4583.50043711,775.4000000000015,962.9000000000015,18601.890000000003,58.3491446081677,16210.0,19947.5,6934.4094379150065,0.019333123760176152,1.0110209231427558,356.7000000000007,16660.43400000001,61.36385395702421,12801.0,19947.5,6641.634836656399,0.45350490764355844,1.1288361395627504,5867.9000000000015,13802.973999999986,60.43731540915453,9850.0,19947.5,4987.532671556897,0.8474180017878017,1.3625252065243345,8626.800000000001,5,12
2020-12-13,18814.4,19420.0,18712.6,19164.1,4740.41168303,349.6999999999971,707.4000000000015,18640.705,60.00479289084668,16210.0,19947.5,6863.390951697006,0.042218209900042325,1.0280780689356972,776.2999999999993,16781.09800000001,62.149365933031426,12801.0,19947.5,6700.171330683199,0.45946584011758507,1.1420051298192757,6033.199999999999,13889.978999999985,60.9257292645367,9850.0,19947.5,4962.017902493797,0.8315015864520814,1.3797069095640835,8700.499999999998,6,13
2020-12-14,19163.0,19342.7,19002.0,19281.1,3153.24214073,118.09999999999854,340.7000000000007,18646.07,60.54553614510578,16210.0,19947.5,6569.138252708506,0.005596178118056905,1.034057042583236,107.29999999999927,16905.93600000001,62.404835596494785,12801.0,19947.5,6693.068817546799,0.4787026811460824,1.1404929014282315,6241.899999999998,13981.167999999987,61.08467981886548,9850.0,19947.5,4926.295086458697,0.8973352226880003,1.3790764834525997,9118.899999999998,0,14
2020-12-15,19281.0,19551.5,19048.9,19439.7,5539.3514557,158.70000000000073,502.59999999999854,18681.885000000002,61.292284739647535,16210.0,19947.5,6499.920786155007,0.03825694051294093,1.0405641614858456,716.2999999999993,17033.13000000001,62.7525748190021,12900.0,19947.5,6711.284292857999,0.4862155963302752,1.1412875965838334,6359.700000000001,14073.033999999985,61.30023655671079,9850.0,19947.5,4956.717022375197,0.8959826784094567,1.3813439234212055,9186.6,1,15
2020-12-16,19439.5,21577.4,19302.4,21378.1,11843.67879736,1938.5999999999985,2275.0,18892.56,68.8719046608951,16450.8,21577.4,6177.170264377006,0.24547615441082238,1.1315618423337015,4213.5,17187.700000000008,66.6048653387966,12900.0,21577.4,6796.180987219799,0.5662070683389988,1.243802253937408,7728.499999999998,14183.040999999987,63.77724505096092,9850.0,21577.4,5034.450307171597,1.0600632142925974,1.5073001622148605,11000.699999999999,2,16
2020-12-17,21361.7,23751.0,21264.4,22826.2,18993.4418147,1464.5,2486.5999999999985,19176.66,73.02558833170495,16660.0,23751.0,6828.739935715505,0.3314240384503213,1.190311555818375,5682.0,17378.434000000005,69.0453586864388,12975.0,23751.0,7010.7690120406,0.7176116482937658,1.3134785332211174,9536.7,14310.069999999985,65.4461646059745,9983.2,23751.0,5169.060806975198,1.2548180929143662,1.5951144893071818,12702.900000000001,3,17
2020-12-18,22811.8,23317.1,22308.2,23130.5,6050.93755165,318.7000000000007,1008.8999999999978,19446.54,73.79894432361762,16660.0,23751.0,6879.419502120504,0.3043833777893068,1.1894403837392153,5397.5999999999985,17571.782000000007,69.5229372895663,13131.0,23751.0,7020.790758054799,0.7180664185811587,1.3163434420026376,9667.4,14439.077999999987,65.7808153440138,10134.6,23751.0,5197.875697425698,1.2611122515811801,1.601937464428132,12900.8,4,18
2020-12-19,23132.8,24288.2,22800.0,23871.5,6255.1278031,738.7000000000007,1488.2000000000007,19730.405,75.59260987327704,16660.0,24288.2,6927.955843333005,0.3120390014400194,1.209883932945117,5677.299999999999,17777.872000000007,70.64817523933246,13218.3,24288.2,7016.534993897399,0.7595267929534901,1.3427647583467803,10304.5,14574.291999999985,66.57701470731735,10134.6,24288.2,5223.2860667424975,1.306402836687568,1.6379183290687482,13521.4,5,19
2020-12-20,23871.5,24297.7,23084.9,23480.7,5876.10037185,-390.7999999999993,1212.7999999999993,19919.035,72.82493221656318,17572.0,24297.7,6547.459960565504,0.19142383081068193,1.1788071058663234,3772.600000000002,17971.304000000007,69.27179641068825,13218.3,24297.7,7028.414770293998,0.700378735761201,1.3065662903482125,9671.6,14705.116999999986,65.76188341828518,10134.6,24297.7,5255.222182936397,1.2581504491161932,1.596770702334434,13082.5,6,20
2020-12-21,23480.8,24090.0,21885.6,22716.1,10783.18264979,-764.7000000000007,2204.4000000000015,20115.695,67.71869614922468,17572.0,24297.7,6447.116425113005,0.20940323379243875,1.129272441245505,3933.199999999997,18150.376000000004,66.67835998092772,13218.3,24297.7,7198.036194162999,0.650579473206176,1.2515498301522785,8953.599999999999,14827.802999999987,64.20828468545218,10134.6,24297.7,5342.370349501097,1.1743096434553721,1.5319936473393947,12268.599999999999,0,21
2020-12-22,22724.6,23837.0,22354.2,23828.2,5728.00766789,1103.6000000000022,1482.7999999999993,20345.534999999996,70.84817805119381,17572.0,24297.7,6393.4888817980045,0.23902575995507336,1.1711758869943703,4596.799999999999,18355.624000000003,68.43241796551206,13305.0,24297.7,7209.574010331199,0.7564905866222413,1.298141648575935,10262.400000000001,14962.802999999987,65.40889856263215,10134.6,24297.7,5375.372506513198,1.3071009469220192,1.5924957375967606,13500.0,1,22
2020-12-23,23823.0,24080.0,22629.2,23226.7,8830.55195551,-596.2999999999993,1450.7999999999993,20534.305,67.14234324341668,17572.0,24297.7,6582.730066342503,0.1940949962213323,1.1311169284765177,3775.4000000000015,18539.722,66.50041560649419,13540.7,24297.7,7285.402999406599,0.6564706385770729,1.2528073506172315,9204.900000000001,15088.320999999987,64.23176085803144,10134.6,24297.7,5422.160703234398,1.1758236611115795,1.5393826788282157,12551.800000000001,2,23
2020-12-24,23225.5,23750.0,22723.0,23718.6,4800.52521058,493.09999999999854,1027.0,20786.945,68.55808469814134,17572.0,24297.7,6531.0504778295035,0.2706982824202553,1.1410334707673493,5052.799999999999,18730.828,67.27147410289487,14120.1,24297.7,7231.719919048599,0.6746520937917011,1.2662867866812935,9555.3,15217.654999999988,64.75570532055639,10134.6,24297.7,5427.356711786398,1.1991803582687384,1.5586238484181707,12933.399999999998,3,24
2020-12-25,23718.7,24777.7,23410.8,24698.6,6178.77951455,979.8999999999978,1366.9000000000015,21064.225,71.16371236598917,17572.0,24777.7,6721.271063892005,0.2895421082859082,1.1725377980913136,5545.5999999999985,18912.592,68.73444995892464,14365.0,24777.7,7077.428447269998,0.5821887972121149,1.3059341628053942,9088.199999999999,15355.129999999988,65.76489639143523,10134.6,24777.7,5447.594144833498,1.2553533434997397,1.6084917548728026,13747.499999999998,4,25
2020-12-26,24703.8,26800.0,24500.0,26441.2,9648.05536731,1737.4000000000015,2300.0,21416.639999999996,75.03598423032153,17572.0,26800.0,7067.793799597004,0.3634474472616267,1.2346100975689933,7048.299999999999,19129.432,71.0800492476534,14365.0,26800.0,7077.483013053999,0.6950356428534796,1.3822260901421433,10842.0,15510.093999999988,67.43950021108033,10134.6,26800.0,5510.195244038598,1.415868723046561,1.7047736783542395,15496.400000000001,5,26
2020-12-27,26442.2,28353.2,25634.6,26251.4,14257.99861732,-190.79999999999927,2718.600000000002,21770.28,73.89826363742463,17572.0,28353.2,7623.775489833005,0.36878604277684524,1.205836580879989,7072.800000000003,19357.714,70.49228688773877,14726.6,28353.2,7209.714995992798,0.7692841689525725,1.3561208725369123,11414.100000000002,15663.260999999988,67.0785168484089,10134.6,28353.2,5629.229824461397,1.4007425901030666,1.675985607339367,15316.7,6,27
2020-12-28,26238.0,27460.9,26056.4,27029.5,7871.34149982,791.5,1404.5,22205.73,75.50123522722691,17572.0,28353.2,7698.041620112506,0.47536912202177883,1.2172308678886035,8709.0,19588.702,71.47887051166936,14824.7,28353.2,7277.066008642998,0.7460804516766688,1.3798515082826825,11549.4,15822.748999999987,67.79241300565289,10134.6,28353.2,5689.667547845397,1.4393314501791403,1.7082682661527413,15948.8,0,28
2020-12-29,27028.9,27400.0,25850.0,27376.2,8698.45260361,347.2999999999993,1550.0,22647.114999999998,76.18713843614768,17572.0,28353.2,7746.3670842715055,0.47592527697657494,1.2088162222870331,8827.7,19829.767999999996,71.90594645274385,15100.0,28353.2,7300.9514489205985,0.7866200262352427,1.3805607811447922,12053.300000000001,15987.325999999986,68.1037129298306,10134.6,28353.2,5753.663838664096,1.5073224344003298,1.712368910223012,16457.7,1,29
