date,open,high,low,close,volume,bodysize,shadowsize,ema_8,rsi_8,Min_8,Max_8,volume_8,percentChange_8,RelativeSize_ema_8,Diff_8,ema_13,rsi_13,Min_13,Max_13,volume_13,percentChange_13,RelativeSize_ema_13,Diff_13,ema_21,rsi_21,Min_21,Max_21,volume_21,percentChange_21,RelativeSize_ema_21,Diff_21,ema_34,rsi_34,Min_34,Max_34,volume_34,percentChange_34,RelativeSize_ema_34,Diff_34,ema_55,rsi_55,Min_55,Max_55,volume_55,percentChange_55,RelativeSize_ema_55,Diff_55,ema_89,rsi_89,Min_89,Max_89,volume_89,percentChange_89,RelativeSize_ema_89,Diff_89,ema_144,rsi_144,Min_144,Max_144,volume_144,percentChange_144,RelativeSize_ema_144,Diff_144,ema_377,rsi_377,Min_377,Max_377,volume_377,percentChange_377,RelativeSize_ema_377,Diff_377,ATR(14),Modulo_10,Modulo_100,Modulo_1000,Modulo_500,Modulo_50,WeekDay,Day,result
2020-12-21,23480.8,24090.0,21885.6,22716.1,10783.18264979,-764.7000000000007,2204.4000000000015,20287.018047619935,67.95668560700383,19002.0,24297.7,8561.882823110001,0.18534655945230938,1.1197357811127417,3552.0,19149.621370606696,68.11786631570894,17572.0,24297.7,7434.274813020763,0.2399279495646951,1.1862427752680058,4395.5999999999985,17716.252948205303,67.68215186482107,17572.0,24297.7,6749.161041004766,0.15262759981936358,1.2822180890288761,3008.0,16071.851316965243,67.29750259919652,16210.0,24297.7,7375.525733526192,0.28449855242920474,1.413409043675085,5031.299999999999,14396.135182020125,66.44997191961596,12900.0,24297.7,7050.324355492359,0.6642319188840697,1.5779304454136407,9066.499999999998,12882.273172767642,64.75001587763975,10192.4,24297.7,5566.7770645679775,1.2203857018581328,1.7633611471631017,12485.399999999998,11741.690153318928,62.26441167038005,9850.0,24297.7,5037.18922110035,1.0437704682045559,1.934653333837039,11601.3,10591.649068181452,57.094201253208325,3913.1,24297.7,6172.984958846694,2.146579308243181,2.1447179616478995,15496.8,1202.092831044326,6.099999999998545,16.099999999998545,716.0999999999985,216.09999999999854,16.099999999998545,0,21,1
2020-12-22,22724.6,23837.0,22354.2,23828.2,5728.00766789,1103.6000000000022,1482.7999999999993,20580.92183194407,74.31425311466857,19048.9,24297.7,8883.728514005,0.23583198054052956,1.1577809873907476,4547.100000000002,19392.54480240443,72.40385850534848,17572.0,24297.7,7280.125916671532,0.28464296304283376,1.228729918780211,5279.700000000001,17914.696999214553,70.70642350884503,17572.0,24297.7,6412.873150959528,0.268611343296296,1.3300922701089903,5045.299999999999,16228.377339886303,69.49857140798329,16210.0,24297.7,7137.824672912957,0.33866292134831455,1.4683045322981714,6028.200000000001,14514.31923106898,68.11324494899159,12975.0,24297.7,7004.214666296541,0.7930095187930322,1.6417029018484013,10538.7,12967.985589883003,66.03039076262843,10384.3,24297.7,5579.527117723484,1.2185992812051918,1.8374634853534704,13088.0,11803.1338667517,63.2320535282461,9850.0,24297.7,5039.523768272503,1.0982546978742889,2.018802825503976,12472.0,10628.00477457005,57.57139473258572,3913.1,24297.7,6180.640319435871,2.3085531796723133,2.242020069186877,16626.2,1222.1433431125884,8.200000000000728,28.200000000000728,828.2000000000007,328.2000000000007,28.200000000000728,1,22,0
2020-12-23,23823.0,24080.0,22629.2,23226.7,8830.55195551,-596.2999999999993,1450.7999999999993,20800.510722470066,66.19589265272967,19302.4,24297.7,9295.128576481251,0.1948075330380612,1.1166408512704935,3787.0,19591.62367067298,67.11708189371403,17572.0,24297.7,7581.622961858456,0.2730097832342222,1.1855423721091798,4981.200000000001,18087.16828953056,67.13837868985448,17572.0,24297.7,6509.539504355717,0.20774878583982437,1.284153474341496,3995.2999999999993,16369.60610000836,66.98613884775554,16210.0,24297.7,7196.549698355309,0.3028067892440067,1.4188918082755908,5398.5,14623.484915429548,66.30248376690989,13131.0,24297.7,7063.863788197813,0.725211875422451,1.5883149696754582,9763.6,13048.310936623331,64.74398849595217,10384.3,24297.7,5635.518058034382,1.171714149470318,1.7800541474535596,12531.6,11861.1910443823,62.361098909916066,9850.0,24297.7,5052.683240052643,0.9667143667600913,1.9582097542388575,11416.800000000001,10662.577086021432,57.226235904071444,3913.1,24297.7,6192.692206429717,2.2303723174921073,2.178338295950052,16036.6,1238.4759614616892,6.700000000000728,26.700000000000728,226.70000000000073,226.70000000000073,26.700000000000728,2,23,1
2020-12-24,23225.5,23750.0,22723.0,23718.6,4800.52521058,493.09999999999854,1027.0,21042.700334072855,69.32757342905485,21264.4,24297.7,8414.734378133751,0.10948119804847023,1.1271652223072464,2340.5,19805.90653995504,69.11501066882988,18024.0,24297.7,7475.23534915384,0.31539805340653837,1.1975518490987405,5687.0999999999985,18270.010861948824,68.50317758598382,17572.0,24297.7,6497.863168449051,0.21938379439934597,1.2982258291591395,4267.299999999999,16517.911522476094,67.96200451613336,16210.0,24297.7,7135.733978028251,0.26971873962805515,1.4359321375299687,5038.399999999998,14737.445517050475,67.03248885518994,13218.3,24297.7,7033.547591827085,0.7482567995872336,1.609410529969986,10151.599999999999,13131.85287893042,65.30306668030151,10384.3,24297.7,5689.4565435465165,1.2177071743134706,1.8061883740759561,13023.499999999998,11921.436225420224,62.78324655508073,9850.0,24297.7,5022.8033265336835,1.143163068915976,1.98957571483078,12651.499999999998,10698.371885011029,57.435480699569574,3913.1,24297.7,6197.732059246267,2.2706738923592438,2.2170289325267314,16466.699999999997,1223.370535642997,8.599999999998545,18.599999999998545,718.5999999999985,218.59999999999854,18.599999999998545,3,24,1
2020-12-25,23718.7,24777.7,23410.8,24698.6,6178.77951455,979.8999999999978,1366.9000000000015,21346.125224794203,74.6704657190133,21885.6,24777.7,6812.901590615002,0.08202854614434285,1.1570530829319687,1872.3999999999978,20059.94734597706,72.69559369263196,18712.6,24777.7,7597.949124341533,0.3132733198985478,1.2312395229169533,5891.699999999997,18478.735718320513,71.0208747999138,17572.0,24777.7,6514.27567005429,0.32320072003343014,1.3365957702134825,6032.799999999999,16683.000834705672,69.79470315584855,16210.0,24777.7,7174.094096284427,0.32016655352857204,1.48046507008616,5989.899999999998,14862.256695885046,68.4206790299994,13218.3,24777.7,7049.850645691266,0.7885742010703085,1.6618337649112445,10889.499999999998,13222.407075836023,66.37737172158528,10384.3,24777.7,5758.881032474044,1.3093379211040568,1.8679352298218637,14003.499999999998,11986.336403848443,63.60223515837836,9850.0,24777.7,5032.834032523337,1.1979123098965054,2.0605628915996417,13461.3,10736.720650964731,57.84739265407906,3913.1,24777.7,6206.77290859961,2.4946727980191015,2.3003858257018863,17631.1,1233.6226402399259,8.599999999998545,98.59999999999854,698.5999999999985,198.59999999999854,48.599999999998545,4,25,0
2020-12-26,24703.8,26800.0,24500.0,26441.2,9648.05536731,1737.4000000000015,2300.0,21768.99583070615,81.29268236859424,21885.6,26800.0,7262.541317572502,0.14313136335141907,1.2146265360896205,3310.7000000000007,20391.277845403692,77.68019501720093,19002.0,26800.0,7975.460176978456,0.37972563282387384,1.2966916639782824,7277.100000000002,18737.262772663194,74.78419014645766,17572.0,26800.0,6860.641745007148,0.3805252440870883,1.4111559580931157,7288.200000000001,16879.92487688607,72.6599475782878,16210.0,26800.0,7267.928904177957,0.43311183618605753,1.5664287722160615,7991.0,15007.337530855531,70.65831013590162,13218.3,26800.0,7183.4132622543575,0.9212497729336966,1.7618848077239622,12678.7,13325.887534220054,68.15080150660216,10384.3,26800.0,5867.286148960674,1.4722723490196445,1.9841980455035837,15746.1,12059.73790742984,64.98207252166802,9850.0,26800.0,5076.129473986322,1.3613485152935922,2.192518627101335,15243.7,10779.698844383036,58.5623448012341,3913.1,26800.0,6226.136614975472,2.7169405513305316,2.4528700088664985,19327.5,1309.7924516513597,1.2000000000007276,41.20000000000073,441.2000000000007,441.2000000000007,41.20000000000073,5,26,0
2020-12-27,26442.2,28353.2,25634.6,26251.4,14257.99861732,-190.79999999999927,2718.600000000002,22141.017253480066,78.73050230429047,21885.6,28353.2,8262.900169350001,0.09969629055568352,1.1856456141767324,2379.9000000000015,20695.54995394643,76.04219855238722,19048.9,28353.2,8829.672213639225,0.36150945744796736,1.2684562651592706,6970.300000000003,18981.23344486397,73.689779287567,17572.0,28353.2,7410.184505202863,0.3536603602349313,1.3830186576786045,6858.5,17069.044669105555,71.89463556637438,16210.0,28353.2,7506.082351528839,0.4276531178281253,1.5379536763129003,7863.600000000002,15148.221543185497,70.10722851115979,13305.0,28353.2,7348.992930578721,0.9351162482124167,1.7329691096186355,12685.600000000002,13427.064990971783,67.75712171597633,10384.3,28353.2,6027.488380615955,1.454525904386121,1.955110816671489,15556.300000000001,12131.782992950724,64.71299980036034,9850.0,28353.2,5138.818209477573,1.2349225268176403,2.1638534101090996,14505.400000000001,10822.001933765097,58.45407201677572,3913.1,28353.2,6250.420947647647,2.817441505373217,2.4257434216579226,19374.7,1410.4215622476913,1.4000000000014552,51.400000000001455,251.40000000000146,251.40000000000146,1.4000000000014552,6,27,1
2020-12-28,26238.0,27460.9,26056.4,27029.5,7871.34149982,791.5,1404.5,22546.741556304944,81.4672195493916,21885.6,28353.2,8512.305310346252,0.15113689114890105,1.198820678034583,3548.7999999999993,21024.42438438905,78.09370505155606,19302.4,28353.2,9009.056063186918,0.39042783582051155,1.2856237824075605,7589.799999999999,19242.546346394833,75.24894683875573,17572.0,28353.2,7635.5643474514345,0.4093573044956358,1.4046737637227562,7850.9000000000015,17270.05027963781,73.09174319358259,16210.0,28353.2,7471.760156802957,0.40971012527511497,1.565108355930442,7855.700000000001,15297.088740670668,71.05000619837162,13540.7,28353.2,7400.488185089267,0.9276769031080176,1.7669702031691914,13007.7,13533.533783727247,68.51129898779489,10384.3,28353.2,6088.134585997303,1.5085615643764676,1.9972241124857082,16254.6,12207.391657753153,65.30605545933176,9850.0,28353.2,5162.806400209586,1.2961814552096165,2.2141912668815733,15258.0,10866.27712709242,58.76742513236133,3913.1,28353.2,6255.036554998336,3.088502669752386,2.487466469321725,20418.4,1409.9985935157135,9.5,29.5,29.5,29.5,29.5,0,28,1
2020-12-29,27028.9,27400.0,25850.0,27376.2,8698.45260361,347.2999999999993,1550.0,22947.567080642693,82.60684326676567,22354.2,28353.2,8251.714054573751,0.20514524940460732,1.1929892133573088,4660.100000000002,21354.224362711415,78.96323669063402,21264.4,28353.2,8767.11558674461,0.2805721743279339,1.2820039508343892,5998.100000000002,19506.63161513845,75.91666419203699,17572.0,28353.2,7745.6802383742925,0.49429327802188805,1.4034304097255952,9055.7,17473.99603854395,73.6078063676292,16210.0,28353.2,7523.9587396511915,0.46213828684961067,1.566682282610908,8652.8,15448.433793353002,71.45852020860978,14120.1,28353.2,7422.556791909813,0.9328969943445384,1.7721019726788847,13212.900000000001,13641.875406617626,68.83974680135832,10384.3,28353.2,6128.960326281797,1.5787436064091334,2.0067768678432514,16760.1,12284.355132487593,65.5657223468738,9850.0,28353.2,5186.650006944308,1.3593053819968115,2.228541889643034,15772.7,10911.338152139639,58.90589555100822,3913.1,28353.2,6248.367963671387,2.7563907298398718,2.5089681593848976,20088.300000000003,1419.9986939788769,6.200000000000728,76.20000000000073,376.2000000000007,376.2000000000007,26.200000000000728,1,29,0
2020-12-30,27376.2,28972.1,27346.0,28879.9,10428.39122144,1503.7000000000007,1626.0999999999985,23439.92672731318,86.66990519186578,22629.2,28972.1,8839.261998767503,0.21200510319705224,1.232081496498363,5051.700000000001,21744.97614807658,82.26994576167738,21885.6,28972.1,8108.265541109226,0.2652084008726814,1.3281182652644359,6053.700000000001,19810.964969580007,78.55171076212098,17572.0,28972.1,7874.082519374769,0.5569938269940966,1.45777351301895,10331.400000000001,17704.171289208767,75.69111971110857,16450.8,28972.1,7292.479386372368,0.6825268284725543,1.6312483384976728,11715.300000000003,15616.722166734557,73.13326871742171,14365.0,28972.1,7359.5574849636305,0.8500422795059706,1.8492933210733276,13269.500000000002,13761.129807520974,70.20306705318193,10504.1,28972.1,6202.691381469438,1.7310114612096688,2.098657625060411,18305.100000000002,12368.534697049823,66.65570173950374,9850.0,28972.1,5243.666693833544,1.454104350781781,2.3349491841493974,17111.9,10960.336556298473,59.497403087235234,3913.1,28972.1,6261.872089942952,3.0392598394360686,2.6349464591398757,21730.100000000002,1434.7202158375285,9.900000000001455,79.90000000000146,879.9000000000015,379.90000000000146,29.900000000001455,2,30,0
2020-12-31,28880.0,29291.7,27844.0,28959.2,7612.52438637,79.20000000000073,1447.7000000000007,23898.00409339471,86.85497702011503,22723.0,29291.7,8687.008552625002,0.24680647702859204,1.211783205276301,5732.5,22119.55658258209,82.42774995317473,21885.6,29291.7,8228.387605318458,0.2519919586692896,1.3092125012489513,5828.700000000001,20107.991891198468,78.68087500904207,17572.0,29291.7,8002.722234531435,0.5871968430571923,1.4401835925085997,10713.7,17931.30180437801,75.79493523987894,16660.0,29291.7,7341.022798091192,0.6891543495759498,1.6150082306310565,11815.0,15783.894595664786,73.2176803344945,14365.0,29291.7,7322.597436022902,0.8564541771372891,1.8347309546754038,13360.0,13880.063411546933,70.27243766561843,10527.0,29291.7,6274.501424750337,1.7441675352980197,2.0863881627448917,18406.2,12452.666755738077,66.71165918773488,9850.0,29291.7,5285.291497152017,1.4777925133689842,2.325542035938275,17271.7,11009.373946550118,59.52820649076674,3913.1,29291.7,6272.939685620644,3.0268650490162,2.630412968130183,21767.7,1435.647343277705,9.200000000000728,59.20000000000073,959.2000000000007,459.2000000000007,9.200000000000728,3,31,1
2021-01-01,28959.4,29670.0,28672.3,29398.9,5856.86897657,439.5,997.7000000000007,24354.556212394924,87.91795158761227,23410.8,29670.0,8819.051523373751,0.23948715354194605,1.207121153989159,5680.300000000003,22497.518186793222,83.31953855182564,21885.6,29670.0,8197.752310969996,0.23154808034685725,1.3067619172881975,5527.4000000000015,20409.651153915198,79.40302221699191,18024.0,29670.0,7987.165320285244,0.6304189889914873,1.4404410824219496,11367.400000000001,18162.72202941692,76.37141405597035,16660.0,29670.0,7365.126408474133,0.6578732187064722,1.6186395383018366,11666.0,15954.480635055885,73.68460782419612,14726.6,29670.0,7290.060517953631,0.9814184521442582,1.8426735832066792,14561.600000000002,14001.498981054716,70.65554513881648,10527.0,29670.0,6326.440944219549,1.753634183807276,2.099696613896794,18722.5,12538.578798228065,67.0206800137241,9850.0,29670.0,5277.84991823646,1.4707657139015184,2.344675618592006,17500.2,11059.43125637805,59.6986076986972,3913.1,29670.0,6284.885696514862,3.1154756071953527,2.6582650878222562,22255.4,1404.3653901864404,8.900000000001455,98.90000000000146,398.90000000000146,398.90000000000146,48.900000000001455,4,1,1
2021-01-02,29398.7,33245.0,29028.7,32238.8,19615.91350889,2840.0999999999985,4216.299999999999,25008.916569154837,92.43405080002623,24500.0,33245.0,10498.693272666253,0.30528855886568484,1.2890922287997977,7540.200000000001,23003.309752057547,87.69054951118054,21885.6,33245.0,9254.661013819226,0.37299143551938396,1.40148527961792,8758.099999999999,20793.722579171677,83.25062945012792,18712.6,33245.0,8702.994514179529,0.7142006391271287,1.5504102200676873,13431.899999999998,18446.78228511445,79.6038945435327,16660.0,33245.0,7786.641482887074,0.7719273174967847,1.7476652297249131,14044.599999999999,16158.51006474738,76.39213865895589,14824.7,33245.0,7564.826384164176,1.0825963656565527,1.995159199135234,16758.699999999997,14144.197074471336,72.933994630024,10527.0,33245.0,6521.293673769549,1.9853504954162422,2.279295164671267,21439.8,12638.425956697272,68.89848374931135,9850.0,33245.0,5363.617605191738,1.830025369347858,2.550855629526889,20847.1,11117.031687258665,60.76829655500169,3913.1,33245.0,6324.888572243828,3.2927829560585886,2.8999467579955893,24728.8,1605.2178623159803,8.799999999999272,38.79999999999927,238.79999999999927,238.79999999999927,38.79999999999927,5,2,0
2021-01-03,32215.4,34771.0,32002.0,33082.7,12135.92577129,867.2999999999956,2769.0,25679.007949956103,93.28629672201068,25634.6,34771.0,10809.677073163752,0.25117997670302383,1.2883169032258721,6641.499999999996,23526.65674767624,88.64816253570109,22354.2,34771.0,9358.718177011533,0.4563547439921465,1.406179397047888,10366.599999999999,21192.723820437302,84.1731156924137,19002.0,34771.0,9055.16185171572,0.7262850851331395,1.5610404910810256,13918.599999999999,18742.14028306642,80.42382847261298,17572.0,34771.0,7746.932887125014,0.6786346730532116,1.765150591146216,13374.599999999999,16370.555370547954,77.10508917832,15100.0,34771.0,7649.0399329198135,1.1590364748187354,2.020866076389726,17759.799999999996,14292.37186698321,73.55117904381788,10540.0,34771.0,6620.039551432357,2.1194202953212513,2.314710273976589,22477.299999999996,12742.01662453914,69.41951911983236,9850.0,34771.0,5419.774582449723,1.8577216108356507,2.596347263924289,21506.1,11176.717888271436,61.0761152859942,3913.1,34771.0,6337.075304828152,3.51702621518296,2.9599655579314694,25758.699999999997,1688.3451578648387,2.6999999999970896,82.69999999999709,82.69999999999709,82.69999999999709,32.69999999999709,6,3,0
2021-01-04,33082.7,33652.3,27920.0,32048.0,16125.62840498,-1034.699999999997,5732.300000000003,26207.60853897134,80.56925065661603,25850.0,34771.0,11043.130796621252,0.22081108055189436,1.2228509881908476,5796.5999999999985,23969.106070506023,80.34582715648932,22629.2,34771.0,10158.535156787686,0.34496101258173084,1.3370544527497024,8219.8,21545.17533217628,78.60001610627322,19048.9,34771.0,9672.894530965721,0.6621458319286764,1.4874791922504549,12766.900000000001,19010.657219766137,76.53703314523611,17572.0,34771.0,7845.038035540896,0.706232796852456,1.6857912711549192,13265.099999999999,16566.978961073746,74.30287855665344,15300.0,34771.0,7874.2896672345405,1.0923567086905144,1.9344504556504183,16731.3,14431.28267187484,71.52861900066316,10540.0,34771.0,6776.760029299997,2.003589536921621,2.220731221796273,21378.1,12839.813681350615,68.0127402574018,9850.0,34771.0,5501.92162782521,1.717175656656436,2.495986374517927,20253.4,11233.380485908623,60.492620148824166,3913.1,34771.0,6366.941336917224,3.418402658100451,2.852925710137002,24794.7,1977.1990751602075,8.0,48.0,48.0,48.0,48.0,0,4,0
2021-01-05,32047.9,34499.0,29910.5,34050.0,10982.67553728,2002.0999999999985,4588.5,26858.49532184293,85.06988010871355,25850.0,34771.0,11432.04755130375,0.25973473427181415,1.2677553076589705,7020.5,24492.53114100851,83.57100248632689,22723.0,34771.0,10324.08312461615,0.46598526695570186,1.3902197287804674,10823.3,21951.184749631466,81.13728516215622,19302.4,34771.0,9932.100439612388,0.7515702402814857,1.5511691231413676,14610.3,19314.15643295333,78.59888704762423,17572.0,34771.0,7968.041476808248,0.7705419262248197,1.762955587431442,14818.599999999999,16786.023524203887,76.02031162149532,15425.3,34771.0,7958.104564195812,1.1675886610604316,2.028473268305806,18341.3,14584.759256422793,72.98245248358376,10842.0,34771.0,6852.654507940447,2.1141109007600076,2.334628868488533,23115.9,12947.228411421567,69.2277494716493,9850.0,34771.0,5553.540392773682,1.8923092604862135,2.6299064879370126,22277.4,11295.2700644969,61.211525414752636,3913.1,34771.0,6387.1588932566665,3.7343613131074367,3.0145361558928436,26857.9,2163.7205697916215,0.0,50.0,50.0,50.0,0.0,1,5,0
2021-01-06,34049.7,36989.0,33373.4,36876.7,12345.59200165,2827.0,3615.5999999999985,27689.965804478015,89.13191961684356,27346.0,36989.0,11887.939976058751,0.3470350158166582,1.3317712365696135,9500.499999999996,25135.54797101078,86.86732384822602,23410.8,36989.0,10904.472877775379,0.5547587125715683,1.4671134300525484,13158.099999999999,22435.789685141895,83.95721213760012,21264.4,36989.0,9956.001068388101,0.7249755591002007,1.6436550938263428,15498.599999999999,19668.57469750564,81.02463524730257,17572.0,36989.0,8182.743351426779,0.8958475783109612,1.874904540219515,17425.399999999998,17037.738013790364,78.12296806815644,15735.0,36989.0,8009.080809312539,1.26129214241038,2.1644129032945543,20568.899999999998,14759.137037820265,74.81860558050481,11060.1,36989.0,6954.998151436403,2.3341802137393532,2.4985674911414884,25816.499999999996,13068.38263173905,70.80449161985084,9850.0,36989.0,5617.21620943764,2.1097796480102544,2.8218258555146623,25018.399999999998,11364.598427980109,62.185660327912906,3913.1,36989.0,6410.178948944147,4.124966993259676,3.244874883498571,29681.199999999997,2267.426243377934,6.69999999999709,76.69999999999709,876.6999999999971,376.6999999999971,26.69999999999709,2,6,0
2021-01-07,36873.4,40376.9,36201.0,39489.0,16175.89556871,2615.5999999999985,4175.9000000000015,28669.237936796162,91.55781032862643,27844.0,40376.9,12606.3780194675,0.3673523800290166,1.3773997093001547,10609.099999999999,25880.814878169367,89.06406901527124,24500.0,40376.9,11673.481805018457,0.5988355615298033,1.5258020346689016,14790.400000000001,22989.47709531535,85.98964183148377,21885.6,40376.9,9821.832199531435,0.729985718165967,1.7176989209574853,16662.8,20068.557775876558,82.87304335808636,17572.0,40376.9,8486.913309893544,1.1155803662312893,1.9677049263334616,20823.2,17319.02659365273,79.79092020435635,15735.0,40376.9,8193.224892410903,1.4162047064870222,2.2800935021643984,23145.6,14952.57288080512,76.3226046167029,11202.9,40376.9,7092.244630851458,2.4941379462903153,2.640950177256298,28187.5,13202.114544776989,72.13328360908686,9850.0,40376.9,5715.97060663021,2.3137251611170786,2.9911117545653028,27572.2,11440.752013952,63.04562208961586,3913.1,40376.9,6442.668342784491,4.449464561713403,3.451608771157976,32242.6,2403.7457974223676,9.0,89.0,489.0,489.0,39.0,3,7,0
2021-01-08,39489.0,41989.0,36618.0,40666.7,14072.21903592,1177.699999999997,5371.0,29664.978779847428,92.4285728161791,27920.0,41989.0,13413.83985066125,0.40427567059863523,1.3708656359338596,11707.499999999996,26648.534786390283,89.89001331336851,25634.6,41989.0,12013.802087219225,0.5380050829765668,1.5260388732805286,14225.499999999996,23563.425084461494,86.78231130494409,21885.6,41989.0,10203.79798449667,0.7581418473444153,1.7258399343148536,17536.199999999997,20484.235423404545,83.61443184775155,17572.0,41989.0,8830.967758205896,1.1232548425834072,1.9852681420335416,21513.699999999997,17611.54464282636,80.47448279049901,15801.0,41989.0,8381.567984095447,1.5290079041797,2.309093314910603,24586.6,15153.694714146988,76.95030433982134,11202.9,41989.0,7225.855110738537,2.5745917057820433,2.6836161587731415,29290.1,13341.094566390098,72.69741823231122,9850.0,41989.0,5765.6344024408345,2.305778876090296,3.0482281493192205,28364.999999999996,11519.81944661756,63.42164295487131,3913.1,41989.0,6473.305109414916,4.5707045108971105,3.5301508142942746,33366.6,2615.6925261779124,6.69999999999709,66.69999999999709,666.6999999999971,166.6999999999971,16.69999999999709,4,8,0
2021-01-09,40644.2,41418.0,38765.2,40252.1,5989.36250679,-392.09999999999854,2652.800000000003,30543.667035222115,88.7457669783541,27920.0,41989.0,13430.40154193875,0.36917027507831923,1.3178542037399237,10853.199999999997,27354.865706130087,87.3733184758071,25850.0,41989.0,11377.753155639994,0.5333315556503653,1.471478618554494,14000.699999999997,24105.276678487513,85.00456787964288,21885.6,41989.0,10191.142494196194,0.6861990239406823,1.669846006618233,16380.599999999999,20883.157753132564,82.32190183616818,17572.0,41989.0,8927.196048017073,1.075610145981261,1.9274910660463698,20859.199999999997,17895.201886848095,79.51016988448444,15884.3,41989.0,8452.589024873085,1.5216980009146552,2.249323603864055,24289.8,15349.98823736237,76.2307720533422,11207.0,41989.0,7238.285342501458,2.489320203193537,2.622288654399427,28716.3,13477.23811049843,72.17941627570748,9850.0,41989.0,5765.1756384011815,2.366404616542611,2.986672764106217,28295.1,11597.483868406527,63.194669731619456,3913.1,41989.0,6481.184446167701,4.446096603977811,3.470761456254611,32861.1,2618.3430600223473,2.099999999998545,52.099999999998545,252.09999999999854,252.09999999999854,2.099999999998545,5,9,0
2021-01-10,40256.8,41437.5,34875.0,38170.5,14578.12038267,-2086.300000000003,6562.5,31176.663334452012,72.23150505792192,27920.0,41989.0,12800.67740116125,0.18399258036899635,1.22432922312823,5931.700000000001,27916.440322666313,75.82631833692257,25850.0,41989.0,11893.65922355153,0.4121792855953681,1.3673125784954776,11141.0,24561.949464992937,76.71941663452887,21885.6,41989.0,10605.524399473337,0.625611672565128,1.5540500990934263,14689.8,21232.022262848208,76.22655212531029,17572.0,41989.0,9263.659447136779,0.9902651914112606,1.7977797652742076,18991.9,18149.22417567352,74.91934558813713,16210.0,41989.0,8597.108780625085,1.282774458618153,2.1031477505888203,21449.4,15528.455205975744,72.77536167944032,11207.0,41989.0,7363.157757736178,2.3399104002239994,2.4581002742185856,26741.9,13602.129920461495,69.6695540671154,9850.0,41989.0,5825.122692771042,2.2465085818293162,2.8062149253978705,26413.1,11669.249559134163,62.07630242252496,3913.1,41989.0,6509.939843046082,4.2943257000984785,3.271032966307748,30960.8,2900.068555735037,0.5,70.5,170.5,170.5,20.5,6,10,0
2021-01-11,38170.3,38249.9,30302.0,35439.3,27061.98196231,-2731.0,7947.9000000000015,31530.444942980015,56.47341031013845,27920.0,41989.0,14666.434425038751,0.07123360547960123,1.1239708181755381,2356.600000000006,28307.0458963911,63.83498602110174,27346.0,41989.0,13306.238404989992,0.2945295548688278,1.2519603822212406,8063.100000000002,24915.117691679498,67.63724674793916,22354.2,41989.0,11380.705319117147,0.5600961432640288,1.422401468801213,12723.200000000004,21518.729993119978,69.29099676019175,17572.0,41989.0,9871.77600796266,0.9344068120411562,1.6469048132176363,17118.800000000003,18365.84453656671,69.55265155978405,16210.0,41989.0,8904.77612075181,1.0039412376730303,1.9296308388889905,17754.500000000004,15684.15749374195,68.64631222218756,11207.0,41989.0,7635.563632748762,2.0997104897184493,2.2595603247506566,24006.200000000004,13712.548152028547,66.60932304788518,9850.0,41989.0,5990.3229571725005,1.9869780692143015,2.584443066823969,23574.700000000004,11733.389881670986,60.66394570658502,3913.1,41989.0,6574.687447485155,3.9438918572046378,3.020380329759654,28271.000000000004,3260.627944611106,9.30000000000291,39.30000000000291,439.3000000000029,439.3000000000029,39.30000000000291,0,11,0
2021-01-12,35444.0,36626.6,32416.8,34046.4,13744.95201747,-1397.5999999999985,4209.799999999999,31739.25904019144,50.10258680167076,29910.5,41989.0,14368.849876600001,0.06235646530204697,1.07269044803116,1998.4000000000015,28605.047427538153,58.70570691140836,27844.0,41989.0,13561.35846622307,0.1788960488090332,1.1902235116458308,5166.5,25211.594188386476,63.605137775962184,22629.2,41989.0,11762.464573859053,0.4288280272953895,1.350426305674998,10218.2,21771.54264798364,66.12943833043585,17572.0,41989.0,10048.629204934423,0.8355338706633961,1.5638028297068418,15497.900000000001,18562.298886060486,67.0575074649648,16210.0,41989.0,8903.596271455992,0.9127191011235956,1.8341693671125743,16246.400000000001,15827.74084222531,66.6945372483398,11207.0,41989.0,7752.803475235166,1.9602991044257023,2.1510587227439864,22545.4,13815.338794543046,65.13988573395392,9850.0,41989.0,6058.023273975904,1.9547241531932618,2.4643912470281273,22523.7,11793.546751195545,59.96628280853977,3913.1,41989.0,6606.298368237781,3.7455396966993764,2.8868669212294953,26872.0,3328.4259485674556,6.400000000001455,46.400000000001455,46.400000000001455,46.400000000001455,46.400000000001455,1,12,1
2021-01-13,34038.2,37820.0,32349.9,37390.1,13128.53982254,3351.9000000000015,5470.0999999999985,32208.255992348983,61.89562521597275,30302.0,41989.0,14637.082912257501,0.09809397944199705,1.1608855819104875,3340.0999999999985,29061.189193761435,65.84317979063775,27920.0,41989.0,13985.667345928456,0.2911302798419846,1.2865991047615675,8430.899999999998,25607.008612789992,68.35944363136966,22723.0,41989.0,11967.130662765245,0.609789595594725,1.4601510299537557,14163.399999999998,22086.730444216093,69.56409241611728,17572.0,41989.0,10290.318894771483,1.0492779041407472,1.6928761861985524,19144.6,18798.182440401062,69.71395250736784,16210.0,41989.0,9018.044248402719,1.0972448143951716,1.9890274029706818,19561.899999999998,15996.337086794845,68.84510684286542,11254.6,41989.0,7858.863647432357,2.301000273684768,2.33741635957809,26063.199999999997,13934.482549071989,66.90476628694103,9850.0,41989.0,6129.905247998265,2.2032091975292776,2.683278684251545,25717.399999999998,11862.496960942788,61.0445927142313,3913.1,41989.0,6630.359928654013,4.3858375466344,3.1519586578699843,30447.8,3481.402666526923,0.09999999999854481,90.09999999999854,390.09999999999854,390.09999999999854,40.099999999998545,2,13,0
2021-01-14,37390.1,40115.0,36676.6,39151.6,10488.49678433,1761.5,3438.4000000000015,32784.525471623085,66.64231523682207,30302.0,41989.0,14404.9460100925,0.06168935940580367,1.1942097509963348,2274.9000000000015,29585.108404160226,68.9100275700701,27920.0,41989.0,14341.94640806384,0.3317369017208125,1.3233549617311708,9752.699999999997,26046.777406252582,70.4916837409299,23410.8,41989.0,12237.986451991435,0.6506707815807005,1.5031264478269615,15433.0,22431.10529114834,71.15190092989215,18024.0,41989.0,10416.934559730013,1.1712891329063027,1.7454155509425489,21120.1,19053.178392340622,70.97002668616537,16210.0,41989.0,9083.866740814174,1.095887624329504,2.0548592572743107,20471.399999999998,16177.377198508155,69.88129125505742,11355.7,41989.0,7963.723675499998,2.445260869947817,2.4201450902443247,27787.699999999997,14061.894460136346,67.7703787683196,9850.0,41989.0,6194.357045588681,2.3599025110275815,2.784233668584964,27499.0,11935.943511848795,61.59105339892135,3913.1,41989.0,6636.6411100322875,4.3377869880569335,3.28014286940402,31816.8,3478.3310474892855,1.5999999999985448,51.599999999998545,151.59999999999854,151.59999999999854,1.5999999999985448,3,14,0
2021-01-15,39121.5,39686.1,34371.0,36739.8,13486.03839009,-2381.699999999997,5315.0999999999985,33112.79726549392,55.771147394604455,30302.0,41989.0,14068.713862765002,-0.06961938767758102,1.109534773079582,-2749.199999999997,29956.59777595287,60.8112500709687,27920.0,41989.0,13870.417552771532,0.1396143777063663,1.2264343325894047,4501.000000000004,26393.960832456763,64.26555362318086,24500.0,41989.0,12585.951160350482,0.487525608738957,1.3919775145995108,12041.200000000004,22719.85957884102,66.2745680655041,18712.6,41989.0,10678.773911288246,0.9535276946227182,1.6170786563406288,17932.9,19274.762565403,67.08980286461642,16210.0,41989.0,9240.439520745993,0.9637815561744003,1.9061090830735137,18031.100000000002,16338.135369403943,66.80460530206405,11416.6,41989.0,8103.309734665615,2.1922946589161434,2.248714383209347,25230.9,14176.448047052685,65.41154381354372,9850.0,41989.0,6273.022621396459,2.1228580171358633,2.591608270143401,24975.000000000004,12002.644212648185,60.427364281760234,3913.1,41989.0,6664.687967484649,3.998476231939267,3.0609755108198757,29389.600000000002,3609.528829811479,9.80000000000291,39.80000000000291,739.8000000000029,239.8000000000029,39.80000000000291,4,15,0
2021-01-16,36744.6,37947.5,35342.2,36014.6,8842.42252093,-730.0,2605.300000000003,33353.63515987556,52.81070547586173,30302.0,41437.5,13414.989298391252,-0.11439580787228865,1.0797803545961187,-4652.0999999999985,30271.144309564224,58.56900289732301,27920.0,41989.0,13617.071148897687,0.08862335903659613,1.1897336827343232,2931.9000000000015,26706.325876022252,62.522063797168194,25634.6,41989.0,12547.587691475244,0.36206374899777605,1.3485419210111187,9573.399999999998,22988.151911004086,64.89641307000923,19002.0,41989.0,10799.42128887354,0.8792742680324148,1.5666592138170248,16850.5,19484.48409854731,65.98493076048223,16210.0,41989.0,9283.798622964174,0.9519896803286683,1.8483732911709534,17564.399999999998,16491.957819750653,65.92198008703741,11678.8,41989.0,8153.6211448529175,2.063247427064727,2.1837674091592185,24257.6,14286.732259332271,64.72935921712427,9850.0,41989.0,6297.914701141805,2.178693733451015,2.5208423694280975,24684.6,12067.16040995589,60.08510426296312,3913.1,41989.0,6680.4395033651,3.9020130939579962,2.984513238946133,28667.699999999997,3537.7981991106594,4.599999999998545,14.599999999998545,14.599999999998545,14.599999999998545,14.599999999998545,5,16,0
2021-01-17,36010.5,36873.9,33850.0,35816.4,9017.89627085,-194.09999999999854,3023.9000000000015,33558.03468414358,51.94938420757968,30302.0,41437.5,13793.556018898753,-0.11019797724839198,1.0672973056113895,-4435.699999999997,30559.067768636505,57.93650395978711,29910.5,41989.0,13070.32252319538,0.11758612081877184,1.1720383707764548,3768.4000000000015,27002.113780647476,62.03906995193768,25850.0,41989.0,12298.059008310005,0.36436151976656483,1.3264294895931354,9565.0,23247.030256061626,64.51862599158173,19048.9,41989.0,10971.911116230009,0.8575911125402598,1.5406871159666053,16535.300000000003,19689.09411192745,65.6838183409472,16210.0,41989.0,9335.746165936174,0.9478349775394557,1.8190984204957807,17428.600000000002,16643.019291391898,65.68211323570854,11905.7,41989.0,8195.373772094827,2.003370956110487,2.152037402163258,23891.0,14395.431634561368,64.54410147004981,9850.0,41989.0,6341.493648768055,2.122751645668948,2.4880393245041685,24346.9,12130.916542999237,59.99199022767624,3913.1,41989.0,6688.460249588576,3.6171219367563454,2.952489193462441,28059.100000000002,3501.09118488847,6.400000000001455,16.400000000001455,816.4000000000015,316.40000000000146,16.400000000001455,6,17,0
2021-01-18,35815.6,37400.0,34754.5,36622.5,7464.62633774,806.9000000000015,2645.5,33812.372915099186,55.335362965218735,30302.0,40115.0,12904.369263282504,-0.04055487876763464,1.083109431330267,-1548.0,30873.896241724884,59.84704704932392,30302.0,41989.0,12799.703353999994,0.07555066079295147,1.1861962517871683,2572.5,27314.47061141387,63.25140754094816,25850.0,41989.0,12278.691619639529,0.354908525869883,1.340772827744155,9593.0,23516.951702180104,65.36353552281679,19302.4,41989.0,11028.536848054715,0.8839025293600209,1.557280912245313,17182.8,19901.2387472289,66.32047323870722,16210.0,41989.0,9307.13398806781,0.9100282677403542,1.8402120825317676,17448.7,16799.192032293096,66.18817234035473,12735.0,41989.0,8150.059534604602,1.8582299227347225,2.1800155584626064,23809.5,14507.624362490964,64.95488618080225,9850.0,41989.0,6360.641677602431,2.232946971636402,2.524362299777102,25294.6,12196.609853361471,60.24323563803178,3913.1,41989.0,6680.698631917541,3.4880514705882355,3.002678649256505,28462.5,3439.977528825008,2.5,22.5,622.5,122.5,22.5,0,18,0
2021-01-19,36622.5,37860.0,35900.0,35925.6,6298.67637683,-696.9000000000015,1960.0,33987.762218936325,51.733473347957016,32349.9,40115.0,10308.956065097504,0.013722054329515343,1.057015750804094,486.29999999999563,31136.193257676678,57.405049537204825,30302.0,41989.0,12334.55599824461,-0.025791353347777823,1.1538212042392975,-951.0999999999985,27594.058667831036,61.4693720640268,27346.0,41989.0,12164.416561221433,0.3122931597519012,1.3019324352557755,8549.399999999998,23767.362354737976,64.00592107211514,21264.4,41989.0,10865.448541568538,0.6804861049391668,1.5115518274091657,14547.5,20101.993795193655,65.2544522686049,16210.0,41989.0,9295.769907887083,0.9187540724441072,1.7871660078111125,17202.199999999997,16948.68781579324,65.34564072889427,12735.0,41989.0,8209.897144640894,1.7668918138338428,2.119668518911745,22941.5,14615.706589859832,64.30627101415506,9850.0,41989.0,6385.71579128743,2.1151344883200665,2.458013218801523,24393.0,12260.203912762316,59.91707104559368,3913.1,41989.0,6664.8770081017055,3.4665249337958297,2.930261213894092,27882.3,3334.2648481946503,5.599999999998545,25.599999999998545,925.5999999999985,425.59999999999854,25.599999999998545,1,19,0
2021-01-20,35925.5,36396.7,33374.0,35511.8,9170.19074567,-413.6999999999971,3022.699999999997,34114.25119276794,49.545008802785006,32349.9,40115.0,9737.110906122503,0.043041261337468883,1.0409667150345758,1465.4000000000015,31363.38563601239,55.936858097134916,30302.0,41989.0,11795.655627241533,-0.10071665527108808,1.1322693414586045,-3977.199999999997,27851.133647233855,60.40828269851662,27844.0,41989.0,12104.502252851433,0.22963722173553247,1.2750576134457277,6631.9000000000015,24004.369002360032,63.20283430423219,21885.6,41989.0,10576.529392479419,0.5557473429655397,1.4793890227445095,12685.600000000002,20295.048753833715,64.62622630668477,16450.8,41989.0,9129.7972081189,1.0688976148584883,1.7497765307556534,18347.200000000004,17093.772313181977,64.84991372805291,12801.0,41989.0,8269.144573804939,1.7445552206507462,2.077470048703927,22572.800000000003,14721.129463050314,63.92459948436724,9850.0,41989.0,6439.053678469444,2.093119877361531,2.4123013175812207,24030.9,12322.466054398607,59.724560284105046,3913.1,41989.0,6672.947436080963,3.542312611921208,2.8818744432510544,27693.800000000003,3312.0102161807467,1.8000000000029104,11.80000000000291,511.8000000000029,11.80000000000291,11.80000000000291,2,20,0
2021-01-21,35511.8,35614.1,30056.1,30832.6,19513.43295565,-4679.200000000004,5558.0,33841.88741215563,32.03293238973656,30056.1,40115.0,10535.222547761254,-0.17538064888834215,0.9110780266033647,-6557.5,31335.82592643756,42.592236456382054,30056.1,41437.5,12214.210544143842,-0.24182193293284182,0.9839408756093134,-9834.099999999999,27947.936557186258,50.13312721408886,27920.0,41989.0,12671.21218472191,0.0646910135639105,1.103215614394688,1873.3999999999978,24142.164961647803,55.14214674936846,21885.6,41989.0,10972.485139655892,0.33298458744947146,1.2771265563374539,7702.0999999999985,20427.063226424165,58.175669917180116,16660.0,41989.0,9376.186018441083,0.7984274565159062,1.5093995479543714,13688.399999999998,17201.145238743076,59.672765762394214,12801.0,41989.0,8468.01924766966,1.3480949516027079,1.79247367381993,17701.699999999997,14802.393678235692,59.877816015064276,9850.0,41989.0,6565.137518925069,1.6323176614218267,2.0829468983340105,19119.5,12371.99006626398,57.62536541506552,3913.1,41989.0,6703.401806985022,2.763791061902611,2.49212938539892,22640.699999999997,3472.438057882122,2.599999999998545,32.599999999998545,832.5999999999985,332.59999999999854,32.599999999998545,3,21,1
2021-01-22,30832.5,33850.0,28800.0,33000.0,15251.54979223,2167.5,5050.0,33772.01416086983,42.74577411216445,28800.0,39686.1,11130.604173748754,-0.15712256970340932,0.9771404169975645,-6151.5999999999985,31422.233980909226,48.729885482961556,28800.0,41437.5,12926.68648917769,-0.18016699749826715,1.05021177106788,-7252.0999999999985,28111.968072101892,53.94327422373182,27920.0,41989.0,13118.577937848575,0.12249097755358185,1.1738772580902634,3601.0999999999985,24320.918992224353,57.71577796530272,21885.6,41989.0,11237.08578639501,0.38240160861278083,1.356856622504702,9128.5,20584.576320482338,60.05658819685544,16660.0,41989.0,9561.8988105989,0.8609477299257311,1.6031420557907672,15267.099999999999,17324.610790659204,61.1265793640985,12801.0,41989.0,8599.965112778422,1.5308301122768269,1.9048046965529748,19960.8,14894.157898513371,61.028569282781255,9850.0,41989.0,6653.944477607847,1.8309413308855702,2.2156338226610197,21343.1,12427.134227852841,58.30596963805128,3913.1,41989.0,6731.106772758602,3.111534723779622,2.6554794850479166,24973.8,3585.121053747685,0.0,0.0,0.0,0.0,0.0,4,22,0
2021-01-23,33000.1,33496.4,31350.0,32100.5,6099.11396014,-899.5999999999985,2146.4000000000015,33633.2852437915,39.77244813467649,28800.0,37947.5,10207.238620005004,-0.12627450339958313,0.9544265380951912,-4639.300000000003,31457.451238559694,46.4949675717258,28800.0,40115.0,12274.455225906151,-0.1590233295345882,1.0204418583236037,-6070.0,28241.468610210653,52.20509758601465,27920.0,41989.0,12474.920816479527,-0.004289861905529935,1.1366441470538158,-138.29999999999927,24477.913493037297,56.33379119609188,21885.6,41989.0,11243.645009580008,0.36710149186353047,1.3114067099359157,8619.8,20728.846581819394,58.936236537013336,16660.0,41989.0,9576.711773895082,0.7643259939980873,1.5485907463927258,13906.3,17440.075456222978,60.21543426018086,12900.0,41989.0,8616.487992216626,1.4541666666666666,1.8406170363526657,19020.5,14980.902637703222,60.30572500402869,9850.0,41989.0,6668.290893233541,1.6914595700439348,2.1427614060591376,20173.7,12479.682421814765,57.91886859024698,3913.1,41989.0,6741.104243350114,2.9255622271409876,2.5722209039460497,23923.2,3482.355264194279,0.5,0.5,100.5,100.5,0.5,5,23,0
2021-01-24,32101.1,33088.2,30950.0,32292.0,4828.26804529,190.90000000000146,2138.199999999997,33521.963991647564,40.77478917295741,28800.0,37860.0,9705.469310550003,-0.1033636358587906,0.9633087132975255,-3722.5999999999985,31500.78308465884,47.055009799428156,28800.0,40115.0,10564.169539981534,-0.08880818752063391,1.0251173728987863,-3147.300000000003,28372.982160577594,52.546902327104064,27920.0,41989.0,12126.937115241431,-0.023900709434235945,1.1381249886685378,-790.6999999999971,24635.604318249436,56.561936939539905,22354.2,41989.0,11068.500462388833,0.4215468324228191,1.3107857872225566,9575.900000000001,20873.707909618686,59.10167472720225,17572.0,41989.0,9419.298137860356,0.6385141134863332,1.5470179107526805,12583.900000000001,17556.127737944313,60.34271286302004,12900.0,41989.0,8585.357924419097,1.3657836127065992,1.8393577719423193,18642.4,15068.15459877427,60.40626343741319,9850.0,41989.0,6658.922981200833,1.833402065473945,2.1430626947925537,20895.1,12532.557655461003,57.978421748793046,3913.1,41989.0,6746.710025296453,2.9846989141164855,2.5766488284160345,24188.0,3386.3441738946876,2.0,92.0,292.0,292.0,42.0,6,24,0
2021-01-25,32297.8,34872.7,31908.7,32274.4,9134.64789835,-23.399999999997817,2963.9999999999964,33418.421224497375,40.70363680590803,28800.0,37860.0,9720.063263987502,-0.09889324443550995,0.9657667483208707,-3542.0,31540.951197852617,47.00602225836833,28800.0,40115.0,10209.530761587688,-0.05204661873208327,1.0232538580573094,-1772.0,28499.654259158826,52.51066324445045,28800.0,41989.0,11794.033281592383,0.007064403394907659,1.1324488257477054,226.40000000000146,24789.757709614285,56.53396740660091,22629.2,41989.0,11168.695763284715,0.3544623597250316,1.301924785956376,8446.2,21016.533341795934,59.079394178946295,17572.0,41989.0,9352.8362203969,0.7182863136150435,1.5356671566673348,13491.5,17671.129222601954,60.324774297670764,12975.0,41989.0,8595.140029190894,1.428563903833854,1.826391488254185,18984.9,15154.85742224702,60.3921069741801,9850.0,41989.0,6648.975035022015,2.170342138092946,2.129640622855471,22094.300000000003,12585.20100991782,57.97086170096393,3913.1,41989.0,6729.726753508096,2.661096931541036,2.564472349274837,23458.9,3356.1767329022096,4.400000000001455,74.40000000000146,274.40000000000146,274.40000000000146,24.400000000001455,0,25,0
2021-01-26,32266.9,32932.8,30816.2,32501.0,8854.20510657,234.09999999999854,2116.600000000002,33342.27897218587,42.18804875198282,28800.0,37860.0,9893.76061009125,-0.11254010512662982,0.9747684022172669,-4121.5,31590.79931801581,47.764520712854406,28800.0,40115.0,9880.73578343615,-0.13075921166298032,1.0288122080363162,-4889.0999999999985,28629.5708389742,52.9493277010304,28800.0,41989.0,11692.677546796669,-0.0454919236417034,1.1352248408752086,-1549.0,24945.373089703848,56.81722638809515,22723.0,41989.0,11169.391444198245,0.399294777131491,1.3028869074487694,9274.3,21160.407680824545,59.280693645754404,17572.0,41989.0,9390.175248985628,0.6899965681125657,1.5359344909716577,13269.599999999999,17786.996242449706,60.47776286152585,13131.0,41989.0,8632.267611838422,1.4140799667238602,1.8272337586958312,19037.9,15242.244474673074,60.51208747249268,9850.0,41989.0,6659.824455280556,2.106101150655606,2.1322975139261504,22037.4,12638.264209013778,58.04149003365916,3913.1,41989.0,6731.908260449714,2.6889776738590063,2.571634795925524,23690.7,3267.635537694909,1.0,1.0,501.0,1.0,1.0,1,26,0
2021-01-27,32509.2,32579.0,29255.0,30424.2,11215.32690868,-2085.0,3324.0,33100.09021588498,33.42389228189499,28800.0,36396.7,10508.3419265725,-0.15313314182644122,0.9191576156308844,-5501.399999999998,31530.2265816542,41.82129129229921,28800.0,39686.1,9936.645793001535,-0.222912984399105,0.9649217052471886,-8727.399999999998,28687.839256084935,48.626815387318054,28800.0,41989.0,11638.855399512384,-0.17497498420411794,1.0605260203954456,-6452.499999999996,25055.937595362768,53.52356843975461,23410.8,41989.0,11358.062082377655,0.28271483139814335,1.2142511085129284,6705.600000000002,21276.46152296349,56.67802444225096,17572.0,41989.0,9502.349769786719,0.5641216782425855,1.429946420703623,10972.900000000001,17885.726325439042,58.39074724413044,13218.3,41989.0,8685.609307318311,1.2425149259231962,1.7010324012800848,16857.2,15318.710666794224,58.866362181278,9850.0,41989.0,6691.0036439225005,1.9938595973312863,1.986080986955995,20262.0,12685.613468793357,57.15881676790661,3913.1,41989.0,6748.4984811016775,2.489894239372319,2.3983231141989005,21706.4,3271.6615707167016,4.200000000000728,24.200000000000728,424.2000000000007,424.2000000000007,24.200000000000728,2,27,1
2021-01-28,30422.6,33872.1,29900.0,33430.4,8816.48779189,3007.800000000003,3972.0999999999985,33127.50459245646,50.45187060957699,28800.0,35614.1,10464.129057350001,-0.058611503781841545,1.0091433209736091,-2081.4000000000015,31628.88830872135,51.31978721229062,28800.0,37947.5,9577.449593139994,-0.09007670156070535,1.056957793574487,-3309.4000000000015,28841.821768792397,54.29741574904961,28800.0,41989.0,11288.407410140002,-0.15342500443161378,1.1590946046332125,-6058.5999999999985,25224.936957501945,57.221917918083044,24500.0,41989.0,11435.641737593538,0.3535342084166715,1.325291716539166,8731.800000000003,21428.721574156458,59.31172900950355,17572.0,41989.0,9556.574693623992,0.7909974391668186,1.5600744022134223,14764.600000000002,18007.16481439756,60.39174332811084,13218.3,41989.0,8725.32139990112,1.4208963654401807,1.8565054712705717,19621.300000000003,15409.911497598954,60.434837927462176,9850.0,41989.0,6734.887879532501,2.2605163316460386,2.169408955087695,23177.300000000003,12740.794165397465,58.08397957219443,3913.1,41989.0,6750.269784548415,2.755591754198731,2.6238866718993963,24528.9,3321.69288709408,0.4000000000014552,30.400000000001455,430.40000000000146,430.40000000000146,30.400000000001455,3,28,0
2021-01-29,33430.5,38621.0,32000.0,34261.7,20784.44273084,831.1999999999971,6621.0,33221.638225498406,54.1573646613318,28800.0,38621.0,10623.005279248751,0.11121669920798105,1.0313067575849801,3429.0999999999985,31765.590436009425,53.58968995104498,28800.0,38621.0,10496.06653236384,-0.04867192749607108,1.0785790388193441,-1752.9000000000015,29017.795575698554,55.71667579344175,28800.0,41437.5,11608.037109898098,-0.15749987090174522,1.1807133974261312,-6405.0,25407.30175263703,58.17026043115678,25634.6,41989.0,11763.182542403243,0.29576948096152966,1.3484981732247094,7820.499999999996,21589.487738162188,59.99668648441687,17572.0,41989.0,9891.303328851991,0.7888424789850152,1.5869621556345705,15108.699999999997,18134.142005898666,60.917381886772084,13218.3,41989.0,8932.988043434829,1.4894968210717527,1.8893477281062079,20499.199999999997,15504.816912456246,60.85053113368211,9850.0,41989.0,6850.957965734723,2.301568793724825,2.2097455386574003,23884.299999999996,12797.992244373127,58.333460616702716,3913.1,41989.0,6795.015510454913,2.846301514420108,2.6771152338417603,25353.999999999996,3557.3576808730745,1.6999999999970896,61.69999999999709,261.6999999999971,261.6999999999971,11.69999999999709,4,29,0
2021-01-30,34266.3,34902.0,32865.2,34296.5,5251.37596528,30.19999999999709,2036.800000000003,33310.84740689589,54.32080179611255,29255.0,38621.0,9372.98355088,0.03928787878787876,1.0295895382385278,1296.5,31897.00155155458,53.68762438320551,28800.0,38621.0,10206.334201166146,-0.04243586736802141,1.0752264580282618,-1519.9000000000015,29189.185720168432,55.77704004061965,28800.0,41437.5,11572.894893635717,-0.14795749786967638,1.1749728248261013,-5955.5999999999985,25586.6886346106,58.21021812871205,25850.0,41989.0,11498.281876166773,0.3064636552717188,1.3404040081063016,8045.0999999999985,21748.67521658183,60.02537903274431,17572.0,41989.0,9937.371970889628,0.76850806222896,1.576946625873163,14903.599999999999,18260.392325236175,60.93932862530882,13305.0,41989.0,8934.11455024157,1.5281590470152886,1.8781907523751091,20730.7,15599.397764479048,60.86786284564243,9983.2,41989.0,6849.0064666440285,2.3878774707852184,2.1985784655158676,24173.2,12855.083927711747,58.34386727817962,3913.1,41989.0,6786.312787081916,2.9395001033793564,2.6679327955274506,25590.7,3448.7464179535696,6.5,96.5,296.5,296.5,46.5,5,30,0
2021-01-31,34297.4,34373.2,32200.0,33122.0,4625.29985591,-1175.4000000000015,2173.199999999997,33295.17383567225,47.75396364180765,29255.0,38621.0,9188.75678785125,0.031821934237784566,0.9947988307096114,1021.5,31960.606515928524,49.842119844196,28800.0,38621.0,9987.92447179461,-0.09558331626732197,1.0363382804857806,-3500.5,29316.87720531312,53.206821985784444,28800.0,40115.0,11098.951059028099,-0.13226182523152696,1.1297929096621953,-5048.5,25738.75363688893,56.33883833065907,25850.0,41989.0,11402.810063110597,0.2254018757283709,1.2868532978430376,6092.5,21891.154324300445,58.581027691541394,17572.0,41989.0,9964.407153495265,0.7270290845004328,1.513031222991867,13943.400000000001,18376.475783935937,59.793236537846695,13540.7,41989.0,8929.465082310897,1.362178892866822,1.8024130627350254,19100.2,15687.57079377576,59.965630844424695,10134.6,41989.0,6859.116545458682,2.237827111254484,2.111353021791084,22892.3,12908.860954074713,57.854887017117036,3913.1,41989.0,6788.556308286452,2.838273808144251,2.565834438672528,24492.6,3357.6359595283147,2.0,22.0,122.0,122.0,22.0,6,31,1
2021-02-01,33121.8,34700.0,32325.3,33533.9,5477.65375934,412.09999999999854,2374.7000000000007,33314.987142092716,50.16845264610427,29255.0,38621.0,9269.9300021075,0.03845844171931123,1.0065710023231764,1241.9000000000015,32042.295824295503,51.170916691995586,28800.0,38621.0,9924.76888583384,-0.06657369675106328,1.0465511018275262,-2391.699999999997,29453.796435466626,53.98758212301432,28800.0,40115.0,10071.125906505718,-0.053765170305282606,1.1385255572561892,-1905.4000000000015,25896.06218612671,56.84019401340618,27346.0,41989.0,11308.08068533795,0.2249289528860836,1.2949420556290256,6157.700000000001,22037.008030292367,58.93398985161879,17572.0,41989.0,9947.891423769994,0.8304031003520647,1.5217083895374477,15213.400000000001,18494.86357510341,60.05966441465523,14120.1,41989.0,8906.914234343032,1.3676614913191139,1.813146653600688,19370.600000000002,15777.35215408034,60.17410916416386,10134.6,41989.0,6871.363509958126,2.2399590342122297,2.1254453645016387,23183.800000000003,12963.543587277203,57.97872606550006,3913.1,41989.0,6791.092474564993,2.844175942590534,2.5867849924083366,24810.600000000002,3287.4262481334354,3.900000000001455,33.900000000001455,533.9000000000015,33.900000000001455,33.900000000001455,0,1,1
2021-02-02,33534.1,36000.0,33462.1,35500.0,6824.95472103,1965.9000000000015,2537.9000000000015,33496.33437484483,60.20171188292764,29255.0,38621.0,8981.218354942499,0.09994298887043596,1.0598174595086407,3225.5999999999985,32221.828419777907,57.05415553837595,28800.0,38621.0,9744.366114707685,-0.0003322839168953262,1.1017376027677541,-11.80000000000291,29650.10591200857,57.5384464580183,28800.0,40115.0,9741.60222572286,0.04269467550166817,1.1972975781385715,1453.5999999999985,26089.872717834958,59.1472128225354,27844.0,41989.0,11202.097258855305,0.2292286330631339,1.3606812261576235,6620.0999999999985,22205.664100973692,60.56765908614768,17572.0,41989.0,9931.40072196272,0.9139013936436908,1.598691209529886,16951.5,18627.676021894076,61.29771475558407,14365.0,41989.0,8827.49402779865,1.2741249423461283,1.9057664497855236,19889.6,15876.550201998729,61.146625529704,10134.6,41989.0,6900.130634739862,2.4140524321517183,2.2360021256715354,25101.8,13023.245292291133,58.5614756621383,3913.1,41989.0,6800.978528018175,3.0997805751241483,2.725895059429892,26841.0,3233.8886589810472,0.0,0.0,500.0,0.0,0.0,1,2,0
2021-02-03,35500.0,37676.0,35394.8,37670.9,7014.21979274,2170.9000000000015,2281.199999999997,33842.806443109475,68.26485413586447,29255.0,38621.0,8751.22019071375,0.15906895172456226,1.113113951212221,5169.9000000000015,32504.757760766817,62.46397215256798,28800.0,38621.0,8782.888179099225,0.22178797766000935,1.1589349558380253,6838.300000000003,29910.526831024526,61.02553298500378,28800.0,40115.0,9450.444129065718,0.007510009334021683,1.2594529080954224,280.8000000000029,26323.581536752885,61.48904176509405,27920.0,41989.0,11184.500064925012,0.3008266802950359,1.4310704623306685,8711.7,22399.402316181426,62.25626996409857,17572.0,41989.0,9969.63943877472,1.0646680003288482,1.6817814809632836,19425.4,18776.39844623357,62.59258382182186,14365.0,41989.0,8797.931024592246,1.414925124365352,2.0062899766358844,22071.7,15986.143235128024,62.173663203223356,10134.6,41989.0,6934.476841680279,2.6057334290500123,2.3564720674603863,27223.4,13088.48681772612,59.18807164088118,3913.1,41989.0,6804.024999533214,3.489922646929119,2.8781707560709924,29280.800000000003,3165.83946905383,0.9000000000014552,70.90000000000146,670.9000000000015,170.90000000000146,20.900000000001455,2,3,0
2021-02-04,37676.0,38735.1,36202.0,36979.0,7172.51303209,-697.0,2533.0999999999985,34103.097828058955,63.5733662700292,29900.0,38735.1,8245.86845614,0.2154469139698003,1.0843296461348106,6554.799999999999,32737.071539276472,59.86041716907243,29255.0,38735.1,8161.42381293461,0.12057575757575756,1.1295756847289853,3979.0,30140.02758350303,59.393245273011416,28800.0,39686.1,9292.540140863814,-0.05549198500189001,1.2269066409295604,-2172.5999999999985,26538.611266292963,60.352983230433416,27920.0,41989.0,11223.195478322657,0.25783617754405763,1.3934037327328996,7580.0999999999985,22582.04515999175,61.40270424856224,18024.0,41989.0,9987.620327071994,1.0507999889082993,1.6375399011917267,18947.5,18918.54847248995,61.92475616876577,14726.6,41989.0,8792.606457869886,1.4922998119603972,1.9546425590616698,22141.7,16091.682045278028,61.65063494801558,10134.6,41989.0,6967.426293523404,2.5803915493503222,2.298019554198884,26650.8,13151.673029413976,58.90344142097013,3913.1,41989.0,6810.894104899208,3.388261261688898,2.811733527536439,28552.2,3120.643792692842,9.0,79.0,979.0,479.0,29.0,3,4,1
2021-02-05,36975.8,38340.0,36582.9,38296.7,4809.54280306,1320.8999999999942,1757.0999999999985,34451.14985273817,68.3131417903676,32000.0,38735.1,7745.00033253625,0.14556511438690523,1.111623274221606,4866.299999999996,33025.741268307924,63.038883120336195,29255.0,38735.1,8062.226031620764,0.19302503076276056,1.159601526847489,6196.199999999997,30404.860230175367,61.45490399734586,28800.0,38735.1,8879.373684338576,0.042376387459920783,1.259558495256372,1556.8999999999942,26775.893222859537,61.7400136528617,27920.0,41989.0,10787.713986974715,0.18790711813094774,1.4302678786941359,6057.899999999998,22778.90646624508,62.4025979836783,18712.6,41989.0,9991.730188271085,1.0363111411237362,1.6812352277204332,19489.799999999996,19069.870971727618,62.69146465156404,14824.7,41989.0,8796.041872878313,1.4739310469570608,2.008230682670977,22816.6,16203.289677742749,62.259506853710114,10134.6,41989.0,6971.994422132224,2.5875464875549183,2.363513876605275,27621.799999999996,13218.12352261458,59.27738765875441,3913.1,41989.0,6816.98570350194,3.6002042042042035,2.8972871931843476,29971.699999999997,3023.247807500496,6.69999999999709,96.69999999999709,296.6999999999971,296.6999999999971,46.69999999999709,4,5,1
2021-02-06,38311.7,40986.0,38221.4,39257.0,9126.76729633,945.3000000000029,2764.5999999999985,34850.015983925136,71.41137646630108,32200.0,40986.0,6287.7909032225,0.14579836960804649,1.126455724384965,4995.300000000003,33349.28371045312,65.21361865924578,29255.0,40986.0,8392.879820162303,0.21568809612287865,1.177146721975775,6965.0,30692.27346491223,62.89640250125523,28800.0,40986.0,8892.913911738575,0.09003015443736717,1.2790515516838161,3242.4000000000015,27027.765902958807,62.71931140532692,27920.0,41989.0,10699.20932594648,0.1866322881747864,1.4524692917997497,6174.300000000003,22985.330801690663,63.11191822664009,19002.0,41989.0,10071.482108512904,1.048465620613543,1.7079153804091647,20092.9,19227.50267470437,63.237090786280454,15100.0,41989.0,8814.273184188425,1.5619823923669802,2.041710806866581,23934.1,16319.137055119028,62.69417839233498,10134.6,41989.0,7005.646109222154,2.6398954122315765,2.405580630115841,28471.8,13286.880778294064,59.546358512871,3913.1,41989.0,6831.866606650402,3.5686454781384196,2.9545685443442586,30664.3,3004.7729641076035,7.0,57.0,257.0,257.0,7.0,5,6,1
2021-02-07,39257.0,39704.4,37410.5,38874.9,5135.54003709,-382.09999999999854,2293.9000000000015,35184.0650838295,68.37139037058127,32200.0,40986.0,6273.31141219875,0.13349467146793415,1.1049007528657284,4578.4000000000015,33636.18744301436,63.60054420900682,29255.0,40986.0,8085.256138526918,0.20451193515603694,1.1557463242783073,6600.5,30957.94879564633,61.92879966091117,28800.0,40986.0,8708.03980536905,0.08539384192716182,1.255732421311681,3058.5,27266.844804955268,62.06802359540238,28800.0,41989.0,10375.971432773245,0.2130210933599601,1.4257205143491767,6826.9000000000015,23184.381859282144,62.633037858841426,19048.9,41989.0,10107.523888446722,1.0162179543698233,1.6767710364654804,19593.800000000003,19380.912106063555,62.867102603776864,15300.0,41989.0,8829.988319238088,1.538072822474815,2.005834389385498,23558.2,16432.456905735486,62.40618809715934,10134.6,41989.0,7012.455163578056,2.5498625708832905,2.365738746372817,27923.800000000003,13354.39326029336,59.38986169184285,3913.1,41989.0,6828.811760194196,3.3719944218268525,2.9110195605506695,29983.100000000002,2953.996323814203,4.900000000001455,74.90000000000146,874.9000000000015,374.90000000000146,24.900000000001455,6,7,1
2021-02-08,38867.1,46727.2,38075.0,46425.8,13678.90387894,7558.700000000004,8652.199999999997,36117.08362923652,83.87472190124868,32325.3,46727.2,7405.0119150775,0.4016605277459091,1.2854249384194092,13303.800000000003,34300.255917612005,76.2023725889376,29255.0,46727.2,8456.38681332461,0.42844220177840686,1.3535117671283015,13924.800000000003,31460.1624145586,71.1410034258431,28800.0,46727.2,9003.957783521431,0.26768516622295047,1.4757012182020988,9803.300000000003,27653.478548158295,68.68815971585803,28800.0,46727.2,10455.272266351481,0.363459618208517,1.6788412321853061,12375.800000000003,23475.52961441212,67.58376346356765,19302.4,46727.2,10255.51575068745,1.3881952910795947,1.977625244778215,26986.100000000002,19592.071503018582,66.75465159402438,15425.3,46727.2,8912.078742547414,1.955419608242566,2.3696218132343536,30717.100000000002,16583.109609741357,65.55485547512399,10134.6,46727.2,7083.920152690141,3.241813463928076,2.799583497459865,35481.0,13441.580335367731,61.39994220546677,3913.1,46727.2,6843.793359909128,3.938967435823786,3.453894470863935,37025.9,3361.0108721131887,5.80000000000291,25.80000000000291,425.8000000000029,425.8000000000029,25.80000000000291,0,8,0
2021-02-09,46425.7,48222.0,45050.0,46502.8,10574.2177171,77.10000000000582,3172.0,36979.05609643294,83.96631489128437,33462.1,48222.0,8042.0824097975,0.3867399855072031,1.257544267185493,12968.900000000001,34933.84233775543,76.2930436260804,29900.0,48222.0,8407.07072166461,0.5284806174032515,1.331167626807006,16078.600000000002,31948.57010350261,71.21558056949215,28800.0,48222.0,9207.554990200955,0.29441957823947273,1.455551840014955,10577.200000000004,28033.863771240623,68.74546984745947,28800.0,48222.0,10403.173022688245,0.26103474551681694,1.6588080893689114,9626.100000000006,23763.993704067514,67.62830932707772,21264.4,48222.0,10232.434640137268,1.1752541151926508,1.956859633069186,25124.700000000004,19802.172952025983,66.7905089776721,15735.0,48222.0,8923.677834647076,1.851567961343652,2.3483685407990667,30195.000000000004,16733.35917320165,65.58445491780645,10134.6,48222.0,7141.001243954446,3.252773281388607,2.7790475013811866,35568.100000000006,13528.670931095668,61.419467280728476,3913.1,48222.0,6856.991162733188,4.010591645206823,3.43735169824504,37221.9,3347.510095533675,2.8000000000029104,2.8000000000029104,502.8000000000029,2.8000000000029104,2.8000000000029104,1,9,0
2021-02-10,46504.5,47340.0,43734.8,44847.5,6451.55893098,-1657.0,3605.199999999997,37632.10512669986,73.68368306174065,35394.8,48222.0,7995.40793604125,0.26330985915492966,1.1917350849496016,9347.5,35448.58408556969,70.07510046262438,32000.0,48222.0,8225.153116979225,0.3415184981334354,1.2651422096787328,11417.099999999999,32367.375416381903,67.29045740898223,28800.0,48222.0,9078.096332358575,0.26289008160667704,1.3855772803037223,9335.699999999997,28373.168215548896,66.06716829752658,28800.0,48222.0,10117.163121578538,0.1356960166122212,1.5806306739979408,5358.5,24028.107220341346,65.65291535199333,21885.6,48222.0,10004.400405887813,0.9647378889171214,1.8664599582789314,22021.3,19997.700896424856,65.26016451010263,15735.0,48222.0,8928.212530519886,1.7440740604770122,2.2426328022546698,28504.1,16874.51067053203,64.38671036634172,10134.6,48222.0,7173.112284020835,3.0473526040773598,2.657706695952803,33766.8,13611.1059555254,60.75703599459363,3913.1,48222.0,6852.840694781835,3.720789473684211,3.294919615389097,35347.5,3365.9165172812695,7.5,47.5,847.5,347.5,47.5,2,10,1
2021-02-11,44839.5,48703.6,44046.2,47962.8,7962.97492388,3123.300000000003,4657.4000000000015,38489.511032070004,79.17022675394983,36202.0,48703.6,8114.002327433749,0.2732055777801965,1.2461265085970232,10291.900000000001,36098.35328194321,74.33911522752099,32200.0,48703.6,7238.886362597686,0.39989551014689884,1.3286700261751696,13701.100000000006,32873.7311160049,70.50313129675827,28800.0,48703.6,8528.074521321907,0.5555872680215099,1.4590008000840782,17130.200000000004,28768.49310573584,68.45055876112946,28800.0,48703.6,9937.479471224422,0.17941214802282968,1.6671988978956014,7296.100000000006,24327.9365811192,67.4740707169874,21885.6,48703.6,10039.16472174654,1.0735738527053025,1.9715112229133198,24832.300000000003,20216.012687162573,66.7119206689182,15801.0,48703.6,8975.961136481797,1.9827426446352945,2.372515329417902,31882.700000000004,17030.560223062745,65.57808389704795,10134.6,48703.6,7212.446668757918,3.392801208957275,2.8162784648181387,37044.3,13701.452009454346,61.53978612862246,3913.1,48703.6,6861.046297343692,4.1355883203237935,3.5005632955473964,38623.5,3458.165337475465,2.8000000000029104,62.80000000000291,962.8000000000029,462.8000000000029,12.80000000000291,3,11,0
2021-02-12,47979.9,48925.0,46263.0,47470.4,5332.29630267,-509.5,2662.0,39234.888504835966,76.29686349094017,36582.9,48925.0,7883.975236256249,0.2837123772952217,1.2099027627961516,10491.400000000001,36688.81821459579,72.56853890080528,32200.0,48925.0,7245.111003935377,0.38411791290656483,1.2938656056551587,13173.900000000001,33347.658994350466,69.37233096299863,29255.0,48925.0,8055.729117057145,0.43849696969696983,1.423500222550618,14470.400000000001,29145.903417415026,67.67646087798929,28800.0,48925.0,9918.153994632656,0.17932728975631096,1.6287160264051335,7218.300000000003,24617.840721745983,66.90300010799587,21885.6,48925.0,10022.385967193266,0.9885805248937019,1.9282925962741884,23598.9,20428.76589692079,66.2692269828058,15884.3,48925.0,9012.467777365504,1.9739072690025874,2.3237037537913716,31508.100000000002,17183.321602129596,65.2307613903379,10134.6,48925.0,7204.856031434654,3.557887662025924,2.7625857851672175,37055.4,13790.195037471216,61.34586803229605,3913.1,48925.0,6870.73269140332,4.062375361252413,3.4423298489261187,38093.3,3401.2963847986466,0.4000000000014552,70.40000000000146,470.40000000000146,470.40000000000146,20.400000000001455,4,12,1
2021-02-13,47438.2,48224.1,46285.0,47199.9,2631.80889729,-238.29999999999563,1939.0999999999985,39895.9522547629,74.59708750308502,37410.5,48925.0,7611.758498034998,0.2324795609021144,1.1830749069127717,8903.200000000004,37234.57970787824,71.55429062666833,32325.3,48925.0,7091.765545579993,0.42503170098424015,1.2676361696655127,14077.900000000001,33797.416623452016,68.73641036204646,29255.0,48925.0,7890.619352159525,0.47037896605971885,1.3965534859030617,15099.400000000001,29510.23868485183,67.2460336283479,28800.0,48925.0,9566.791892121477,0.2365544071992769,1.5994414855149448,9029.400000000001,24900.72377105181,66.58767041117764,21885.6,48925.0,9963.398849473995,1.0101572781049968,1.8955232158702138,23719.2,20637.736646354253,66.02579921868758,16210.0,48925.0,8967.549519848426,1.8227748174462208,2.287067657118208,30478.800000000003,17333.92624942005,65.04020138300547,10134.6,48925.0,7201.066915247571,3.48135770234987,2.722978009761591,36667.4,13877.924595132254,61.23957684259572,3913.1,48925.0,6869.041495683188,4.063171783484585,3.4010777098872254,37877.7,3296.8537858844575,9.900000000001455,99.90000000000146,199.90000000000146,199.90000000000146,49.900000000001455,5,13,1
2021-02-14,47199.9,49700.0,47038.7,48649.7,3553.11213783,1449.7999999999956,2661.300000000003,40622.47792442381,77.64740921134548,37410.5,49700.0,6915.051603222499,0.23926178770665096,1.1976054264959035,9392.699999999997,37827.281127562565,73.68944299687381,33462.1,49700.0,6943.723882386917,0.45076176645126265,1.2861008919975419,15115.799999999996,34279.64384974448,70.27010905746428,29255.0,49700.0,7829.897642280478,0.5065558032949335,1.4192008590650111,16357.699999999997,29896.478955638464,68.35735755723827,28800.0,49700.0,8875.354544342656,0.37276131300561777,1.6272718962051778,13210.399999999994,25198.223683285996,67.42578423601842,22354.2,49700.0,9831.943021983814,1.1416396300421288,1.9306797420117112,25933.6,20856.3826163647,66.68907338081215,16210.0,49700.0,8893.536417404495,1.750933004614132,2.332604886229294,30964.899999999998,17491.015615171367,65.5828534416148,10192.4,49700.0,7195.833506636529,3.755266013078283,2.781410815150276,38419.0,13969.158792032049,61.597153939989326,3913.1,49700.0,6865.215935574222,4.241859713392953,3.4826506537923807,39368.7,3251.457086892711,9.69999999999709,49.69999999999709,649.6999999999971,149.6999999999971,49.69999999999709,6,14,0
2021-02-15,48655.4,49043.3,45710.5,47937.1,5337.99924266,-718.3000000000029,3332.800000000003,41229.56198218249,72.74092270788996,38075.0,49700.0,6940.359003918748,0.23311185366393228,1.1626875885976231,9062.199999999997,38352.20805300027,70.85741691090601,35394.8,49700.0,6829.342691743071,0.3503408450704224,1.2499176040595636,12437.099999999999,34723.077161006295,68.53494595937985,29255.0,49700.0,7649.104849152383,0.48529794512059077,1.3805544876602391,15662.699999999997,30260.54427698442,67.20266605618926,28800.0,49700.0,8628.09122743648,0.4079932092673526,1.5841453333164275,13890.699999999997,25483.06929552765,66.58958606134121,22629.2,49700.0,9824.851959706904,1.0117801596427762,1.88113525274654,24108.899999999998,21067.74974690491,66.04808651911853,16210.0,49700.0,8798.347153515955,1.6930955056179773,2.2753782713335347,30137.1,17643.709627430657,65.08283825612337,10384.3,49700.0,7201.005355981044,3.4633340161263284,2.7169513108214067,37196.899999999994,14058.213810827578,61.318373027038035,3913.1,49700.0,6869.269696590429,4.233707816099484,3.4098997671438918,38777.8,3257.267294971803,7.099999999998545,37.099999999998545,937.0999999999985,437.09999999999854,37.099999999998545,0,15,1
2021-02-16,47937.1,50599.9,47040.1,49218.7,6175.520692,1281.5999999999985,3559.800000000003,41892.628135941195,75.87436065053575,43734.8,50599.9,6002.436105551248,0.060158360222117846,1.1748773516974338,2792.899999999994,38916.423325301876,72.8875718178879,36202.0,50599.9,6764.827376301532,0.3065443087369826,1.2647282508102433,11547.799999999996,35193.72425395666,69.93679402759957,29255.0,50599.9,7521.548448458573,0.5143749423094672,1.3985078602321146,16717.699999999997,30643.125720371885,68.19808440419821,28800.0,50599.9,8423.590664773537,0.31635646869091016,1.6061905841178228,11828.599999999999,25780.40010553021,67.33172467101673,22723.0,50599.9,9776.578664006722,1.1190569473924405,1.9091519060420628,25991.999999999996,21287.45976827902,66.63145865612128,16210.0,50599.9,8790.949620948877,1.7607217778575515,2.312098321535857,31390.499999999996,17802.031593552914,65.55840262321783,10384.3,50599.9,7217.173150593266,3.6019859561855423,2.7647799489258724,38523.6,14150.323078275698,61.63151209868827,3913.1,50599.9,6867.310723689792,4.118310767246936,3.4782739395938647,39602.5,3278.876773902389,8.69999999999709,18.69999999999709,218.6999999999971,218.6999999999971,18.69999999999709,1,16,1
2021-02-17,49185.6,52779.6,48967.4,52130.0,7320.83703094,2944.4000000000015,3812.199999999997,42742.28860886834,81.41931599552197,43734.8,52779.6,5595.763519781248,0.12100776727422868,1.2196352066459974,5627.199999999997,39602.505070722145,76.8553572869122,36582.9,52779.6,6776.23691467461,0.4097190297195705,1.3163308711634847,15151.0,35743.61500606287,72.82462501214965,29900.0,52779.6,7336.096549518573,0.7134386442371532,1.4584422977686406,21705.8,31076.737472645622,70.30727848395087,28800.0,52779.6,8330.424201438538,0.33149092246549317,1.6774605135396174,12978.400000000001,26110.47446057501,68.92858731175531,23410.8,52779.6,9822.402515285996,1.1978531616537236,1.9965167648988016,28411.4,21528.165608177333,67.89866213271736,16210.0,52779.6,8796.034759479664,1.790655346302502,2.4214789568600663,33449.8,17974.120906753007,66.59901866112429,10384.3,52779.6,7268.01229664146,3.8741947246870057,2.900280924471493,41434.9,14249.739905031909,62.32615317639346,3913.1,52779.6,6871.111250679422,4.344090540969994,3.6583123865714704,42375.3,3316.971290052218,0.0,30.0,130.0,130.0,30.0,2,17,0
2021-02-18,52130.0,52555.1,50904.2,51600.9,4118.2056143,-529.0999999999985,1650.9000000000015,43477.51753715331,77.70963276845471,44046.2,52779.6,5304.094355196248,0.15058587435197057,1.186840990999657,6753.4000000000015,40225.49155939054,74.70292122102043,37410.5,52779.6,6723.057130923839,0.347398078685631,1.2827910362217538,13304.200000000004,36258.472847439894,71.51373563438018,32000.0,52779.6,7112.368826776193,0.5435322341342013,1.4231404675291885,18170.5,31490.92139225196,69.44485785803765,28800.0,52779.6,8054.899708032949,0.4044959417307661,1.6385960689195938,14861.099999999999,26429.785167952457,68.31050180542434,24500.0,52779.6,9784.93753528145,1.0892236806944524,1.9523768230461775,26902.300000000003,21762.852722188214,67.42800184185397,16210.0,52779.6,8787.536670945507,1.7581232260926734,2.371054046025434,32892.2,18142.65950754083,66.23278563433188,10384.3,52779.6,7296.610946740766,3.8247234714962923,2.8441750768983214,40905.8,14347.435231745905,62.12121163325325,3913.1,52779.6,6872.255010590748,4.265612882158456,3.5965243380799574,41801.3,3197.9661979056314,0.9000000000014552,0.9000000000014552,600.9000000000015,100.90000000000146,0.9000000000014552,3,18,1
