0,1,2,3,4,5,6,7,8,9,10,11,12,13,14,15,16,17,18,19,20,21,22,23,24,25,26,27,28,29,30,31,32,33,34,35,36,37,38,39,40,41,42,43,44,45,46,47,48,49,50,51,52,53,54,55,56,57,58,59,60,61,62,63,64,65,66,67,68,69,70,71,72,73,74,75,76,77,78
2.8312487045369927,-0.2832222763613729,1.388963265247711,1.9421082309804998,-0.14219596841992188,2.101156815729466,-0.874357010845743,0.10246040174423279,-0.06389813478418105,1.5949996513699665,3.699363521270968,-1.6849680394290532,2.7210768731450106,-0.17015439985887543,1.6914272466522093,4.062225770877914,0.1956133827314512,-0.3653521718514516,0.6484092239549727,0.3092378517058119,0.9566127041319216,2.920599703388799,-0.9522632990536389,-1.7469077048390897,-0.7188418365134154,-1.786418875405627,-1.220503811772028,-1.6855322914790656,-0.09086255327998684,-2.3790617207414617,-0.027237171806241103,-0.6202364656695258,3.0576732381422067,1.4852086937156026,-2.765080647952219,-1.9133480913394942,-0.6648706790178349,-4.322727120263981,-2.6566672494153094,-2.639397139315962,3.270624601179851,4.317089896601546,-3.387305689817518,4.310010373356121,-1.9395527921692448,4.1901773405756835,-0.32626770209095945,-4.30572556418764,-3.9081146872743497,5.2867859245765585,2.955293747231824,6.434605224726758,-0.4229844915827257,-1.7806797210928873,0.1314875681461814,-0.59136737669951,3.3023913865647954,5.462090120953,2.4603187451000608,6.093307581206278,0.6715668239251298,0.5763522458567086,-5.865755559107789,0.5849080711711152,12.63874615813326,5.362541085697302,-0.9071999055610797,-1.3550941316542118,-0.3688277086138351,6.915508859311186,-3.906193006769921,-0.5227966353074925,1.719855117992367,6.1843843546894535,14.785442047004851,8.81052722133656,5.443556408587658,-0.26118590515210743,-0.05495002382613118
3.0754851052167145,0.07437299255604077,0.6805030597920363,2.400546134790763,-2.2581535382817868,1.4426777852473787,-1.446475282237095,-1.041633335733702,-1.5183501356789277,-0.32816691832581085,0.4281590381375833,-0.5840876519677047,0.5471804030531279,0.1958151039518636,1.8657514595275093,4.788889922135376,-2.185517938132527,0.7367217405146832,0.1282997785253716,0.48118402937093663,0.7881806391194054,1.0666212142307645,-2.3695227860786985,-2.085455379143642,1.3015070214628766,0.5338914543527172,0.7628074073053872,-0.6179222019986065,-2.78441021541621,-2.1826943842317235,0.9253176202624289,-2.406594466636162,1.800789375140337,-0.11537938114683896,-3.289618019216328,-3.46098118063208,-1.1571531491162637,-1.5330986335389538,-5.122948644817503,-3.3164352769310277,4.20045362977146,3.4942208864787236,-0.0643356085043654,1.3357077129815114,-2.792436009116946,2.118869579527499,-0.3683877383513561,-1.6754570544049725,-0.9224873153535154,4.600211360759406,0.5854237023485983,2.347871473010817,-2.263203380255487,-5.643567312039821,-0.9774225570782984,-1.205712425860619,-0.02728578685701391,5.383344583481222,0.11671908695422292,11.399026042542827,0.9603576249783354,0.7426300905341638,-9.770350544841946,2.797308956659924,18.083264256718763,-1.4183606318514501,-3.700903168977578,-0.8265322140021492,-0.5026253085335324,2.00746354759725,-1.4747005049894752,4.080605075226827,4.790133254023108,10.973399555866598,25.35046827553688,-4.951675265884139,4.310101515158844,-3.302138030559977,-4.485524495215223
2.895569659846668,-0.2980160831751057,1.3662440540371168,2.232244150637836,-0.6344033579396258,1.1862232261994103,0.7440089527684564,-0.4748238179015212,-0.5479791789438349,1.5142421958643946,3.560965106906255,-1.568670400846598,0.6592711814505745,0.007305911970671316,2.051782780780814,4.78033152471336,-0.49713146234104194,-0.04064187811855892,0.7159137305756857,0.7857282165755926,-0.24829199047463918,-0.20119047092644007,-2.1100325150722554,-1.050714674998815,0.9298142940647588,0.2438927520427325,-0.07184990940036659,-0.30885474596803064,-2.5813311362053653,-1.0111935905257272,1.1125012610895464,-3.289174948237769,1.0718850392105959,0.6838092476778704,-2.939864945164975,-4.518968808064892,-2.176849318764471,-2.57164263873631,-5.814469917300286,-2.9285962191520083,5.483741507338763,3.609116718159329,-1.3900727844083787,1.0102806335534262,-4.0534466904865925,0.6662590646236305,-0.8975538597788569,-1.8332295010865263,-2.5858322456072305,4.605945640749742,0.9071167826576059,4.157202723843659,-2.2742393966539334,-5.574706384178862,-1.2933029175801856,-4.509128607248946,0.5090032227741742,10.111623537275879,-0.35403553525821374,13.775980646339164,2.59472556903202,0.3166372524583421,-10.610716410953513,1.5103656278166009,20.68069906999765,-0.7198407074177705,-5.168433944774071,-1.13030507455156,-4.96903767341119,7.3604507450464665,-3.8574955368573836,9.518809895152215,7.509719536323566,16.501322970146802,40.79978986586408,-2.271408885385536,6.684226392367896,-2.3675514722483735,-4.519020704411636
2.9659472020329067,-0.36321623531644526,1.187589115223237,2.1089473514728794,-1.3185498802655446,0.15973029024180502,-0.7149919438500587,-1.366636534234737,-1.4692611408598522,-0.7776989189324572,1.4431208680569534,-1.2967149930953177,1.2098939074170214,1.1408995157390969,-0.16432786869620677,6.808119565075951,-0.5859964392268928,-0.2710715207761755,1.1645753020279042,-0.11597507059884708,0.37222276046663794,-1.4168587158412838,-1.720155597385258,-1.0826894445649717,0.6530205709733645,-0.10656539648584308,-0.11552308187686738,-1.3318888212351117,-2.6856485269858217,-1.7891010889827341,1.7951896770956404,-1.4570231302462189,0.15738557970129702,0.9195304598392956,-5.426976595344365,-7.914241190869785,-1.6504958051108949,0.5011138119791897,-10.857290706704951,-6.2924778888894135,6.057521781039643,5.797037293344645,1.7226260992947313,5.37740819179189,-1.2191959660094451,-3.921166666994962,-2.631726850163284,1.2491343687977159,2.104484883084471,1.4381930259733204,-0.8377860695061206,2.717061304066824,-0.562199837854397,-7.158933151247707,1.1677119872924728,-2.9052442138643677,-5.501766366076839,10.247018596707768,3.6460527800137914,20.398681203422026,1.3700153626156304,-1.9503380235625305,-10.216693283392129,2.135837059283104,27.7029304940064,-5.409502008013456,-5.621086950504938,1.0725032213109604,-2.087828388191157,7.672051674747348,2.200902850764563,14.880944594123575,16.868654334150293,19.872719740604765,45.875941775075454,-6.764839963916829,6.376527170516083,-4.355949396287233,-5.062429418875747
3.20539437778504,-0.18028724381964667,1.109642414683721,1.4986661885467991,-3.122518362160283,0.6256485274490008,0.8908767100302413,-1.4755436224399812,-0.8337499730112614,-0.876907632557651,0.29030282909399685,0.8063676406531393,1.7280606003351493,1.192778914612055,-2.11091183494571,5.423329987367435,-1.1732380088652474,-0.563048944915714,2.8352247841046525,-1.1886440715847957,1.3843342656999431,-1.6936503439790054,-1.2367066612398907,-0.07041716066428824,1.3751530375204217,-0.6413939138318608,-0.8792770018613029,-2.782837340619304,-5.221276199600406,-1.3130759388324256,1.1005501397996134,-0.6830641515355378,0.629601032940049,0.5868049816953419,-5.0558398548027075,-8.375174383473588,-0.6298884757448149,1.0195314750588857,-12.825029460634413,-6.52665650772242,5.0082351076891936,4.391381955404758,9.354154615834128,6.95007867528902,1.9200562056702501,-8.329666189521255,-0.5904934710507191,5.082179521911858,8.07328947192473,-0.5496592348391307,-0.5576421770724203,0.9761036436788296,-0.4744518595643202,-8.981465417721251,0.6484318478496061,-5.308709713751389,-7.894114996605342,9.018789016729539,8.151158198055048,21.315310210885325,-3.7712910759089127,-0.12860547329312044,-13.224928637531605,0.9853981664027687,37.967412149400836,-8.400191268746685,-8.149274122011485,-0.4327045220266407,-3.182126955509764,7.307696452821287,11.250722309828443,17.95940829531835,26.25206059652181,19.42059531755484,57.63978812921481,-21.128994339640844,6.349620683041078,-5.137670037654646,-6.692089266779287
3.7478238322951523,0.40162725489407813,0.885898321030824,3.2769456053622648,-2.3191741194108295,0.799503181240518,-0.7654256886509412,-0.8879198427270818,0.25285794891276664,0.734741524371552,-0.8625812175780625,3.0171693099075974,-0.5258844762034905,2.6439821196648623,-1.2321391150264838,5.364471110736699,-2.082751669137648,0.7636921818147749,4.728431047532583,-0.4532666160841193,1.8654221004951697,-0.23441821666382515,-2.2532728374923803,0.5439335896951787,2.0023773767762383,-2.687668203558173,-2.4183283286943054,-4.378751996566768,-6.234713599804619,-1.1475706170443727,-2.7281976741073257,1.014399092091138,1.234236990248844,-0.004425973220726032,-8.22876021431128,-7.257301419269326,-2.3031268531362104,0.07754782106051446,-12.121478058942946,-4.462017307378715,4.992406627681178,3.5921429770545066,11.336775934927681,5.731455808898267,3.797120077612014,-7.970249528889447,-0.726940951713977,4.545829807498271,9.440144494148928,2.631301596996229,1.6815316811483323,0.7744101390180376,3.5720262246491865,-11.7616202315501,-10.281413193551305,-0.9597491891508362,-7.647120865894331,7.197978922006783,17.37509716740058,17.35592078072572,-5.9740155023176085,-1.7824640185364362,-22.76795602116734,2.9982499793996307,48.36071137755267,-18.915455148687126,-14.218212776290107,-4.512059480525851,-7.357906875819641,-0.6089602749462302,31.038024610332116,26.180491101331942,29.727719795314428,17.871157812659924,81.33711373025882,-46.431245502117875,8.670897278016142,-7.366343952951653,-14.219385624328703
3.784441752564206,0.26617708663948203,1.6564280377028044,3.0392196764312103,0.2762333732436806,0.3930556988743968,0.3398675095872528,-0.06061491919422512,0.700740278716375,2.3715518225507197,2.886733053289671,2.0045093477259184,2.0582239169567056,-0.12141921493446671,-2.2467941233589457,6.169982832581947,-0.6291901107449006,-0.3865295822479584,3.9990675376297076,-2.0472925613913966,2.1633587133294885,-0.9048969510907905,-2.5946021449576135,1.8365969829327407,1.1333170160897903,-5.544559226041398,-2.4749241097115586,-5.9563704096679855,-6.070159041470962,0.7514713827661691,-7.966734565447392,3.532741068083406,-0.1335089348508473,1.1797562791234986,-8.735326457601026,-6.365574773424825,-1.7160584047327432,-3.343130587955461,-8.362385214511647,-5.050378235134463,1.9429445360250113,4.3441911782253655,12.319581864178389,9.453883494928117,5.327728436591006,-9.892483882995618,2.0540297743272213,2.3904566405458216,8.99801686594889,6.3182011888668,5.499781363043859,9.389483040078357,1.4171450146712852,-7.631859723441615,-11.33398810820159,-6.618350380083358,-0.2162264692244449,9.596408186908919,20.455309181065445,17.929136256257046,-7.653893084026882,3.0590691477548804,-22.380744991728942,-7.9432174076230755,50.320773542992576,-5.77268344823235,-7.2666560344436055,-10.917504090855893,-8.457793910532656,13.017831520629269,35.35597622698123,29.93101537292522,47.64251586559655,8.331722667242968,91.36896552559762,-46.09377253932158,7.547142341113703,-5.687341434108308,-7.084260381601379
3.893586048592849,0.36035024870227716,1.19484763719696,3.2369856913308728,-1.3078018836908722,1.7537548972112216,1.6587054925995437,-1.7893800290736843,-0.6965066700891298,-1.4502680066398743,1.404323330602943,-1.4702351514323535,0.2749303273941205,0.7733614681788296,0.030491091621552755,7.580617017133504,-3.3832866505115162,-0.023675071239090996,3.296413241067946,-0.0231882658890419,1.6355700363026056,-3.5591903612165803,-3.2125840919037643,1.5500929505273764,1.7216634172654093,-4.654030487220098,-1.2120189661432494,-4.948538602197443,-8.897272193912709,-2.478236836223428,-6.309925296711465,2.87137176079066,-0.2883175001089502,1.1288671019158325,-9.60229959049269,-8.48521168744765,-1.7367281852435708,-5.279190545945811,-9.962141810080524,-3.4859540133565514,2.4299413945643473,2.8058018567778493,13.189793246477741,8.336069208137388,4.0611014593901755,-5.760513253224141,0.8341046661656798,0.7344580189415212,13.938713986807496,2.2444707119459815,3.86744043275793,3.31411316205555,0.4283270199394179,-9.498009604193792,-10.296508066529713,-6.509692283906136,-3.0671212901434535,9.756232579668403,19.375781217273637,22.90867850123639,-8.585525049918491,1.9884296077356163,-29.207892599544635,-2.340348082430791,61.77164611228625,-13.170668258418258,-9.972213847488963,-9.873014952097408,-13.476217461286646,17.76309470840247,46.327466657694835,38.8099360842265,57.97815233862521,6.364479094846072,113.49607118092628,-62.43277277249516,7.908372748755522,-8.46809748316841,-17.304184958908085
3.978262994548051,0.33395282729277775,1.2506925389141552,2.728222002069189,-2.5544259522068646,0.8152736219350838,0.41479497745713606,-0.39204076127003884,0.5789936578784031,0.4015697673055324,2.035999873435317,-0.7167122912326733,0.49466953193121094,-1.3488345838227536,0.7621406585038041,4.357452281826567,-4.456021858057959,-0.3187960688207953,2.617654941872482,-2.1401166851500353,1.9797062890261552,-3.456478173874283,-2.338186478070318,2.5198373896221145,1.1325951003861725,-3.978497096565812,2.2220043835269476,-2.8153297654260276,-4.659200539215034,-2.9852449415722315,-3.837635258154831,-0.3192974150414706,-2.2556841057854013,4.319816881672076,-8.762746697206488,-8.306337496022723,1.8202083986439739,-1.7796976358522096,-11.112496208202167,5.473845627284055,0.9407300333511107,3.050574671647385,9.142230599696507,4.363592220992106,0.004931102713773733,-7.709662827281434,-6.04350789049146,3.1737341804061336,9.598926113880282,-6.7481621100640465,-2.1693796623117056,-9.817720373685077,2.0096875659877917,-15.910862793814903,-12.371831257703198,-3.3928512548592593,-13.134059271579392,11.483576120907019,10.228585337530273,33.79365721723148,-7.000992574570824,1.1305434232469471,-25.72227300876949,-11.2997429354896,76.16146783295467,-13.145275225960338,-19.291288653828015,-0.9063554886709552,-9.032187040970292,18.12583095988629,56.00665592849115,47.88235601422836,68.00044190986154,3.3451287315037015,148.15896775051132,-74.42833762261925,12.954516015611528,-8.967971612135257,-9.742362477759025
4.324057850188895,0.6800877527921069,0.8976660262684023,2.698513756570179,-3.5680349802528024,1.1489278235777336,-0.87572926247393,-1.1755747880776037,-0.5026250897390281,-1.2658405475183616,0.8533191826822408,0.6548082388658162,1.1446995089366905,-1.0972834764367523,-0.40150692427181306,3.043612959254067,-6.73270677989022,-0.29565731065205,3.3541408665125636,-4.386258680914052,-2.2773092189483757,-2.2790156836336735,-4.736099510966365,0.9365725375574271,0.4813878575131813,-3.4039556969792812,2.890464022070712,-2.5677011999769337,-5.2088514610597185,-3.514802810451944,-4.12266551125008,-0.10456668504524247,-1.9772044098279091,-0.25814970367450535,-7.122358815006996,-10.004041361973352,0.16219996120129654,-0.1482274802792133,-11.543134553244654,6.254497248908444,0.5168136130895468,2.5332894500860297,18.190161380428787,4.115797404336575,6.500420968594472,-13.900773772770648,-3.222431959305789,6.010955689384419,15.136379820360643,-1.7127248087936817,-2.6205992655795063,-7.871129524623494,5.007371248309549,-19.046614994796677,-23.30242435397312,0.390519321382182,-16.677866606807424,14.20808899580566,14.684761379482673,33.762319719588206,-8.96716704782188,-1.6478161236455995,-38.46138330269727,-6.644403691859459,92.56977377697159,-27.20976303477461,-27.75721066534734,-0.8490777811476997,-10.222819533243863,14.251039492340464,78.85458414382897,63.933701468499216,83.69438926471028,-3.0427338546699154,186.79563097596278,-116.78428244157197,10.644270351322923,-11.822679776441364,-22.504812054364383
4.349143811644542,0.5397523249970069,1.0167112812333516,2.7812095041898672,-2.858029743768978,-0.496983662829303,-1.118165143253845,-0.28890160041389445,-0.27005204472769556,0.006117622998777876,3.6681938413161053,-1.3375631454179078,2.002628724047367,-2.188415420033922,1.0465490417547232,2.851589609753965,-6.719529752718449,-0.5585373356405029,3.3006694656731064,-4.736987319487576,-0.25961421002398133,-1.873835644159083,-4.848885319065374,1.0925984461493117,0.9050697461451586,-4.750121094691093,4.133817745798005,-1.8630292079486277,-4.321840908146201,-3.0536552646124115,-3.942235198385751,-0.5144642112943952,-1.8754074266852843,0.3820615692825678,-5.744190856349775,-9.430168763567112,-0.2263204044291137,-0.29198936398502595,-9.445614531644987,7.512852887350374,2.589968500805826,3.043268253944367,16.570983051850142,2.1888252819707925,5.6087831183974375,-10.14104431199535,-4.354801870471717,3.9145261882179887,12.209757694673048,-4.616372721796763,-3.638500910233665,-10.449734581102149,5.182262732184357,-18.211350379349028,-22.164371725255133,-4.6337949348763905,-15.125676847332098,16.094258414249644,7.01951911648696,39.693530759082144,-9.928738928459477,-2.372155539380147,-38.22628825126661,-13.274974252937426,97.68491560297792,-20.392692111677395,-26.54866237024074,1.6908272353639897,-12.102512340556013,31.198859716234068,88.46248067366552,77.25952670900749,105.6661396071304,-17.395225275820753,213.97085180420655,-125.73275708953025,15.357502734790112,-10.466880769717962,-20.82850039471555
4.430183625539915,0.4064140733643799,1.2389422751733015,2.5561696928330107,-4.089363714017017,-0.1918296793759109,1.8484363235935932,1.814568032685734,-1.7581451851044532,-0.4956566751217786,1.8573234172243145,-0.9638938867324662,-0.09563357183734725,-0.35517672977859205,0.9052650987970053,1.1044673891536567,-6.251448428110283,0.14493443063622202,2.672752182407245,-3.7904115335657607,-0.357998657965563,-3.7318196950402696,-5.89252587774476,2.1507265217500295,2.442200342114172,-5.337205745613312,4.708686474688964,-0.3964221639403062,-5.130645062929325,-3.2124965283355227,-3.979186018551862,-0.9295791559209318,-1.0176191665718404,4.697876098081885,-7.146045019606022,-9.849938395084633,-1.9457715414394157,4.669884847120431,-9.19451947117477,4.126924229653823,-1.5370397484337643,0.88226184401126,16.996778243287718,2.6616690403659047,4.9611837280636735,-13.738047255409722,-4.5912502855305375,3.4148950173557284,12.066223664077432,-1.6276296536837145,-2.4453684297616687,-11.03360812122837,4.829294240598374,-20.466350746235474,-23.837297497044048,-2.6407898338998814,-15.955725824634424,19.900628340728385,6.0706499040669515,47.82896611195217,-6.731353884747398,-1.6327810794057163,-41.22797271835555,-17.007738427002828,108.95247495485555,-18.24054682946669,-28.55330088153241,5.578250199617467,-14.63843189456924,44.13398336612398,102.53968093815162,88.01885898410055,129.38688281661587,-27.957366725270187,252.77924540900798,-142.537614675625,13.806148359726578,-13.019317515377958,-22.980481136042755
5.352415437175631,1.566235742314784,0.9178593292802322,4.720426309047038,-2.055421822449007,4.221832722485207,-0.18402510399935113,1.002740955008023,-2.722846498356343,-0.7071095142471425,-0.07704920243377253,6.442935473568761,0.1545080334957504,1.3942683833742107,-0.32761752669286287,3.1502475543940918,-8.984595534855064,2.8891339549629063,6.634558112569999,-2.544536202552868,0.8004839036675335,1.36402682815754,-6.340887363242865,2.6541660839161683,1.6806302881111777,-9.202606548820437,4.006698667592013,-3.0436841059166246,-7.2597699837036975,-3.7526970441957364,-6.622730594638091,2.036731552853265,3.0702350860465004,4.504145861674171,-14.857518942620365,-8.01045668151528,-3.1083179731685133,6.560179998670693,-11.956937044546619,0.25236688089850307,-2.5545116928625484,5.797199123942233,16.079671167921465,8.210155493528216,6.863136700266546,-18.878130127127413,-4.577660158954244,-0.7059476361021128,10.262071852539584,6.65751830188485,-0.2159539915419175,-10.179979710037038,12.368144500122597,-28.766829415982166,-40.493017065669505,6.093732526851997,-20.734605205696546,22.477944387483497,27.889332730247247,44.896061350108695,-12.328493768197735,-4.405217542377067,-60.36896568771906,-15.995826701076851,143.07587818368953,-45.89702744521322,-34.922233683296035,2.483031211892733,-28.415481070059304,27.01060802518368,150.98229253485556,108.69250090898962,147.96235052769984,-45.28024008749359,332.07671995967695,-220.10367732036696,19.05142432916834,-20.177615007267065,-43.17219698973694
5.5262676045395605,1.2273881450097486,1.3327960729355497,4.839244549886517,-2.1720079643024803,0.8580297486331885,2.898828296901903,2.1457477802998906,-1.104814657478287,0.6616053656433424,1.3365374833300618,2.5617368307997332,2.3530276285899254,0.9928117838323554,0.14584116407452105,6.521121687050905,-7.090271529822614,1.5157037217999594,5.924936377283527,-2.1063485580878867,1.5641270949799873,-2.4553956740325815,-8.534983426709726,3.7309539351295475,0.8191180119570562,-10.680689051522378,1.1164070192267734,-3.9413414250804206,-9.395389493305823,-3.103513446282867,-9.697173697116433,4.600066389733956,1.9260770075425528,1.3890778575815994,-19.155169897364434,-9.732496233442344,2.3904695642812372,2.9301830189385276,-10.632111199770762,-3.250794457450178,-3.576956933299405,8.07787533567964,17.912898664786603,12.96556757121646,8.72726274148775,-23.420807819598625,-5.7963762270657195,0.30058629610122206,12.452170809531006,8.973117554398033,4.599465127271151,-0.07234833290628981,12.58038597986763,-24.859344445177303,-39.25845924433132,6.655450610697807,-17.91657210242123,23.60526214832611,33.06113455493757,51.17642844415111,-15.299736965879097,-9.382428324178665,-63.91788204765108,-17.73171214662459,160.594136909299,-50.82880338316692,-30.956514790387114,5.371893183037161,-34.05894237232202,43.62291250800601,174.9713970963676,126.81567350225123,177.61577897005844,-67.3335521299584,388.3063000946467,-261.48900606025535,19.87493669777078,-19.96903607690009,-52.569640932056565
5.33507758600647,0.930709715127574,2.391772370766318,2.969409811636482,-0.23065199832245337,4.912444449832001,2.634565022159569,2.8175671489606033,0.381873234261546,2.1531236599917953,6.4467270526077165,2.0404910469142603,3.771905825532813,1.5182910283929616,0.46710627800948046,4.58744792439002,-7.87352002057961,1.7829866044530038,6.306419024489413,-3.7490534829667572,10.406743344389776,11.407262954946741,-4.508002354731402,3.7096315391953927,0.3593929976178458,-14.026983217976404,1.459869785486204,-0.9160954889348989,-6.395035123327992,-2.3689527615811796,-12.07540449256331,1.7554735982728924,-0.575293775171378,2.1400812516386303,-16.072072817909767,-8.472517070697153,1.8008607073841358,3.572672233964878,-11.052315447478287,-0.19718473051954105,-1.868997234443662,15.434581601430477,12.85697766653287,18.712679942887164,0.5389532948229435,-5.536839422911545,-8.766976553264001,-10.770971010218567,14.1159012934966,-2.7310684795003715,-4.627497411887739,-15.981243146924204,6.499212201365417,-20.243875104704742,-34.01820644078001,-0.7307783395426563,-18.44734503004712,22.84672231933518,21.617036323807834,60.652241036264684,-19.69178008155988,5.396998939856905,-72.3593023054667,-41.7601558951936,181.72995445973027,-40.07790180120253,-29.01474015686731,0.37742516603421256,-45.115994193798706,65.18224150569645,164.57750664893928,141.06044565032295,197.6717022872937,-61.74298799726606,451.1287075169466,-258.5940204708387,38.70114535806487,-17.084870914367116,-44.58513506361457
5.7319814049511555,1.4109157693016527,1.6569908901065369,5.673907282868387,-0.48373598968574777,2.9365229704384737,0.8160706160959682,1.9307316308380862,-0.5260760970874432,0.08346073886579039,-1.266364054437416,3.6203528246746153,1.903141569238045,-0.4493986035238431,0.40735218708086357,8.876666141488858,-9.9942413034849,2.552057185489547,7.492632901692887,-3.532916250488886,7.2929871488367874,7.359861065035587,-4.961555661461096,3.2406998638562126,1.6725571635308112,-11.1193718570085,4.171990370461515,0.863788847251245,-14.885088599886497,-3.0019924534461544,-10.656878300152904,-1.7328263503170207,-1.6635902971602552,-4.420493720567248,-17.26463776023155,-10.616668694708244,4.494408243529168,1.4782002541261765,-17.32371027075253,-0.9404379946132086,4.4259856410122,15.266338150367911,17.405905206401577,18.112093267345713,-0.005508185671388393,-15.740917413919751,-7.280496787757477,-3.4837468387752186,14.296507125301321,8.180088581245114,-2.472841508526317,-4.179915034048366,12.925137939486717,-25.853369423473755,-45.096343106629355,4.27162275271499,-19.11426136634048,25.68048072393144,25.338664359285865,70.83087327969328,-22.662037243988486,-0.9892147122610956,-89.53166095375687,-32.81454846272194,217.9760132664101,-61.12103279427379,-28.754990961625044,-2.0325238954772855,-50.02236867121329,56.95382732190408,206.34657626377512,172.72091865648133,233.44029084758898,-83.16509442021174,553.3398351247524,-342.9800635559081,36.36228038161609,-26.56978580790857,-68.63759905433054
6.389314592342714,1.9236714974345253,1.1731547948672385,5.2559002264902395,-4.257449458363083,2.68152150404241,-1.0721332702495148,1.6183991684137589,-2.077252640558119,-0.6720970919484929,-0.9059603728395303,3.830297599304526,2.0049622378841514,0.027872436331577054,1.6329681129892988,10.082677306691465,-10.774004763187921,4.3503581823071675,7.762716001479123,-2.7204321762215815,-0.9415781802614129,3.7683591316559037,-8.35737639575586,1.2390158155478757,3.80485108754525,-10.890944847033424,2.4663826942026397,-4.263367556657067,-22.122327524253762,-5.141762614130763,-9.98606520738249,-3.383627824116786,-1.6022677495538002,-6.855297453347514,-26.70812924670297,-10.758859173163799,5.240252593223139,1.915134445310003,-21.488025915166684,2.372131186425521,4.478281666007391,17.88724322158343,16.772719957522714,19.974713181256128,2.916483744519834,-20.542624077976054,-9.879797302500007,-2.7637149220487336,13.506426054917632,13.127659689952798,2.2027989742925307,0.3107716432544576,22.862953475902028,-35.74865596662421,-63.297135170542234,19.282151611418396,-26.01758824805808,25.300898954994878,46.94066733604344,71.49398587378971,-27.34356055182801,-11.447169456768291,-117.24797913068193,-19.699815249685994,282.553203384214,-103.22070343813974,-36.72567120138607,16.891249272368604,-65.56784861372616,47.51990985037429,271.7280713729722,211.36052545115402,256.30840334710996,-115.92356010782571,708.2584409769004,-464.39811040537114,38.480718639523175,-35.852013762905095,-111.81077793276813
7.0637111031117525,2.3553219139761925,1.418635882500857,5.44744499257862,-4.659545975103991,3.223891437702093,-0.20815620856073103,1.9247700939854555,-1.7528618787902885,-0.22337210455327774,1.0601190116945003,5.2446204935064165,0.7357678292374987,-0.10958757836208449,1.9863479180816972,10.321676947365125,-11.301082939473556,6.054864436293014,9.901449828090811,-2.288685554092705,-3.3961565937130644,4.824012990036786,-12.337996205691864,2.6808058897130915,4.645269164380622,-14.73098338658833,0.014842620401319066,-9.447496764239432,-25.328547680366597,-2.5748721940222548,-16.692170001759543,-1.8368648394736633,-1.4160184561508664,-7.909609926613038,-32.74687465478357,-10.855540889529902,6.2238499805732515,-1.1675788905514488,-23.451880054263814,6.543696781099612,3.8416543849794613,16.876715115373724,22.103112347894243,22.33608985990518,5.908319268072028,-23.752452481987092,-10.212737078494877,-0.7662954282491664,13.703578402265352,19.375456147719966,8.229705764614067,1.4515086719503332,27.81828617150712,-46.03234333817156,-81.51683411388078,28.176441095014233,-31.23016378245936,24.88700933371472,66.74652111194392,71.63741237196922,-38.481702186763705,-14.542582303213452,-153.37766899333502,-10.018875048183526,351.48007923158156,-147.30459458257099,-44.65005480202808,31.88733603958808,-86.13923120452941,47.49678040853132,333.5881272492054,257.93946091513675,289.6989554331232,-165.34817314411717,886.0245981167927,-602.8814903089777,45.46202163785597,-44.25503418369439,-162.53381974089524
7.354208476861896,2.389054289709496,1.8860139882028522,5.97399954449419,-2.662518386332575,2.7751631122598166,0.4372284419436576,2.4723514928693318,-1.596125526365918,0.8926291565120554,3.4372127297288717,4.56169749731807,4.868565348475041,-0.98730427238104,3.5938589333159356,9.074146791787625,-12.229045195784888,5.8427430103099764,8.10687553478929,-2.414819247211785,2.6962931734922595,11.30350815185764,-13.437776059055977,2.998340774568656,3.6898332635758813,-18.36177389349031,-0.062184153352404195,-7.272505218923204,-25.124978605025614,-3.926146530096806,-19.563782456081174,-1.5796343453326023,-2.997195700285678,-6.9777047020998335,-33.20909796395289,-8.921540984561702,6.949191740372424,-4.006463595857806,-23.453795891660246,12.05918764056106,6.3017177065024965,18.92160075165237,22.03317038750005,24.221031965049836,3.179701737885865,-18.98569949312933,-13.637947321905152,-2.6327540634859727,10.862224615516526,18.188287287152576,7.072843597836872,-4.305614936776735,30.78686120573182,-50.32504027171704,-85.54514230625657,27.36558857807229,-31.230838150093234,24.761370152861943,65.60257429686511,86.73934022154945,-46.7321212842344,-14.462353288223936,-175.219020986489,-19.678129969294794,397.94977230697594,-153.83642565383525,-42.19168887494677,38.97846503180629,-95.15174681604542,74.0144135713649,375.62061526530266,301.2757198338641,349.640568149022,-215.66699710540414,1046.095092345696,-689.4787751147998,58.36914819137377,-45.776165258141496,-183.43982217320553
7.120748407908368,1.6710139966974844,2.353820965387134,6.1462954812776935,-2.4367213094046867,-1.3787952193076154,1.9696405495331397,3.022496832637045,-0.714896144047972,1.3634973623565874,4.564305879364466,-0.545050476979188,3.2243076349409705,-1.3503386736828527,5.850301728761337,10.566810934720005,-9.829435884213405,4.628315453750085,7.017021872386336,-1.9545186575585265,-1.1503446210191683,3.4483196976952537,-15.164411804506116,4.413213447955733,3.3246567083700707,-17.468480706273986,2.8124693551625373,-6.84038799401614,-25.716330554614334,-1.4717293794739335,-21.11126913686611,-1.5372261041242248,-7.398034792222753,-7.768038887234166,-33.540014075535865,-8.570676474422761,6.640877585440947,-7.018412429176835,-23.1246578251733,12.592438685906089,8.23276572873743,17.913832991554777,24.147905872049723,20.44362754107164,0.3349049707310305,-21.557687599298667,-15.115800676971686,0.5242351232095981,5.238796318355755,20.915831706680702,6.245205289827536,-1.0739613266592645,33.761138814407836,-48.92242693350963,-89.53315329304205,20.27566233310379,-26.219440344417073,29.09689408575622,48.211407726786526,107.5647508554974,-43.999739125293175,-20.864280066822676,-181.62901123502832,-23.189553487423478,416.4607718783281,-144.6547863776101,-42.62163928168261,51.92307725173453,-93.41147596139943,116.83828519426851,391.3868417834818,344.29059308500524,420.7073602537994,-250.74318032792027,1189.304169807187,-708.6277805974349,61.167814460576366,-50.07140366315266,-191.60185132419247
6.7131689911922745,0.9241351659296025,4.089252148030224,3.772653488637027,0.2831741911763474,1.7680133693143778,2.548390111150514,3.8342435870053015,1.5646518410382753,4.639974212893943,8.308468126111652,3.799194588280817,6.0245915220298825,0.8777804111930385,1.2311493480042621,8.439307590032255,-8.431030603206565,2.368263463831406,8.961567718821255,-6.839495555732393,8.781064010966261,17.43145679359969,-8.74043029220535,5.847512878139612,-0.10634722389414256,-19.498084607543053,3.7874001706039153,-6.009810420934622,-21.053522726714494,2.6283687496529797,-26.36311052403525,0.8599302746679734,-9.987188184030554,-4.475171586947344,-27.78571189832493,-5.0086513658354175,5.530871037150586,-8.567224230709376,-22.42674552406794,1.8750851836748679,3.7690591128676854,24.63621087729613,30.43788640751077,28.670354227142884,0.6910421245279798,-18.314884014238896,-11.955461376627914,-3.9689016143490314,9.204162662357954,24.48402686415478,3.311892517517826,-4.143608727889894,25.21920298625611,-41.141708561177964,-81.16217178745893,-3.410724931230926,-17.5757484977063,37.09100165021816,38.26575525348334,123.8895748712977,-52.34767877606883,5.218175073821924,-195.3643011467514,-49.50064429922085,448.88698913183055,-140.08524764569347,-36.578068364596525,59.04231732407257,-113.27951744673125,160.55018118749487,352.8894349780688,376.3410717864498,450.8687261704819,-246.0953199126149,1321.3660733820657,-688.6220322817466,74.24811653825053,-48.92279604582848,-196.7692746171473
6.1872736888626605,0.42586406769021257,5.457852014243405,0.6873461866010797,1.219845406001546,6.337850995475262,0.10333927175136866,3.6385778628748295,2.1096659007839076,5.469324889740213,11.666314095251108,3.821924913800834,4.9670477165725275,2.397353050824898,-1.3954675552753875,7.876205505244159,-8.94061693206559,0.7026737999307942,7.524603734813758,-11.892828626204853,7.803830604252546,19.869123379068327,-2.903923567658811,7.703997890646757,-2.2837131518252813,-15.993338811818262,12.618524941513796,-6.518707756372828,-17.569557939969478,7.447555571490186,-30.456546915506806,0.6420964571956713,-16.266651038049556,-2.4369908740262187,-29.113829363262862,-4.68426183565071,10.09490135897623,-10.440461197438857,-17.63359050113232,8.532382414962965,0.6540187548968911,33.06701472163652,25.54695708409406,36.468667123460726,-3.4920211039122666,-5.405201196758623,-16.109574044703738,-9.470984389165768,12.292592052307654,11.895954361692946,-5.915906498536959,-18.908725596866994,12.324290403828796,-37.912141892047025,-73.19807892711748,-25.4553985805214,-17.47281425180272,36.33609316079056,23.901673252123008,133.46644758377465,-54.382385896551355,37.895338146784745,-203.43745051303193,-77.39267942979124,484.77320399993044,-136.85326109422772,-30.434410642709143,81.84082659968593,-137.66189741265575,197.37145310025286,293.72347116436737,415.1364257106339,453.5067702169847,-225.8526541520723,1434.80439295386,-633.9754100530232,81.64240535046216,-54.412922062187114,-200.26844429734425
5.743546769959834,-0.5123433720359447,5.939532824661826,1.6203848666703506,0.1261458053496472,3.0278433196464274,2.6438016967235862,1.0702868158431258,0.276460096159721,1.6769319361970203,6.026826675782466,0.29346774253591806,3.2352387716061886,2.5939942716285276,2.1405413242659552,7.359559141553495,-8.314002678746165,-1.1181825210416338,2.117136638170285,-11.340573310316426,0.49270492074789074,11.11219310640927,-1.1051813039653564,8.573845069162173,-3.2460372049870005,-12.518828281781296,20.042304586997556,-8.736355033569343,-14.607936736763158,3.6979286818180626,-33.36746616545528,1.0080906071299751,-21.04985811057319,-3.2261597648100717,-36.51263515866963,-6.313854936147487,2.0165897191237026,-3.397387862357509,-10.241630668014272,21.819866358959125,-4.71661919309003,34.73955175390699,15.596979436393475,44.83203621538833,2.91995763723038,-11.80548732644786,-20.68659486309022,2.713481474583351,6.718332803892928,20.58517750371249,0.07320798497840404,-5.778245684561798,15.844298381425745,-48.04577657209652,-71.96440951864054,-30.90476381750553,-10.40471205764846,35.802931809724626,13.41783827906803,137.6072629857511,-51.450732328369845,47.112434702580934,-200.86913419381918,-93.32858966166296,492.3631314197111,-125.10221867455138,-23.164962668726293,96.34933696822675,-148.91776612041085,235.12499062246408,294.96795481779657,456.4402535204229,503.97431888633986,-215.98028972700124,1557.8155377378207,-596.2192625080876,68.92385067454977,-59.88990542669915,-199.19702183463176
6.4838702902707075,0.620652219700156,4.913652628541751,3.6353734865891116,-2.483793469977193,3.8787077182946104,-1.0092286236084456,0.20232513723322493,-0.1501200593712682,0.03270973615833587,-3.3486232630010773,7.283869089791202,0.08471874832805715,2.251915525026308,-0.9790504005708959,9.728006871519549,-13.09746257463916,0.564652179021691,6.157850538128794,-11.578208613165941,1.1467119859267194,15.886961639387508,-1.959132706891953,8.028627973696631,0.6420707469968824,-11.531083378869395,21.23776927083425,-5.9835714741378885,-23.32034348174356,2.748009267994906,-29.92676233194464,-2.781789414090291,-18.3985731263666,-8.311299530121541,-36.11556610428629,-11.95081331164834,6.6127673190765215,-0.637963310716886,-19.444373904246177,12.11438689877915,4.721952409812455,36.22404119946836,27.332261175910272,46.147824731173216,3.7396668512693605,-21.08443182971961,-14.881441863469275,7.135445946831093,15.205474245577554,23.634682519003547,-1.1329176791653808,-8.984142188793662,19.78311324426535,-54.95782944058672,-85.68106742612383,-25.364038470783143,-23.7519154374791,36.87563342442846,37.660070079318714,142.1431077755412,-67.93004944722061,56.08605282052894,-247.56983899052847,-82.65427436012027,596.7079238135074,-199.2276843239814,-7.448134185108116,129.54158135974475,-197.0536780458857,246.20330696593956,372.78518346636434,565.4434605856318,570.9987137843234,-311.297317040823,1860.5625539249936,-819.5217972326292,83.59439796286,-78.69869409452082,-293.5888271431825
6.69192773741734,0.6212159172348607,4.918416863488385,4.201737166688806,-0.7287766567961435,0.705663378502933,0.5362026737086165,0.5266840640590966,-0.24003491224592308,-1.4484098634164,-0.6556659597884185,2.436391411567693,1.2703008249413243,1.2895742367251255,-0.9187960715571853,11.301779343695397,-12.477227021686279,-1.024048394465092,7.281697246697922,-11.717487753074938,-3.4175612338221795,8.159816835913759,-4.494973377603561,11.127834379940962,-0.09002561852387514,-10.950725010708515,16.940147489031933,-8.007076919524676,-28.18280649361114,8.27166402091272,-29.182212064857342,-5.761091535622891,-18.003843352939864,-16.9128853730276,-33.22156961953227,-13.249930518995889,12.953580434956939,-0.8477524271482948,-24.845382591219273,5.032080401147563,7.158066566841547,31.26922949041798,42.79794518463969,37.106010293765344,6.457824001253542,-40.21612165753534,-14.177072762874866,15.551001461617558,9.699201366893943,28.74464590046124,2.3628387669840323,-1.7333356499887635,30.33498641843569,-56.34027414851294,-95.8746476145655,-23.604274471001904,-32.93861560067358,41.407912581837785,44.505101651592994,161.30077915610238,-79.6934790459753,49.479208396364584,-271.28416752395174,-76.3573084311043,661.6252402818906,-242.402666479172,-3.88959665613904,160.0233146930261,-221.84365446828505,275.1907116486743,434.0008753142162,653.7771927642074,661.0492913605883,-387.37293594523277,2150.1976252929485,-942.6766215775405,92.04555832028214,-88.26038701809723,-350.0926798898503
6.103737205334194,-0.5240158710538798,6.712280824224293,-0.10764380968218036,0.26950325309669915,1.652211507040598,0.8319087799248905,1.587649289914561,0.9470330325670223,1.3756456646725095,9.059570346030943,0.6603260050935409,5.206608493130777,4.331230427422175,-3.0071816432100102,6.513065354622425,-8.099987414883282,-4.453034443867861,3.4667695761472532,-16.240924362279856,5.023312773513895,17.18156695649617,-0.3594719779628874,11.864588359106056,-4.563305874947804,-10.412176382893092,14.033611036167688,-9.15609784177429,-19.154567092905232,13.226058709804446,-35.36081861079856,-0.40174345805705336,-23.15443795121514,-14.357153296723894,-30.026248343474727,-4.583776799586516,8.905893764497286,2.7278045230647194,-15.90385556458348,-3.431628279418022,-4.4366892482841065,31.922734081257158,47.76865701120361,38.11275120519375,11.06794939467866,-32.21763275253054,-17.29045637105933,8.27265321312328,10.736447674323122,28.193312835773437,2.329793118354902,-12.685390625728672,26.38643884557583,-45.53381253054546,-83.55487146760755,-39.95643731080039,-27.288657507179142,28.521108911767104,39.803689991250025,178.00954088785565,-90.20329444946385,79.40197644431396,-283.1431082710057,-108.60535749681388,683.7487562781872,-228.8888876651427,-0.46839497672499547,186.24529736906678,-245.35306820576818,332.0306201614218,377.6768830726664,688.6454333413889,676.2708312332185,-383.7237453055795,2269.112740303935,-873.3102610700222,102.7154962200615,-82.70318238053049,-351.38613260666835
5.805146632048955,-1.1934567721141063,7.087322271958122,1.5421223478668287,1.2321257445583063,-0.6324223815192651,1.7354779818880521,-0.3161442399914653,0.1908045070542849,-1.7738065459211179,3.6163769898807088,-0.7127379786889868,1.8323554454966942,4.016497601430377,-2.4806398727399914,7.100675039711941,-5.755393717402713,-6.1235946677358495,1.114425755958735,-15.986040008045332,-1.8884837543510375,7.034375917441901,0.8963488113230378,13.219494682759526,-4.528939291144459,-6.311862452942328,18.08099397828612,-12.437115486289034,-17.5518130850197,15.627385484515457,-38.68091270358185,2.1935685048779607,-26.025408086066314,-14.044878214911952,-32.546258780910954,-2.1415606436641186,7.5780053473759486,4.071244236630758,-10.546345595072905,-5.863806012313575,-10.61001185279491,27.60965055718366,48.243341786364034,35.24949616682629,14.366750048596355,-35.945022186941486,-16.55344514891864,5.828904541639695,8.928485954682339,37.5494276460427,5.378215172472187,-6.046393832468141,29.20027712559516,-47.08757562416246,-88.72636257268967,-37.058826546400454,-23.235485718866194,22.55377611344499,38.42739355479991,188.07395943489323,-87.82871712722358,87.73842056023163,-287.6669442226599,-122.34550429900548,692.4648103829765,-212.17014869613345,4.762452620654572,202.74635936829242,-250.82033990783182,374.57383727211896,387.1296295800825,726.3179607708654,764.5620887331623,-392.7458343293878,2452.655150423196,-833.2952509358097,94.83084076770692,-91.9058685993941,-352.083763157162
5.804086583755339,-1.1965186450657546,6.8542373428403245,0.8771370819703109,-0.1791482958802596,-0.6135047088494541,-1.1127348684357268,-0.3618424502135582,-0.43351046843889773,-1.1463092068364134,3.5125130911540796,0.6007649555165853,2.4390940030110038,4.639965564176199,-3.4205034234082756,8.289696352828091,-5.998477599660522,-4.501317494230184,0.7774144199635846,-17.36312222944531,-1.8146993166957632,8.698585157034467,0.817613878401095,12.118077212767698,-4.106482850896546,-5.473170556720196,21.993458624857258,-9.826852323642395,-14.467809953099819,16.384351798405866,-36.59688926009768,2.0950360250224276,-24.551760814796456,-9.2827359595513,-34.85421270699641,-2.140592559217969,15.634237101052971,0.6326183484775494,-14.292972308091018,-0.8823636449210196,-4.373151648357796,30.011566622545466,44.363405266392256,30.7301778897379,9.203224416116242,-33.931349979319656,-19.32836464173591,5.193463311906305,3.261480053230506,24.93745074998645,0.24911706296257496,-14.597490796175359,31.221825707260386,-50.069897020891375,-91.84026723421883,-43.52502929330296,-24.790943042416966,25.998653809133422,26.68668985459444,189.39153057251235,-83.62643760411558,95.23764611245556,-277.7713360991197,-141.99335388131047,700.7557828432919,-198.40142337021186,13.884933585684507,222.3626290792014,-259.7019796252395,410.56735510392554,407.6912647872658,769.3616281681745,877.8368659588364,-407.9409269393659,2671.60285385722,-807.0811936365545,104.19826325990239,-97.17860041130403,-347.6230815198573
5.896823438336144,-1.2007067865101049,6.4811444918885925,1.7939172519524824,-0.4860144049805997,0.9727678122742381,-0.5935514361937334,-0.914217908483044,0.3937108927849353,-2.3656897464169906,-0.12887481724013453,-0.6983823587901518,2.0365125208635875,3.2344076146131164,0.5242419890635639,6.554477385685099,-6.917140257685847,-3.610610861141497,0.09714039647304758,-17.013829725469208,-2.0527395521035636,7.9123442486809985,0.8483301381683542,10.777614859183194,-4.136800819282688,-6.608088292206957,23.70749090445585,-9.253509475051274,-13.660794398072179,12.873775729979197,-33.91309020781569,-2.663984184306799,-20.95266347839529,-8.011790724702454,-32.02760429945171,3.1557952392960567,8.94290082923854,6.409233996846195,-11.249018146923575,17.955936653646148,3.4772042879909204,24.19747350939105,34.564997845120075,24.15819410749652,12.57167503010469,-31.841323882806964,-27.254351759721967,6.143932373578141,1.6663936677120457,35.08098594128062,-0.5775788362595176,-17.521822733153158,36.10920782828223,-70.10564321548303,-92.70414310957898,-39.45877950841096,-30.189743412329456,31.140179513601172,18.529811057242927,193.33761516403158,-87.55502818002726,99.41351356198012,-292.7054978518221,-155.3958783346911,727.9455265429484,-202.88758830930172,21.87807130041472,240.21714593173465,-273.388122178662,454.345125233607,466.01435015755806,839.7198202864738,995.3961111472174,-442.9122986601147,2974.2794805113367,-839.458928098789,109.33353063699835,-105.42728425045888,-371.695172401936
5.72512977246359,-1.8574549623048169,6.78781345108449,1.1697215019303104,-1.8296296697075007,-0.06461771194245566,-1.6011337675832715,-0.1831704969340003,0.026783765746806826,-0.8891816952501651,3.6918674030458027,-2.7445325966948255,2.2547148802522647,1.6078388254573166,3.279993481862957,2.455397419209291,-5.168311960870425,-4.351567993409415,-2.12001652804425,-17.88964165073916,0.4228213280070517,3.6824594889238838,2.9777143744887455,9.07085953586885,-2.326650472935043,-4.89898738573209,23.58804487216592,-11.248576869674627,-9.777898231507008,7.433441448223342,-30.828219908996005,-6.2181877804183125,-18.311305765928882,-6.8473902626822225,-33.32592953561498,9.394512863853755,-3.0578068889731598,18.02024893641607,6.795886028847754,36.9370226509631,-2.6995742710436947,22.598924189181908,16.68227396006329,30.31913497406318,18.46778069202999,-22.475951760096557,-38.2189447369603,9.479356023114363,-1.206198297891685,33.56413477183806,10.393649979734827,-20.812836937986916,31.845836607502907,-80.56309071184026,-73.07145768760363,-40.475738088162196,-26.83636529035616,28.164715700439796,2.1059791758551585,191.23755743313393,-90.31496580793106,110.1502996484092,-289.06303841876996,-173.01007054533721,733.8926908924541,-174.51515025067317,30.400935560043592,261.9514001606895,-293.3510034596337,509.18767355698355,475.9117859469175,866.6837403062582,1082.5766271288562,-441.0050686625807,3188.3678536452608,-779.3626860260042,108.96245183481555,-107.18265115958403,-368.79894206257353
5.627839519286715,-2.151258053170676,7.2325654409653115,2.5049860050226314,0.35214866829161257,1.2880072919715355,-0.672553299381225,-0.8781658103947029,-0.2010312736209066,-1.0542529637467428,2.495033993615809,-0.5528331032340497,3.7284166547612094,0.5505522906802356,4.4702965414301765,-0.8473141221068616,-3.6014785748228575,-5.707853346552419,-4.372405287643944,-16.079898116756628,4.298542184909189,6.375970873177171,4.609862519976035,8.309997376457341,-0.6425920645564657,-4.75763783000824,22.96121427525789,-8.355767974687001,-4.161529178952304,3.2869894688240247,-31.562177992024658,-7.036580627414446,-20.795857087483228,-2.3590048153778573,-31.34689753250029,15.710490363308654,-14.063264942188766,22.035983839685404,18.03283105761989,45.0675032438476,-7.236761538979611,18.592158147697507,3.8177072921920785,29.104767592012102,19.106162382717812,-3.478933607524006,-48.16787842486161,-3.3326912091483227,-2.80346055622454,26.51622640911067,12.208511354044768,-39.21966448934407,29.184109018080964,-86.690689021662,-59.77993353399656,-32.4661580625558,-26.42774945436336,17.14009397394939,-3.4513080850856657,198.50043114685374,-92.17990307569565,120.98864527419163,-302.57577957551104,-192.40696830149366,740.0601514325465,-147.22853956668382,36.65049784075565,270.31321244119283,-309.4099125113964,557.2277591180259,490.5181765442845,895.7918610593358,1184.9918246934217,-438.5450968775805,3421.318799194327,-729.5230122638598,118.76028197787326,-110.84326591913945,-367.0806066117889
4.670214955933545,-3.4641413258745626,9.588279208899591,-2.4161153110176707,2.767248121745887,2.7416657501424875,-0.8982366139460513,1.222956938431427,3.092059385210157,4.694766677594129,11.317269261952534,-0.21808498822618658,6.367140766301534,2.9223236043602183,-0.6951328034347252,-3.5477743154893284,2.4094155322662867,-10.04966585832702,-8.026278383669064,-23.673547813525506,10.912464341704087,14.58530162388018,12.634366070471627,11.624095901129843,-6.937814392802834,-2.4899812150162055,23.397183456486424,-10.171085175424396,9.74604918764078,13.981572312653634,-44.23656578479527,1.1779682892601497,-27.84648006157022,4.386722010090824,-21.991603610823525,26.391107053964504,-17.8690831420141,17.92188348963883,30.306862576055504,33.29793793962262,-28.146681984338027,16.375834478764208,12.868388617515192,25.014869180334355,25.81835773110504,-0.5075199987962459,-49.88098729529323,-6.823934516621564,-6.467654442118477,36.69043400835853,18.690036632252532,-39.530988211624106,13.184564479468941,-78.40655893017447,-38.41969515532099,-62.07765712108703,-9.544130343762045,13.450877832932472,-7.867174451902681,200.61542790610434,-100.05750037494687,176.57690124388026,-291.9353514417562,-227.84561203130784,717.8974648635534,-125.97517691484063,34.158260134592496,294.94455017231274,-347.1554512986531,589.3749002016214,320.40153197992925,883.7742539367284,1075.9832992409624,-363.93604347971694,3304.4487989618387,-513.1708170910154,114.33425996492339,-95.95359229246212,-343.1242231108856
5.033936615464678,-2.707606002245044,8.60845965807347,1.9749505610410034,2.806582221028395,3.8675301909894735,-2.3086346163254374,-3.0479178537634604,-0.5674717083544887,-2.2356599425974406,-2.4002728370447506,6.167748933444767,0.13149042848734346,2.7715587880936114,-2.797037365510277,0.45326978067455775,-2.121178826416889,-9.174799435912082,-6.818734842726933,-21.327229503904626,7.709015965004921,11.830878110082134,13.647406743205575,12.822346131339808,-6.7406939865198545,-0.8258678443851739,28.136694368313893,-10.033250222210143,2.057744158289878,12.227750596696142,-44.13296520170134,0.7380106240933564,-25.401184086227413,-1.9730341423911226,-22.110641392617524,23.089976732197606,-12.210574702890177,18.61149124410641,24.606397889950593,18.134702020886895,-24.66948987597137,15.721581595032092,21.157801506063883,23.950881014996636,20.338790275932418,-3.982483848985584,-43.0008736435257,-12.294047656911184,-2.844856392073358,43.25573307167485,14.861112127470228,-38.09980469714684,15.007188194810517,-81.4777011417811,-51.470858654078604,-56.968720039034636,-18.59155146401958,3.8009746261489736,11.814514743085757,206.62845880267918,-114.86656200883876,190.9515615601279,-327.65491585066513,-229.2018111530125,795.7226605410864,-163.3924932743633,59.57345540353465,317.84935169774366,-383.596363301072,633.8658015770275,374.27332642446856,991.7832001666612,1196.5697466599377,-467.10348889985795,3698.4892959689982,-630.0337849233119,123.68828103986968,-120.4778997312249,-413.4906505779828
4.731852903391595,-3.388911287241335,8.640244788787198,1.4967475682317433,1.7047808530571162,-0.36402579747673225,-0.4774430533072556,-2.107956438882805,-0.4214718095394333,-0.5188101458600332,2.5527879466602736,-1.090998818099433,1.1696996257747991,1.9931894421178442,1.5231279741970216,1.940262674923574,2.001468630581313,-8.850376013102126,-7.897099712532335,-19.481441500998617,1.1280165441490404,6.107466399578835,11.559847182555115,11.516623629080458,-6.743776498660898,-2.3166763669488364,24.74624908039687,-11.240285770516047,3.5057067947319807,12.608305358734418,-44.2521713116055,-1.0763207767023166,-25.3224752846845,-3.8284691681075826,-22.29976854450805,21.90550231935876,-12.458058687256285,7.928893509063834,18.835892002045693,29.02442196438565,-10.303941620956351,23.377629536777427,7.110558759601388,23.491128328848376,13.15381185983366,7.915525230887295,-42.332554127411946,-20.430664414835874,-20.23702598902746,48.68129989002252,10.697538537722371,-10.80087960420045,33.30076012230483,-94.92540246802496,-70.00340174819806,-46.8132027602956,-5.035977599740711,15.080025671414196,15.756647422519526,179.25971149546163,-94.88534592623519,182.18254095071492,-315.91323031451515,-235.19146379117012,777.2370708498217,-153.1206481859914,65.50472524445917,327.6569357310872,-394.1802657772297,680.3978903822546,385.83014358369866,1028.7486270430854,1250.7286775165414,-455.14849307677457,3867.761323395127,-518.8939961564245,126.49016995963702,-119.46296159132585,-409.46625744645246
4.806663120863214,-3.4001726556891563,8.04870616023608,0.8329368694929165,-1.7389956373069126,0.21413714844822085,0.18357937252444345,-2.5962253455646893,-0.7086580991100254,-0.18308723338971697,0.6998832371658176,1.456312981429506,0.4486524927164724,2.294514827222851,1.3902513695068528,4.124435263517409,2.899631111570043,-6.831177494644685,-4.433842225840322,-19.93729899115184,-2.295033298861298,7.354266206519335,9.55341691780956,8.590573214924886,-7.17723873066418,-3.5321613326582493,26.227534371280356,-9.285482935268778,3.8366096773667415,12.1438979666108,-41.67802437753323,-1.910129592358877,-22.548932830677977,-4.04276901191812,-24.099192182681364,18.266179762008083,-6.0203853710978095,1.925083410526052,11.994383516300982,20.134096593088714,-4.055337851509089,32.85904271681944,1.8238991200472159,24.64787250784085,3.213677233438027,9.695187593517558,-38.49742789155674,-28.829953827887906,-25.649466569384185,46.85888192332418,0.8830097289021144,7.103272562157005,42.105837979709825,-82.69429587727592,-85.50655169392124,-50.70239222660168,-0.6571709896143526,19.135496110228843,17.1093706905068,161.4971830170556,-81.81945673440642,180.11838765998903,-300.9064486929732,-245.03599726320465,777.496743384661,-140.60722572231253,81.05450667177912,333.0678414199849,-406.11130005106793,721.8310274327748,404.56942397261145,1067.2970767175239,1371.6523180403851,-472.6981843359196,4127.951720124479,-465.989441898775,132.17808749849928,-127.45298271397242,-406.9989497318959
4.913754245751062,-3.298848105502076,7.930098480730011,0.8034516421918669,-0.754581898843207,2.6003451988570228,-0.8449913426884624,-1.8967140761401842,0.392797068207279,-0.7599738874005544,1.7426090603753854,0.6037556839704107,1.0785616370936386,1.0516132076332623,1.440216551506298,6.5402274724697405,2.31863394844507,-6.310744101599343,-2.433657241971868,-18.80768489151547,1.2592676011421362,6.626163039960633,9.115671804908782,10.812964958391667,-6.915499358558306,-4.70586864095661,26.37407244036931,-8.681218987796514,5.046148895768013,14.304792926821793,-38.528520814725816,-4.85874243995126,-19.496028390336992,-1.0957323515732011,-26.598955749417566,23.313418571724693,-0.7356195623348135,2.450347235766505,10.451902914752756,12.482490245537882,-0.6666171399994069,36.75810852219624,1.2044603220146057,20.259651993128735,1.0661772339582274,-5.588640434401253,-37.16166390319523,-23.285342797862175,-40.263620041148904,51.05484039324325,8.49948908674003,18.816442613077907,39.11582758105936,-87.53775165841077,-79.29423675981947,-63.77411754178537,6.029718456294923,30.680927279734313,4.038230797225472,158.0282293640463,-83.91089631071851,190.49259801146437,-278.2061138460012,-263.56587889907547,772.0620230693276,-117.18709387875019,99.74277209782734,336.4996701356032,-414.7912926022057,755.9441295618426,412.0779525624133,1081.5445763892583,1498.107414466254,-474.9828537771329,4379.544770202303,-380.9753575210849,131.03507055479804,-130.19227156395814,-390.85931151884836
4.810982405427496,-3.5169399962433596,8.122142908213796,1.72118344107335,1.19094991268634,1.4736698909886696,-1.8479669393223725,-2.872546994258702,-0.1624515583277294,-2.243223188244819,0.18384834021372048,-0.894305674047317,2.339036010677623,1.9991311397803297,2.1575513083736313,3.330466633615922,3.023725388758662,-8.32804570264291,-5.762298777261994,-19.849353201542826,-2.341198053397566,4.999889227679693,8.86625675918069,9.8660720532674,-7.426991312240602,-2.331617363867395,26.169297646381963,-10.070251409264182,10.550556156661644,13.624707813914405,-41.97526656142804,-2.7378260832825156,-22.949676197039405,-1.4921504847068454,-20.966630907342243,25.946789470549994,-10.804695503158138,7.677474234888126,16.25012524766181,19.508152025010858,-5.550002077635132,28.15139721810625,-0.23261780004909466,16.35947046722091,8.013884098275494,8.613994965486842,-42.88342795286371,-32.02615507378019,-32.72778021997178,43.65790274785615,1.3393517495875142,-4.292421678779573,49.61076316054084,-88.18267807688743,-81.0222692320588,-46.28220673234724,-6.199310517818504,1.866859096715075,18.6187163476836,165.23495660725126,-86.345872897976,190.98904026335924,-306.47632809428734,-276.1222011731403,784.1525585830536,-95.30046465490464,95.73654726509933,337.6846483839332,-421.70366700036703,798.4139235510548,429.51835258595924,1111.2745367400655,1608.527753698299,-470.2136008995818,4669.023777676812,-316.7932941932621,139.6401844020709,-135.8952685516154,-390.99935351782915
4.374852177572758,-4.240200949705137,9.22219286005663,-0.6865965376921608,0.947582530795862,2.0717441305473026,-2.0694851211997474,-1.6220925732629552,1.0200406921819483,1.025719651397335,6.022916695660143,-0.6501728651183187,1.207490116802305,1.8594762095323674,2.214877901611662,0.42433074271114946,7.237979706177286,-10.327612399000962,-7.635148529073805,-21.466852412669205,0.7601282506563264,11.304351297509623,12.628811540700358,8.662600322657447,-10.455573747672242,-1.7532550008189238,23.783242966895102,-10.784662603035226,22.59783647545673,13.900684886945701,-44.08356401710461,0.456411836791451,-24.936539125710137,3.137371299376375,-15.92317028900019,30.811042504521133,-23.045828416803705,6.751917021822363,25.136772864364726,28.799757483704365,-6.344665797789921,27.667569062855264,-13.588365878891372,21.01483149736263,14.002183562668733,25.87903885861849,-48.74761784410155,-45.52223178065913,-38.83244821238015,57.37018881326558,4.6346723733063175,3.6591139765821326,54.74712668599328,-95.40934466362434,-74.6644607945151,-33.96077736652433,1.053431175289486,-4.680465984731666,29.33638077049869,147.73096348923622,-78.06014690347646,203.70775988304248,-311.7198386640113,-288.08773479490736,757.036663878628,-66.35420900132321,91.19679295239524,340.85000847408395,-435.41333700531607,830.8982381774476,368.5609514990183,1101.9555591101694,1583.4969043905157,-405.68544963240413,4683.6338409563605,-133.56526622326095,141.59248631424288,-128.43923589715692,-371.1661005501592
5.002733377313298,-3.270023309160573,7.786661041326682,2.539918087061348,-1.4298961873260974,3.660621588271306,-4.313306165094727,-3.9784943480119477,-1.1016945183389892,-1.9037274092279546,-3.6774343125579056,5.728534385616822,-1.8605066192848232,2.76593272002105,2.2441747023455445,4.345608260861574,5.696329820447512,-6.732507897799477,-4.677105145414454,-17.090888765463138,-0.5102547162094893,13.743480145998056,9.878638978895033,6.822940339993935,-6.941389320383188,-4.319137311475923,22.676821659567693,-6.712921781419824,16.622137202413022,10.964263144317751,-36.549266611383594,-5.362854635981219,-18.004838773953857,-4.5733746843687,-18.73352243744963,21.959972138270704,-13.085256714374333,1.5277825034711965,12.529689912457195,21.689230491892495,13.159733138090427,33.47197548792838,-19.322997857409103,24.009742853420097,1.541718585314656,24.087649302761523,-38.0303049161048,-42.47602704240443,-56.4132301546117,68.87131758295094,11.029074355823743,30.768352909415793,77.51151628185809,-123.42427974843228,-111.31576406072483,-6.497511980905181,-1.5783935879233426,8.596924360083078,58.38484822873894,131.48541469943217,-86.49429490660604,194.29831264922305,-356.30668908248134,-264.2763601392824,880.1115513111299,-135.79012842933068,121.51011550853501,393.208787285032,-464.24656239428555,916.1944500493573,457.0505408283804,1275.9886897206559,1709.7077645103848,-583.1533051620911,5305.517827322519,-272.57879387144845,161.74530748661812,-157.89754543278966,-490.2355342602107
5.38393033801447,-2.7157224312657045,7.704605046807592,3.311242831834807,0.31377995406314174,6.51503923323687,-3.2326123950153023,-2.1866118541516784,-1.1135084527498644,2.6366197257436643,2.5045177984876457,8.12900756765434,2.610038456741385,-1.4309091662839704,5.6532218980225935,3.363487067180471,7.193783752908519,-6.202414316239782,-2.095390664167348,-14.055832179961085,3.5275490746189786,18.86109761310903,10.436318875897879,4.780242133767372,-7.349886528505316,-9.20792973346025,19.969551032442546,-3.1269189162039615,12.926172882195036,4.586374877417462,-28.938276806685845,-16.669061827241375,-11.156614704212648,-8.539239862185177,-19.89018715764983,23.730968818902664,-19.31557653404611,-6.262146837282938,12.036026480048648,38.68166665614849,25.83110998960049,36.18973369212398,-41.77875614557896,30.60278804946558,-6.556315686595478,27.779869304143688,-43.36685443279205,-22.24928860983569,-85.68216642610706,67.48489672713957,39.33728996611305,60.96675297731194,90.96081682706273,-115.19912897352049,-101.14421270172063,-10.317590047392512,20.665087858129827,13.193480670261078,42.173100510183104,122.09414329610493,-93.32978898425742,175.8748011056289,-343.4690628322614,-254.45985491074046,905.843368941996,-101.26036411580674,146.74564234178152,390.11295064026723,-474.584511863324,969.9669132406715,490.1295492525572,1333.6455545432264,1857.4700255479177,-632.2234590073883,5703.35852635301,-226.34723294244,171.06417688405557,-160.85614128579243,-496.98651180553696
5.162770425632399,-3.356045859529746,7.660954090267638,1.9877279049107692,-3.2554644524303193,1.3513991042657822,-0.2741265949623751,-3.108858261837689,-1.8908550207408246,-0.4027395901410069,2.5168616517620213,1.132942829659625,0.8845998642429338,0.2820044948569369,6.488139975685264,5.027785599298226,7.54387859149615,-7.96264433060529,-3.8083702809424946,-13.798168724970248,-3.633523729581903,6.902309173583704,8.070448897410783,6.3603582532359555,-6.860473663435784,-6.539276640655753,20.20586484686975,-7.1727241917764495,11.124639216723514,8.084330892256633,-33.43043733080767,-13.738391326818757,-16.361867331961115,-14.420020970315164,-22.35438307529762,21.092106862328198,-12.125159147826636,-6.279653494977747,10.386875280816716,31.86167164252341,23.11484729060233,35.542759541054814,-34.08169468447271,26.59942376938172,-8.018948478100874,35.42347107728906,-43.54234952696712,-27.32860131780151,-73.06202069463616,45.56150376393921,26.899197807278735,40.35342706995616,86.7708155765537,-104.9979387717748,-97.26510184271046,-12.923106299111772,10.914454834824678,-7.786314572974265,41.08041774956847,127.71041445332584,-96.50538032871198,180.00129987041743,-346.3685133738992,-264.08981687919305,913.3359798666182,-83.17891906825206,152.05565846030206,394.38240281226524,-479.30694440551923,1020.2120750245023,480.01611306649716,1353.3363976790858,1991.0022326588114,-618.777774053472,6023.748336188267,-112.21589284930874,177.57921793016268,-168.1669941228432,-490.98356031237455
4.924450057510121,-3.7744337196434667,7.984711478653298,2.6764165902442416,-0.41567634462816194,0.4309223118937018,-0.16160769008223905,-2.886365447567671,-1.5740999237955244,0.9204374746445134,4.1196636922766645,-0.4555600850714175,2.0200714169609206,0.961315659558794,7.776719265883631,3.376001080257851,7.01678645432601,-8.629213789903229,-5.003510891989484,-15.096472812006366,0.838299453623007,6.1458325449611735,8.576228417813581,6.64034974311624,-6.78501855493376,-5.134640311057057,21.629396115125754,-6.835100121198902,14.643422796810485,8.29042815617579,-33.918698068660824,-13.674992422096317,-17.020614667341942,-7.708940138041406,-20.933378680065324,25.946000236911924,-16.843460170123134,-0.5871136846081862,16.24896441663093,35.62392260355207,21.535305597375192,35.71466631210067,-33.908233357969,20.72025547867398,-5.242259257109316,39.648432685428745,-51.408037863480864,-19.077574734518418,-68.43859132630321,41.038342680864105,36.12264883764604,23.928050719229876,62.5049190932343,-99.2228457198889,-76.16793428917155,-31.487857263202176,19.450669094954794,-2.467946181717341,21.04295526862722,127.8951154935875,-103.63765464279273,204.816331990448,-331.90367675936784,-283.76344156931106,892.5160352815362,-58.28655363833429,163.88415803950664,396.44363157467785,-494.65378466095,1057.230178305642,417.220851478075,1337.7023607575866,2056.3283561680823,-568.4183783732497,6164.165237653041,70.15352068885113,177.4375369663809,-165.7002558475591,-467.7192616816901
5.084351603849784,-3.5866701757447976,7.516128046437851,2.49646560928875,-1.4887297941221393,3.2009439864848854,-0.8461345052458188,-0.9058436622243463,-3.168103862101024,-1.1602888190346237,-0.006999823445396535,-0.9451829057375719,2.3834329471190654,1.925161847137916,6.608855138046218,4.444497869877195,4.530758302774707,-6.563262739559508,-5.290755864112335,-15.946953573281279,2.6637650285082177,5.149838899260919,6.357810089303137,6.155048314926294,-3.493486804861032,-5.3565085497568266,25.104209339356128,-6.349955039146487,13.77177029716699,10.551328805365419,-33.026994193404484,-17.456770347621454,-11.236612759021085,-8.070237027962984,-19.111598663612217,23.92783212183811,-5.685762829392968,6.7868655321618885,20.174744269013644,29.840675913664068,23.927504680579297,34.95154734679562,-28.405421295675186,17.427696237146893,-4.4503030994174555,31.73821411194603,-48.6607789742714,-3.6074447456469256,-56.756449534838204,39.09347898681126,38.219917189684395,19.235204496433646,43.05621776474649,-103.81751923410646,-61.012910895900625,-51.341755770994624,16.70343694195158,4.809753415324218,-1.7408377581733512,125.56821345224476,-116.75238370836226,231.2814720635498,-319.81621904054145,-298.5630993218485,904.0928579189127,-44.530696062189044,188.0594931051048,407.51213753790637,-509.5611344146583,1113.7862597405342,402.3597921980507,1367.973057459336,2203.810118010226,-576.0916341543051,6542.749899210278,158.03272253582747,180.19222377958803,-174.77851018307865,-475.20986188827567
5.467633840447208,-3.043880093214606,6.641654569302974,4.495223085889863,-0.5889327376769448,3.0425569307756515,-2.3117204469846073,-1.324239800358773,-4.007868999625428,-1.5286390986817864,-3.142658769533631,0.8930390956996508,1.8769446155535228,1.0078309263762444,7.212131341886058,5.997104317590698,2.8083219192785243,-5.296259476712957,-2.997653846699284,-16.140463731142635,4.861464076635419,1.3158051156808126,3.645995839175144,5.365347878728036,-1.5951857558041374,-5.634550908344645,25.23460824051341,-5.737772372670502,7.623509590113328,10.30848314756899,-27.996848853574356,-21.256690706272988,-7.943278791273172,-8.981299645266686,-20.882053135033875,22.526757416869195,-0.3384872759177655,8.783937109711516,16.596633751228524,27.092977971941846,32.60728313163152,35.47458734649741,-21.347149057552617,10.933121165069739,-5.71929975035469,21.88908183310921,-49.58197150321291,7.271870210781328,-55.10365945063064,35.59278343774052,39.804006707133276,15.256677709008677,35.422538523409074,-112.92078362597162,-54.635369085313776,-63.52026617631136,8.557583977490976,11.965967186565983,-3.0754036046428936,133.1644453938295,-135.59206812819406,238.29557574938826,-349.3526154317194,-287.9206745766939,996.6282997920459,-81.92459362556423,219.99462010346025,455.6862249125153,-536.7960866673495,1207.29015352822,443.0685442762456,1500.9639660604448,2386.389012156388,-690.549914268854,7203.579203372469,123.53073555307772,196.94983689755318,-196.57206703520797,-561.9190438721677
5.913160643000401,-2.5021125047841086,5.7726498060080536,4.7472404646486055,-3.395852670030191,2.8143509219195058,-1.6201786697811578,-0.9838378902550458,-4.0218272358997025,-0.4371272331488847,-3.033743863511339,1.7105405050458626,2.281586121356811,0.7859354825521203,7.133550651780043,11.685621168887511,5.778352127088081,-2.5617672942584147,2.2487417648057497,-11.929996986067726,-0.12670987859731064,0.8536045439845202,-1.1911480284288456,3.002901475565281,2.4416745012803607,-9.08490905882636,19.663633923542662,-2.742153329584188,0.5581893194234054,11.50147925074924,-23.44013481582912,-22.834297655575224,-3.0174806267444083,-14.573052203130235,-26.07985183067141,13.755788979713733,10.423587425599854,-7.6283269277882955,-4.136592673777897,13.891763667488135,55.52136259134936,40.420454552007726,-22.024456956058962,10.1741681288158,-19.4301802176306,17.30776000903018,-39.01998107647927,-0.7173628158760936,-71.08156037080238,37.958373722179786,39.224495708247105,41.78765990082634,66.92712476254432,-105.13734754232483,-96.57305344117421,-48.953498039835026,13.867041058454873,15.855976240508612,18.781157431363084,119.20029790646086,-126.13020926151344,212.79737677226612,-385.8699018879989,-252.75297423696875,1102.2437946243267,-130.34459244091633,247.7582462856385,509.35384531836945,-547.7449245645302,1318.8705472047022,514.5789532396298,1677.875745199749,2576.5628215281436,-838.6519190199996,7959.950164979797,80.6045373540575,224.84576479313472,-221.38982141624646,-668.8322754197308
5.776290986421219,-2.98568001593814,6.280464230295654,3.0422592494793905,-4.252530734123867,2.321000914697391,-2.0412007570889394,0.4775943881030518,-4.072272715687077,1.5805881026339486,4.780981454099186,-0.5996974003609519,3.45527634738852,-1.031214884401501,9.23941360417817,7.875479053336396,7.602963620301766,-3.6998855129028643,0.6815059913460937,-11.706391564315762,1.1325624740447433,3.634850973382185,-0.17156504606675202,1.9063481237920226,1.7086925464651737,-10.08638746869362,16.868761253119704,-1.2529754012095364,7.43528641988691,8.31596913254654,-23.947281016010425,-23.997359550040365,-5.295078443221541,-9.54734452720943,-23.67573828263965,17.47942667832822,-1.7371352179960342,-6.846091084758346,-1.8320509066624007,25.183695779933682,56.24885323294294,38.14847349124516,-36.55460315946983,9.785308808026555,-16.861486933898757,24.803020327342377,-47.4227431753899,-0.5579669969037804,-78.75208803264708,40.8837743198837,48.30228259175232,44.224919490164936,74.14480259584035,-105.92156738202236,-92.45348845988497,-40.24276192624742,21.84547778948054,12.248166728672011,12.034447959162545,118.34180239217048,-120.9644332606658,207.63797643727645,-384.14413258315466,-256.4783463417558,1093.248492104819,-93.75856964178877,244.07626544967457,505.07319775884315,-542.877366618551,1371.9848991692027,499.46306247989565,1684.9689038116207,2676.969614425777,-785.2636897436295,8262.97961741184,271.22480206389366,231.6479088122873,-218.7328866717465,-647.3490442014636
5.935867366995165,-2.943519507608046,5.85725248272639,4.1710291421435945,-4.90427362878244,2.17041947158755,0.17423582149533454,-1.0252475060220863,-4.389687819415466,-0.49359177320281006,0.04117665207993239,1.1191852260288433,0.7649413878493246,1.0476746627393714,6.683245456483614,10.560842684108263,5.822370678050561,-3.6857303665739614,2.695401632760403,-12.145884488634453,2.388792004106654,-3.2133428739877314,-0.6329723765124166,3.649132294321301,1.8597296201470244,-8.301626376486848,17.24508505307167,-2.0315464537932373,1.7036018305468699,8.468625954262686,-19.721095092049346,-22.79036687021237,-5.282564289338589,-6.6320691699547565,-28.378912295657848,11.016937980990441,4.848665309726257,1.9983459670530435,-12.768192637811458,7.8822753424045136,56.228576760459504,40.94207445429321,-21.213751691528405,10.229479463525344,-18.757561117443533,9.060040835848321,-52.34550254313073,12.104783527194332,-64.18259230800956,31.355722465983664,53.155500095284175,32.60451797790447,46.401041817040095,-105.86590105773861,-70.52132008324828,-54.2570622493428,7.897406593178374,26.67464630422614,12.331756614117317,146.89305903014542,-142.36553086064634,218.145602712264,-397.6833197017647,-255.55986127678523,1167.5702456510369,-125.4233401916332,274.8442428712866,543.5028733248959,-569.9782342826754,1468.0277391068212,519.9265486815262,1789.670029327101,2898.844808075163,-853.0480743192388,8946.280519386735,318.3814026257005,245.3282586966129,-241.71656039927123,-708.8987442964553
6.183794377861746,-2.8100185095539008,5.78259578473295,5.103833510544443,-2.8023389620662846,2.402922528591691,-0.9791685221179038,-0.5052288766474041,-4.434464516749691,-0.10595590975004804,1.9059324832518978,2.0173254813791273,1.952377499551941,-0.15644959688870982,5.558468522966243,10.941657545436028,5.34322546080608,-3.510002782307509,4.965719383888081,-12.856136112533278,5.632912255875877,-3.347779634260557,0.24985436835620844,4.73755708419198,1.9338772054241642,-10.980947377956358,16.801753900477756,-3.349781607465802,-0.864692699030137,8.545260917713911,-22.21189839344131,-25.36664501993431,-0.4655083998061199,-6.384666882075737,-28.906579289974406,10.59549727287891,4.475670282224784,0.45285549704408284,-16.956986980109477,4.723338020178317,51.39393027038969,33.00661906847973,-15.171156559308674,7.545182228860095,-15.675995792515415,-14.004646401828321,-51.861315350254955,20.248452242469018,-66.1464052822121,25.305347802528917,49.063189775745386,38.13516429308725,50.58884726727526,-103.47928490528972,-49.71437119526284,-86.62833399952628,0.028832053207749408,17.081906953719667,-6.2688661093731755,163.6460382264644,-150.18000123199477,217.85729580483647,-401.2371241424849,-241.54029330963405,1222.3245103717336,-102.66283982591705,285.8188575633455,575.6981034076636,-575.6809537719499,1555.7242192852807,531.7595340924421,1873.6106670753986,3113.3380191387782,-890.2286802726405,9628.519567774996,381.4861859931714,259.6212308787018,-255.43624711446145,-743.3789983740826
6.07981365449457,-3.1292295548401032,5.910642460437254,3.9397033240098644,-3.989738020121187,0.6761910009222186,-0.9720106596238008,0.2183220803493033,-3.545049312499291,1.5233292212963954,3.6318028681222034,0.0642284206486072,4.118663296314823,1.0908218751802852,6.1434530827682154,10.462317907904438,5.898965894145257,-3.6613484970564003,3.6474220425850685,-14.245547068048221,5.228462809917278,-1.7852813413589408,-0.6221788428093566,3.4974905311993343,2.5718911658034385,-10.957620029979521,17.930343413080024,-2.8542348639213087,3.3861981603532727,10.71665745043209,-22.539655129010296,-26.36926853028192,0.3939765832113805,-9.610666360626993,-25.816998260369523,10.764501672351141,7.28736286293304,2.4996689343428145,-14.578765957548509,4.145790468878709,52.606383113458214,34.53489829425336,-16.545969444856723,2.5897040963726066,-19.12015869047587,-3.979652614091883,-53.195260421789925,14.737681404652676,-63.00868980681016,15.093421454085146,39.43819833278953,24.64593080297269,51.284967780490796,-97.88531626438544,-53.63564183536533,-93.63462395038948,-1.7784488681412638,9.994073968316446,-22.25116289111327,162.34800749819013,-146.29168471751936,224.8072577030739,-397.5768398356211,-256.87120326672425,1218.6691011952473,-70.029552318678,289.13644512239773,577.86055603779,-579.4605355236954,1620.4050020323032,510.1568027758518,1895.1464858770935,3259.0059130410386,-846.4286336820998,10051.04537128269,576.872360803159,268.86387984725843,-260.45576673566745,-725.6881641776729
7.959590067635779,-0.7406735954731762,3.995587093789293,9.492844579898227,-4.984248113767702,10.579226916784398,-6.2448767515286585,-2.054691026898893,-5.923476343386012,-1.7790015093989395,-7.235984808771929,14.706393966857062,-0.7804840619376892,0.7802672875530773,7.8566567175969935,15.218445040942216,-4.587096818357732,5.585251612553894,11.935677307061738,-8.790198603886095,17.42721721854898,16.714062325203614,-4.332686024116767,2.377291289739867,5.10583899576725,-22.219633697432936,19.0342336811295,-0.9071524811369502,-8.645969545259375,-0.03770422415040107,-25.083211250005473,-32.37511443124242,12.987083022768823,-12.532682879016686,-41.52731292324923,13.968647260480916,9.937015220031746,7.497688175554946,-25.227019692621898,6.468938831317377,63.222527488733306,34.96557062359302,-18.19460319922534,12.99218471391905,-27.409996990975067,-24.67383697538124,-54.42397310360062,20.738554877856632,-75.06529101034377,32.808285294807064,48.498059454430795,23.22223956985355,75.35956537173402,-133.02736202726706,-95.42209897784416,-89.89374239568785,-25.314903578756596,5.13145558462752,11.00481035616161,182.84365467312296,-197.7267617398714,243.2441699192177,-565.655076110585,-236.96945864782887,1653.0639566969962,-270.1100511642512,387.45003029890137,796.1784470215325,-665.8379678336473,1967.6662075488925,721.7653607314954,2519.469151744204,3719.755779979382,-1458.56817037532,12336.719420957284,40.471887153128,351.96827124123575,-342.45996088717925,-1121.2740826724994
7.86751412702292,-1.6269594953093576,4.435299623090281,8.316066061852084,-2.941035945226073,3.3692557340099833,-0.09058287932695373,0.9189604093844458,-3.99506567242302,2.323197800930989,4.217281560936657,-0.3434128830138577,6.502328778764579,0.5495492467429554,13.346603859482082,18.69088214970608,0.13884384837414657,1.258897577483334,10.09098190551381,-9.647110458631277,6.697157145318385,-7.02430940633,-10.18445164423935,3.79349167154036,2.157693013034582,-22.118401358874987,15.014271490516114,-4.0208766430452,-14.80675557850348,2.6718673396570933,-26.929526242867958,-33.79858414265317,2.692463521595399,-11.568299725905593,-44.78165695296974,10.496897356805052,18.12480247977113,-4.9203808372642035,-31.12463383424862,5.084481932036954,62.120477899058464,39.04424691907607,-19.571868975606296,11.078223518113862,-32.47658514723095,-34.36063776022313,-68.69282209353496,25.374322201585233,-73.16764706311713,22.951897288588576,47.666209816730216,39.97233742186345,60.73097239365406,-126.713944631128,-66.21729269369919,-103.61815981689895,-26.057181423297607,23.433862861357603,-2.136107522336487,209.39047357096726,-195.4902368410355,220.72245592491768,-548.1417118540929,-231.8871413204977,1667.189677885354,-248.59786089375754,406.1149710701382,809.1394951097318,-670.9780232742307,2075.462899031718,741.5816731338982,2579.226410222766,3988.5289981525366,-1441.757413261502,13114.247690903152,249.70121543565486,364.12636494301495,-354.3637330039954,-1126.3535877357222
7.4380590932523525,-2.689938503855473,5.568766365017592,5.035313327416042,-4.775176912580088,2.8705406057145537,0.1676376304834698,1.5232127696128235,-2.938055220968032,3.5140119366079157,8.19926221758597,-1.0036202857374195,6.248075822255628,2.339608827119288,11.236967496911607,15.002466669918624,0.9475161508981709,-1.3485680698604745,6.239042123800223,-14.570872868739709,12.350749649973055,-2.846133886945334,-5.520174917790649,4.287259074209292,-3.318768407452135,-19.46207355875875,16.06138419675087,-5.122014880160269,-4.397547641101733,0.2886639400193278,-28.421073882441625,-27.287872655866206,-1.897713057685091,-2.7887068396801804,-45.550746495070484,10.626267824056589,12.450491420858476,-1.1874170508706174,-30.56830170513121,7.905246981816469,52.044622311342366,41.06538269578258,-16.700116721600413,16.135036005445873,-27.632267672665,-31.702109511327077,-82.53332986016663,31.024989267855023,-71.76482876856765,15.994935422038763,50.49820676228468,32.73800391114193,31.570582599788498,-137.8869160288441,-22.022363368783637,-118.2733752265049,-31.01074401491579,35.29380432879221,-14.764248843750899,234.2358096544989,-203.94983196369017,228.90038081965608,-536.4353887720512,-234.90251887693663,1658.7453318895018,-215.90444477494674,395.52414391824453,820.5984824789897,-679.9229459826853,2131.194701481354,663.8121290345302,2556.6884370363264,4074.735000226461,-1340.7527781481938,13430.654367848952,547.0355203564322,367.80359072757307,-351.9751697029664,-1097.2279798158056
8.095614428405812,-1.8482190433297276,4.5848662488756755,7.6859139951848645,-5.612564723353329,3.89948529783621,-3.1714266152593664,0.4908263565859637,-4.0346612796905585,0.7916705412788427,-0.8949493049905421,5.886087315658545,3.856300285811397,0.9689855937121914,7.675630897484642,17.22160412262039,-6.945280352648808,-0.12597740646798025,10.467260172858387,-16.544880306878877,16.725383063718763,-4.9019076617928725,-8.237759201274267,5.646557617229581,-0.8469746459756244,-16.719568067583126,23.6309551158871,-2.29572778981071,-13.7498114453211,-0.28448104377091826,-24.66814326556074,-29.837296922620684,-1.1399704078304735,-3.9909472796212393,-48.70306464964848,12.022274991000042,18.49474931320187,12.533445320199537,-34.82230646995318,-3.286238709598639,55.845014675284226,42.32444519143871,4.293941295400751,16.05891567796535,-25.63581744352499,-55.975393713038486,-79.77481478380875,48.56724409868265,-56.346804584366694,15.576501375468306,47.58893658834655,11.337663404337395,12.73802458037892,-156.80814617215952,-22.09290033200362,-147.4223400438875,-49.83579373565552,40.64552789401932,-23.44011849379236,266.8588102876326,-237.62540977873897,259.9893223504844,-607.7222398565169,-248.1000747363824,1869.429921442225,-291.95899416062207,457.9487881370849,933.4965787458076,-731.6595185528271,2366.246265792482,739.1320984147266,2878.42637458644,4494.029750925294,-1602.4533114128224,15039.489400390363,461.44167140738045,408.4016293071937,-405.5403991630888,-1278.0733390465602
7.921197712560625,-2.528080182356343,5.208217437178124,6.9619572299947885,-5.163429447656188,0.8063031325820238,0.19771505988883567,2.1358747365409605,-2.2410975452416038,3.299447785108443,5.024135727425483,0.16970296711685023,4.454092545898968,0.4583838644253936,11.280421927460832,16.438264548285456,-2.52575841847944,-2.245291574330398,10.443408349088259,-14.806701760131718,11.545835585861816,-9.945244303035846,-9.69957807414873,6.077599659051544,-1.7272527325969727,-17.617887641865,21.910056657730006,-5.351822369227362,-11.630966537075139,1.7786921948668208,-23.8881697022316,-30.508807541386364,-3.903810396425199,-3.9704713766945825,-49.05049232265417,13.943628546660873,13.224483374333154,7.100397379350625,-35.63231070891701,1.7257136566315883,61.31077371379313,43.228007727643245,-1.860192675203947,11.29600904034539,-27.29545919083936,-48.069842827190904,-80.15880331312034,45.500763395262936,-65.80285153838737,15.077017883747793,44.75223472754593,17.066243945150397,22.7423366206756,-153.54814313863807,-29.94481737184442,-149.7648019490708,-41.737732566035945,39.825270970611804,-35.09019718826126,270.80540870380156,-225.24816073479698,242.72179870447468,-607.326735161811,-253.847880454562,1869.20139771904,-250.3908034351943,457.1125858837262,939.1679608750773,-733.0546344466212,2467.165990886642,747.1747325271928,2928.0568636926982,4727.229991162053,-1550.067707763718,15760.387027203236,737.6312679075754,421.2559620157304,-413.3616008405607,-1263.157728179921
7.862309392302943,-2.7175098316315776,5.168463318720027,5.835617470244782,-6.0778322639691735,0.9888495003195735,2.984160478343604,0.26947185086718234,-4.015850083967668,0.6914706561729512,5.519451662705596,-0.16485039800453707,4.087384502017199,1.5916090027868166,9.64558948857765,17.754076042255285,-2.8519443063946883,-1.2293599611351032,11.351973105556562,-15.377079814638542,9.707156856327648,-11.600908510178064,-10.95412464195847,6.789503733551792,1.1206116097533456,-17.698855772827017,25.063465670542694,-4.440985487902223,-11.747354317811576,6.558671784653414,-24.09282569832746,-30.02332659938665,-3.307358022069615,-3.940830090624293,-49.200081089023435,9.569030930732207,16.326950894687997,10.115492391269223,-38.98884338700611,-4.7102168667785005,60.58369290767388,44.32586902083035,6.367901449732854,7.194978414107336,-25.722037569876925,-53.99446251660854,-71.75743970900741,46.268657678429754,-57.31673199600483,11.229880449435774,35.421908869896214,10.28095940577885,30.82970390049548,-144.9207558139687,-53.61955401498841,-167.1577711883365,-38.58091882591822,40.06554324995798,-51.52472719472539,268.69063366972154,-213.74387677149963,250.6689583430494,-602.6070448888519,-279.7894716244797,1871.0819118871311,-213.77698859951371,467.03545638050434,943.8857129079673,-735.3208837891866,2571.7477152295946,747.8261439641967,2984.4580034429323,5005.42629828676,-1502.3914130544322,16547.061985709057,1007.8672974331056,432.09044037408745,-426.80465769989263,-1246.8133018776873
8.21558047939725,-2.4369009834812263,4.7671931531981775,6.414152068923547,-5.863967331293365,1.5840837446936091,0.8405175991981202,-0.932134655605437,-4.9967514671420785,-0.8384455240679697,2.852679988431614,2.21043247945627,4.487106947666595,3.710287521196286,9.472641351618167,17.505653579485237,-4.64455675463818,0.735403957476796,13.441528700956809,-16.68580698546647,9.362368851592283,-8.742722704096355,-13.705432554491688,5.3497982911545074,5.733424962479208,-20.69818145491972,27.24263586736606,-3.538250097927085,-11.373179488200932,7.91206044520258,-24.41350831746285,-33.114763494512786,-4.291454224471373,-3.324093720208716,-49.712289609166945,7.5411130170532905,19.619561108919434,10.651480186372982,-39.641572443665694,-2.920056174539445,58.71047535141723,40.71261575825044,18.19074233453478,-0.24702168094614085,-24.582973277690233,-65.51499539479711,-61.878868213754465,48.16366087168048,-54.25307366150391,15.944491943333908,31.44996064825459,3.311616647544091,50.42315869900627,-142.05430196822564,-101.72986333082115,-171.062574592778,-38.3400964245036,35.516450399870244,-56.57389575090247,267.00409473040565,-208.94650289409591,258.6011475442658,-643.816021531078,-306.5104609695703,1980.257887223449,-227.0557170674097,495.81193039930815,999.1855762661753,-754.7504705779392,2755.9991776160414,815.8015997517011,3199.451431457242,5401.94376305632,-1611.3591740014858,17922.654155594326,1132.2196409165545,460.22375930518314,-463.32857419715936,-1323.50245090488
8.077961186850903,-2.8596424416084427,5.332762049727717,5.189271061102021,-4.96058646395731,2.3448379416952005,-0.6227460977852465,0.9814440825061946,-2.0869643291192523,1.8289025442433717,6.405892463493043,-1.5692994009243093,5.202394160786406,2.028233780635306,10.151850127760788,14.971017090098549,-4.325373087084549,0.09736806129575541,12.299130537829884,-20.525104327728897,11.851586466723973,-3.9638968224606903,-11.887926637602066,4.515435804029997,4.910560877621898,-20.335632793288276,28.19710199386248,-3.09874450798839,-5.906666653612377,7.564146944804462,-25.383123227425777,-33.17461618177602,-6.234629623621829,1.2150659087394349,-47.11159976894357,7.3561674425680454,17.860725913823053,11.21146256036271,-38.055574545165605,11.940230644421181,57.84939275110789,41.23761860931901,18.760519105649873,-0.35384765709404636,-22.397174909982237,-51.5632360030003,-67.90199725713511,46.31541972597874,-47.811628825834404,3.6483165827733486,20.360568183881856,-13.503304435931014,50.93614491449882,-138.0385415246846,-105.23126532725709,-184.66943318213495,-39.79429247398262,28.754442705313338,-73.63278043824921,267.4064881411811,-200.32922301797896,264.4624823404731,-644.8948859929595,-334.1805396985009,1979.7361843266083,-184.60944426273895,495.97706116344955,1005.1539899528433,-768.6756565813637,2849.622185054851,804.5494634671877,3236.1085197102216,5630.660525302145,-1526.42820378926,18632.89967664772,1442.0022515452645,477.20679140112753,-469.2152951891607,-1297.0959700396254
8.211166224270086,-3.2022179124665846,5.988621834669589,5.638186200603465,-3.194637048139431,2.7002243448482437,-0.21848114394069482,-0.7080075743735003,-2.1702531954488054,-2.591762251439798,2.7785028212782823,1.1516100046554318,2.4686279303902716,3.5819954045131555,3.446653337933101,16.11483482528408,-3.624951524273287,-1.801704235612445,12.287802179890926,-22.9311004861356,16.235244527888717,-8.23815690620622,-8.051068253954098,10.265268086267335,3.0497474728505174,-18.208777020335503,27.543402694255224,-7.264259301814015,-2.6333178084117623,12.11309141293344,-29.27439364742567,-21.879546376260098,-12.063241093597217,1.9019543006217594,-55.66202878584559,-3.205167756650845,17.650022219631825,30.1616702006125,-50.682895639963846,-12.456968864657176,48.73623846833867,40.21648591053853,41.95520136878677,15.96478977175648,-8.274846701871931,-89.83395148649787,-67.72862114076395,67.24106972310925,-38.01566879770393,7.856780117184226,31.41340936902835,-15.293558701445193,40.98552487406399,-152.46971803867967,-86.21492245059808,-178.98381830470117,-62.82690761727375,24.38901130464987,-48.731197146216495,316.7665956334091,-229.10810811029498,265.4598544608826,-680.3509505394165,-347.81503010434665,2084.522776135338,-206.39674289329258,529.6337630995798,1057.5516139481986,-796.07369856567,3025.2325947354275,873.786465208657,3425.022577329423,6060.241320122391,-1599.718952484328,20048.18786261232,1621.9295035163968,504.0227046544939,-504.88492075693375,-1373.599570226838
8.860277056223955,-2.6648373749639473,5.2771887696537005,7.643753581702482,-3.987066054948023,2.938793265098159,0.33429099781463384,-0.8265780026520785,-1.7924218119112671,-1.651441583085581,-1.5231002444219155,4.016804899674378,2.796270284019672,4.883221594517486,5.1302229168145885,18.188411729764287,-7.44736097134894,0.43460272495307084,15.679917008761652,-22.720127559145357,17.751123985426304,-12.271369974685944,-11.99879226185853,10.666499714583798,5.604019124793352,-20.75731009979811,31.004222924074217,-7.714573971295283,-10.573688916615119,10.6181700672024,-27.9638925093876,-25.705629301249694,-8.27523973119824,5.098824395771048,-61.48632206334209,-0.1631412330703997,24.381186016680566,30.291428945081865,-54.99030561521863,-14.863792886087898,50.8361508812847,42.33178983119389,46.09059479067394,14.715478391029665,-16.2170112478758,-100.8976117839572,-71.55291706320293,68.85991763450927,-42.63390064714044,6.770485378888395,32.99833716756568,-21.45115429300691,35.4081916111323,-168.5567997320669,-93.77239237703884,-194.0812391883565,-72.60456227955288,34.78516202525649,-49.71979460001749,338.5392100326414,-250.53364987674775,275.3679695682058,-746.8815716655868,-358.35735525907586,2301.044738599138,-272.396810333098,601.6031182349017,1183.010524465973,-856.5846643953258,3321.893187640987,992.4204977456719,3803.7000432650684,6621.7675273078175,-1872.2110669690835,22215.059723873816,1673.4993575385927,559.9682737376468,-565.6080100139128,-1565.7621111911253
8.678097282976472,-3.3858366641360145,5.7208238496839625,6.977689073241925,-3.0360273006570653,-0.6968917921028727,0.6239806821784246,0.35400428414870033,-1.5982707361894686,-0.2613631113146615,4.5696723374593216,-2.9756921585345726,6.196614772202463,2.813549550726953,8.928959695043705,16.22348556707635,-3.5369664372463263,-1.1489276825483195,13.28489969292384,-23.831942502242754,9.430181649406878,-15.170408480505866,-13.59811808975949,8.443970600857671,5.998943761371657,-20.91683891159475,28.689443083554654,-9.918897957151918,-6.809705684966498,10.233638949203359,-26.19983674205465,-31.403541706530923,-10.870012036715618,8.978362155471595,-60.01231858244059,3.553154552069462,20.038264273096992,27.11149122945907,-51.782298326579436,-1.6084709901319754,45.386281430838935,43.16904672768143,34.202954945568834,7.599687763340603,-19.702057572790565,-89.33716533455402,-75.89822309062195,54.71153456920679,-51.43249632911953,3.0444826383844763,23.097438424206917,-20.260232572787427,57.168910349528126,-158.14229665221112,-123.12655129377127,-189.08944987161559,-67.25936722506005,30.924596005425446,-62.87581055727923,334.41274301805987,-222.17370205999904,260.8774698711134,-745.6646511727166,-380.6523440788668,2308.240652917989,-223.00856750789265,596.1017406046753,1197.4169324197185,-859.9600011035527,3439.841298626164,1014.1902212068112,3861.4364288503907,6914.022212536974,-1789.4742689953373,23188.995886690558,2043.1917188514476,575.1692638984331,-575.1419565565444,-1538.5172020505686
